

CREATE TABLE IF NOT EXISTS `atualizacao_fluxo` (
  `horario` datetime NOT NULL
) ENGINE=MyISAM DEFAULT CHARSET=utf8;

--
-- Extraindo dados da tabela `atualizacao_fluxo`
--

INSERT INTO `atualizacao_fluxo` (`horario`) VALUES
('2014-01-02 07:48:01'),
('2014-01-02 07:48:01');

-- --------------------------------------------------------

--
-- Estrutura da tabela `bairros`
--

CREATE TABLE IF NOT EXISTS `bairros` (
  `id` int(11) NOT NULL,
  `bairro` varchar(45) NOT NULL,
  `rotas_id` int(11) NOT NULL
) ENGINE=MyISAM AUTO_INCREMENT=27 DEFAULT CHARSET=latin1;

--
-- Extraindo dados da tabela `bairros`
--

INSERT INTO `bairros` (`id`, `bairro`, `rotas_id`) VALUES
(14, '0 - VEM BUSCAR', 8),
(19, '2 - PAMPULHA', 2),
(20, '1 - VIZINHANÇA', 1),
(21, '3 - CENTRO', 3),
(22, '4 - ITABIRITO', 4),
(23, '5 - CIDADE INDUSTRIAL', 5),
(24, '6 - BETIM ', 6),
(25, '7 - RIBEIRAO DAS NEVES', 7),
(26, '*SEM IDENTIFICAÇAO ', 9);

-- --------------------------------------------------------

--
-- Estrutura da tabela `categoria`
--

CREATE TABLE IF NOT EXISTS `categoria` (
  `id` int(11) NOT NULL,
  `categoria` varchar(45) NOT NULL
) ENGINE=MyISAM AUTO_INCREMENT=7 DEFAULT CHARSET=latin1;

--
-- Extraindo dados da tabela `categoria`
--

INSERT INTO `categoria` (`id`, `categoria`) VALUES
(1, 'UNIFORMES'),
(2, 'BOTINAS'),
(3, 'PLASTICOS'),
(4, 'COUROS'),
(5, 'OUTROS'),
(6, 'LUVAS');

-- --------------------------------------------------------

--
-- Estrutura da tabela `chm_chamado`
--

CREATE TABLE IF NOT EXISTS `chm_chamado` (
  `id` int(11) NOT NULL,
  `sistema` int(11) NOT NULL,
  `data_criacao` date NOT NULL,
  `assunto` varchar(2455) NOT NULL,
  `descricao` text NOT NULL,
  `status` int(11) NOT NULL,
  `pendente_com` int(11) NOT NULL,
  `horas` int(11) DEFAULT NULL,
  `pg` int(11) DEFAULT NULL,
  `obs` text,
  `prioridade` int(11) DEFAULT NULL,
  `tipo` int(11) NOT NULL
) ENGINE=InnoDB AUTO_INCREMENT=43 DEFAULT CHARSET=latin1;

--
-- Extraindo dados da tabela `chm_chamado`
--

INSERT INTO `chm_chamado` (`id`, `sistema`, `data_criacao`, `assunto`, `descricao`, `status`, `pendente_com`, `horas`, `pg`, `obs`, `prioridade`, `tipo`) VALUES
(1, 5, '2015-09-12', 'SISTEMA DE PONTO', 'Desenvolvimento Sistema de Ponto', 2, 1, 0, 0, '', 1, 2),
(2, 2, '2015-09-12', 'PEDIDO', 'NA INCLUSÃO DO PEDIDO, MOSTRAR O AVIAMENTO VINCULADO E ABRIR PARA DIGITAÇÃO DE \r\n"QUANTIDADE", COR E CÓDIGO DO AVIAMENTO.', 5, 1, 0, 0, '', 3, 2),
(3, 2, '2015-09-12', 'RELATÓRIO FACÇÃO', 'LISTAR CAMPOS A PARTIR DO FLUXO\r\nBUSCAR DADOS DO PEDIDO\r\nLISTAR DADOS DA ETAPA, DO RETORNO E DO STATUS\r\n', 5, 1, 0, 0, '', 3, 2),
(4, 2, '2015-09-12', 'COLOCAR UNIDADE DE MEDIDA', 'COLOCAR UNIDADE DE MEDIDA P/ PROPORÇÃO\r\nNAS TELAS E RELATÓRIOS ELA APARECE SE EXISTIR', 2, 1, 0, 0, '', 2, 2),
(5, 2, '2015-09-12', 'CADASTRO DE TIPO DE AVIAMENTO', 'CRIAR UM CADASTRO DE TIPO DE AVIAMENTO', 5, 1, 0, 0, '', 3, 2),
(6, 2, '2015-09-12', 'CADASTRO DE AVIAMENTO', 'NO CADASTRO DE AVIAMENTO INCLUIR COR E CÓDIGO', 5, 1, 0, 0, '', 3, 2),
(7, 2, '2015-09-12', 'CADASTROS DE PARTES E ACRÉSCIMOS', 'NOS CADASTROS DE PARTES E ACRÉSCIMOS INCLUIR CAMPO AVIAMENTO', 5, 1, 0, 0, '', 3, 2),
(8, 2, '2015-09-12', 'ERRO RELATÓRIO', 'Quando a gente pede o relatório por facção sai o pedido inteiro e não só os itens que foram destinados àquela facção.', 6, 1, 0, 0, '', 3, 1),
(9, 2, '2015-09-12', 'ORDENAR RELATÓRIO POR DATA', 'No SV o relatório de entradas ordena a data só pelo dia e não pela data.', 5, 1, 0, 0, '', 3, 1),
(10, 2, '2015-09-12', 'RELATÓRIO FACÇÃO', 'TEM COMO VOCÊ DISPONIBILIZAR PRA MIM OUTRO RELATÓRIO IGUALZINHO AQUELE DO FLUXO?\r\nSÓ QUE SERIA DO QUE ESTIVER CONCLUÍDO, PARA EU MARCAR O QUE EU TENHO QUE ACERTAR COM AS FACÇÕES.\r\nINCLUSIVE A POSSIBILIDADE DE ORDENAÇÕES COMO JÁ TEM.', 6, 1, 0, 0, '', 3, 2),
(11, 2, '2015-09-12', 'ALTERAÇÕES NOS ANDAMENTOS', 'ALTERAÇÕES NOS ANDAMENTOS:\r\n -Mudança de nome das etapas do andamento 3 p/ silk parte e bordado parte\r\n\r\nMais 3 andamentos após o andamento 4:\r\num para conferência e etapa extra 1 \r\num para silk peça e bordado peça \r\num para botão posterior e etapa extra 2', 5, 1, 0, 0, '', 3, 2),
(12, 2, '2015-09-12', 'PLANEJAMENTO', 'Salvar a data gerada no start do fluxo na opção "lançar" num campo, vinculado ao pedido, podendo ser consultado, editado e recalculado\r\n  Toda vez que a data da previsão nos andamentos ficar maior que a data planejada, a quantidade nos andamentos e no fluxo de quantidades ficará vermelha', 5, 1, 0, 0, '', 3, 2),
(13, 2, '2015-09-12', 'PREVISÃO ESPECIAL', 'Previsão especial para\r\n  arte, modelagem, matéria prima, silk parte e bordado parte, etapas extra 1 e 2, botão posterior \r\n  cujos processos são paralelos, às vezes diferentes de envio e retorno e a quantidade pode ou não entrar na conta.', 6, 1, 0, 0, '', 1, 2),
(14, 2, '2015-09-12', 'CONTROLE DE ESTOQUE', 'O estoque terá almoxarifados diferentes. O da Segura e os das Facções.\r\n  Toda compra será lançada na Segura. Da Segura só haverá saida para as facções\r\n  Toda saída da Segura vai gerar uma entrada em uma facção. Todo pedido gerará saída das facções.\r\n  Para Cadastro e lançamentos devemos listar para escolher o grupo de produtos (tecidos e aviamentos) e depois os produtos de cada grupo e, daí, destinar o lançamento ao almoxarifado\r\n  Farei 1º em planilha e depois precisaremos conversar.', 2, 1, 0, 0, '', 3, 2),
(15, 2, '2015-09-12', 'CUSTO DE CADA PEDIDO', 'Com base no consumo, preços no estoque da Segura e outros custos cadastrados como impostos, rateio e etc, teremos um relatório do custo por pedido', 2, 1, 0, 0, '', 2, 2),
(16, 2, '2015-09-12', 'OPÇÃO DE TAMANHO', 'Especial, 0,1,2,3,4,5,6,7,P,M.G,GG,XG,EXG,EXGG,36,38,40,42,44,46,48,50,52,54,56,58,60,62\r\nObs: desistir da equivalência', 5, 1, 0, 0, '', 1, 2),
(17, 2, '2015-09-12', 'CADASTRO TECIDO', 'ALTERAR CADASTRO TECIDO (COLOCAR PROPORÇÃO DE CONVERSÃO DE KG P/ MT)', 5, 1, 0, 0, '', 3, 2),
(18, 2, '2015-09-12', 'TELA ESTOQUE', 'AÇÃO: EXCLUIR\r\nMOSTRAR UNIDADE TECIDO E AVIAMENTO\r\nMOSTRAR CONVERTIDO', 2, 1, 0, 0, '', 3, 1),
(19, 2, '2015-09-12', 'ERRO TELA DE RELATÓRIO', 'ERRO MUDANÇA DE TELA PARA RELATÓRIO', 5, 1, 0, 0, '', 3, 1),
(20, 2, '2015-09-12', 'RELATÓRIOS ESTOQUE', '-CRIAR RELATÓRIO DE SALDOS TEC E AVIAM\r\n-MOSTRAR SAÍDAS NO RELATÓRIO DE MOVIMENTO (existente)\r\n-BOTÃO "BAIXAR ESTOQUE" NO RELATÓRIO DE MP\r\n-ORDENAR OS RELATÓRIOS DE ESTOQUEI CLICANDO NOS TÍTULOS', 2, 1, 0, 0, '', 3, 2),
(21, 2, '2015-09-12', 'RELATÓRIO MP', '-CALCULAR KG QDO O TECIDO TIVER FATOR DE CONVERSÃO\r\n-TITULO COLUNA RETIRA MP DEVE SER RETIRA AV\r\n-COLOCAR COLUNA DE OBS JUNTO C/ QTD MARGEADAS DE LINHA GROSSA\r\n-CONSTAR TECIDO DIFERENTE PARA PARTES\r\n-CONSERTAR O TÍTULO DO RELATÓRIO IMPRESSO E NA TELA (está vindo com o título PEDIDO)', 2, 1, 0, 0, '', 2, 2),
(22, 2, '2015-09-12', 'FLUXO', 'alterar start e lç manual dos envios pra facções no fluxo para constar modelo, tecido, cor e código\r\nPARA CONSULTAR A FACÇÃO DE ONDE A MP VAI SER BAIXADA.', 5, 1, 0, 0, '', 2, 2),
(23, 2, '2015-09-12', 'VERSÃO 2.0', 'Separar o sistema em versões 1.0 e 2.0 para manter pedidos antigos.', 5, 1, 0, 0, '', 3, 2),
(24, 2, '2015-09-30', 'MAIS DE UM AVIAMENTO PARA CADA PARTE OU ACRÉSCIMO', 'DISPONIBILIZAR EM:\r\nNO CADASTRO DE PARTES, ACRÉSCIMOS E AVIAMENTOS\r\n', 5, 1, 0, 0, '', 3, 2),
(25, 2, '2015-10-01', 'INSERIR OPÇÃO DE PESQUISA POR PRODUTO', 'INSERIR OPÇÃO DE PESQUISA POR PRODUTO NO RELATÓRIO DE ENTRADAS\r\nINSERIR OPÇÃO DE PESQUISA POR "MODELO" NA INCLUSÃO DO PEDIDO\r\nISTO É, QUANDO INCLUO UM PRODUTO, SALVAR CONFIGURAÇÃO DO PRODUTO (MODELO Nº :_____ )\r\nQUANDO DA INCLUSÃO DE UM NOVO PEDIDO, CONSULTAR MODELOS E PERGUNTAR SE QUER IMPORTAR AS CONFIGURAÇÕES DO PRODUTO inclusive partes, acréscimos e aviamentos - numeração não -(para ganhar tempo de digitação, manter um padrão e evitar erros)', 5, 1, 0, 0, '', 3, 2),
(26, 2, '2015-10-06', 'INSERIR DATA ÚLTIMO COMENTÁRIO', 'INSERIR DATA DO ÚLTIMO COMENTÁRIO E OPÇÃO PARA ORDERNAR.', 5, 1, 0, 0, '', 3, 2),
(27, 2, '2015-10-21', 'RELATÓRIO FACÇÃO', '-INSERIR FILTRO PARA LISTAR OS ANDAMENTOS POR AÇÃO:SÓ ENVIO, SÓ RETORNO OU TUDO;\r\n-INSERIR BOTÃO IMPRIMIR', 5, 1, 0, 0, '', 3, 2),
(28, 2, '2015-10-24', 'ordenar fluxo por data', 'está ordenando por dia, deve ser por mês+dia', 5, 1, 0, 0, '', 3, 1),
(29, 2, '2015-10-28', 'ATUALIZAÇÃO FLUXO', '- APÓS EDITAR e excluir um lançamento em alguma etapa após cost/botão, VOLTAR PARA O MESMO ANDAMENTO QUE ESTÁVAMOS MEXENDO (está voltando p/ cost/botão)\r\n- QUANDO DERMOS O START, O SISTEMA DEVE LANÇAR AS FACÇÕES PARA EMBALAGEM COMO "SEGURA" E ENTREGA COMO "CLIENTE"\r\n- INCLUIR EM RECALCULAR UM CAMPO PARA ESCOLHA DO PRAZO (tem variado muito e o prazo fixo de 2 dias tá ficando muito furado)\r\n', 5, 1, 0, 0, '', 3, 1),
(30, 2, '2015-11-07', 'COPIAR PEDIDOS', 'COPIAR OS 7 ÚLTIMOS PEDIDOS DA ETAL PARA 7 NOVOS PEDIDOS.', 5, 1, 0, 0, '', 3, 3),
(31, 2, '2015-11-18', 'VENDEDOR NO CADASTRO DO CLIENTE', 'vendedor no cadastro do cliente, aparecer na inclusão do pedido.', 5, 1, 0, 0, '', 2, 2),
(32, 2, '2015-11-20', 'ATUALIZAÇÃO FLUXO/ LANÇAR LOTE', '- dentro da guia do fluxo criar LANÇAR LOTE \r\nEste botão abrirá opções de escolha de em quais PEDIDOS e em quais de suas ETAPAS queremos fazer lançamentos em lotes\r\nEm seguida abre as 3 opções abaixo: \r\nSM- com a mesma data "do pedido", tudo em branco e o status concluído\r\nENVIOS- abrir calendário para escolha da data de envio daquelas etapas, listar FACÇÕES para escolher e lançar com as quantidades originais do pedido\r\nRETORNOS-pede prazo "após envio" e lança com as mesmas quantidades e facções "dos envios", marca como CONCLUÍDOS os respectivos envios e estes retornos.\r\n', 5, 1, 0, 0, '', 3, 2),
(33, 2, '2015-12-06', 'COPIAR PEDIDOS ETAL', 'COPIAR OS 8 ÚLTIMOS PEDIDOS DA ETAL NO MÊS DE DEZEMBRO.', 5, 1, 0, 0, '', 3, 3),
(34, 2, '2015-12-22', 'OBSERVAÇÃO DO PRODUTO NA ALTERAÇÃO', 'Aparecer observação no produto na alteração.\r\nna listagem de consulta dar opção de escolher o índice.\r\nImprimir sem valor para expedição e todas as facções. (relatório de facções não está atendendo)', 2, 1, 0, 0, '', 3, 1),
(35, 2, '2015-12-22', 'erros de telas diversas', 'o menu de cadastro não sobrepõe a tela do fluxo\r\n', 5, 1, 0, 0, '', 3, 1),
(36, 2, '2015-12-22', 'MIGRAR PEDIDOS DA VERSÃO 1.0', 'MIGRAR PEDIDOS DA VERSÃO 1.0 PARA A VERSÃO 2.0', 5, 1, 0, 0, '', 3, 3),
(37, 2, '2016-01-05', 'VÁRIOS ERRINHOS', 'A MEDIDA QUE FOR USANDO E VERIFICANDO PEQUENOS ERROS VOU ENUMERANDO-OS AQUI E QDO VC CONSERTAR LANCE O COMENTÁRIO "erro nº xx OK"', 3, 1, 0, 0, '', 2, 1),
(38, 2, '2016-01-13', 'RELATÓRIO RESUMO MP', 'Gerar um relatório resumo de consumo de matéria prima que abranja vários pedidos, conforme planilha enviada por e-mail hoje (12/01), incluindo consumo de tecido do produto, partes, acréscimos e aviamentos, com subtotal por item. Os valores referência de consumo são tirados dos cadastros,', 3, 1, 0, 0, '', 3, 2),
(39, 2, '2016-01-19', 'TELA DE FLUXO', 'QDO ROLAR A TELA DO FLUXO NA HORIZONTAL, ROLAR TB O CABEÇALHO, PQ OS DADOS ESTÃO FICANDO DESALINHADOS E CONFUNDE A LEITURA PARA DIGITAR AS OBS DO DIA.', 1, 1, 0, 0, '', 2, 1),
(40, 2, '2016-01-27', 'EDITAR PEDIDO', 'o esquema da alteração está realmente dando muito errado, fomos alterar um da Geraes e sumiu tudo. então, o correto é se a pessoa não clicar em incluir, permanece o que estava antes.', 5, 1, 0, 0, '', 3, 1),
(41, 2, '2016-02-04', 'TABELA PREÇOS FACÇÕES', 'CRIAR TABELA DE PREÇOS DAS FACÇÕES PARA CALCULARMOS OS PAGAMENTOS ÀS FACÇÕES, COM OS SEGUINTES DADOS:  FACÇÃO, PRODUTO, TECIDO, PARTE, ACRÉSCIMO, VALOR UNITÁRIO // DEPOIS NO RELATÓRIO POR FACÇÃO LANÇAR O PREÇO UNITÁRIO DA PEÇA E O TOTAL DAQUELE ITEM COM SOMATÓRIA NO FINAL', 1, 1, 0, 0, '', 2, 3),
(42, 2, '2016-02-13', 'Alterações Fluxo', '01-no relatório por facção, na parte do FLUXO, precisa constar: TECIDO E COR // OBS DO PRODUTO // PARTE // ACRÉSCIMO.\r\n\r\n02-no fluxo a data do pedido pode vir descrita dia/mês, mas continuar ordenada mês/dia?\r\n\r\n03-no fluxo, entre entrega e obs, tem como constar data,facção, ação e etapa (nesta ordem), relativas apenas às etapas onde houver quantidade? (pode retirar a coluna L) . E precisa ser em colunas separadas pra ter opção de ordenar por facção+cliente ou data \r\n\r\n04-tem como abrir opção pra mostrar o fluxo geral, por facção ou por cliente? E colocar totais no fim do fluxo? de peças \r\n', 3, 1, 0, 0, '', 3, 2);

-- --------------------------------------------------------

--
-- Estrutura da tabela `chm_historico`
--

CREATE TABLE IF NOT EXISTS `chm_historico` (
  `id` int(11) NOT NULL,
  `descricao` text NOT NULL,
  `data` datetime NOT NULL,
  `id_chamado` int(11) NOT NULL
) ENGINE=InnoDB AUTO_INCREMENT=288 DEFAULT CHARSET=latin1;

--
-- Extraindo dados da tabela `chm_historico`
--

INSERT INTO `chm_historico` (`id`, `descricao`, `data`, `id_chamado`) VALUES
(1, 'Testar', '2015-09-12 10:27:50', 3),
(2, 'O relatório está correto, foi corrigido os lançamentos errados do fluxo', '2015-09-12 10:38:31', 8),
(3, 'Testar', '2015-09-12 10:39:36', 9),
(4, 'O mesmo do chamado 0003', '2015-09-12 10:41:22', 10),
(5, 'Incluídos os andamentos', '2015-09-12 10:43:21', 11),
(6, 'Incluídos', '2015-09-12 10:44:40', 12),
(8, 'Não lembra o que era pra fazer.', '2015-09-12 10:49:13', 13),
(9, 'Testar', '2015-09-12 10:50:47', 5),
(10, 'Testar', '2015-09-12 10:51:04', 6),
(11, 'Testar', '2015-09-12 11:02:19', 17),
(12, 'Testar', '2015-09-12 11:08:54', 7),
(13, 'Feito', '2015-09-12 11:22:20', 23),
(14, 'TESTADO EM 10/09/15\r\nAGUARDANDO ALTERAÇÃO PARA SELECIONAR O PRODUTO ESPECÍFICO (tipo, camisa polo malha piquet azul marinho, ao invés de só camisa polo)', '2015-09-14 16:51:23', 3),
(15, 'ao listar os pedidos para selecionarmos, constar o status do "PEDIDO" (se já está concluido ou em andamento)', '2015-09-14 17:08:16', 3),
(16, 'Incluído. \r\nA ALTERAÇÃO PARA SELECIONAR O PRODUTO ESPECÍFICO será apenas na versão 2.0', '2015-09-15 20:01:40', 3),
(17, 'aguardando versão 2.0\r\ntestado em 16/09 status do pedido ok\r\n', '2015-09-16 22:26:25', 3),
(18, 'testei OK', '2015-09-16 22:37:51', 2),
(19, 'TESTADO: OK', '2015-09-16 22:40:30', 5),
(20, 'TESTADO: OK', '2015-09-16 22:41:53', 6),
(21, 'TESTADO:OK', '2015-09-16 22:47:42', 7),
(22, 'TESTADO: OK', '2015-09-16 22:49:05', 9),
(23, 'TESTADO:OK\r\nCONSIGO INCLUIR O VR DE REFERÊNCIA DA PROPORÇÃO NO CADASTRO DO TECIDO\r\nAGUARDANDO A CONVERSÃO NO RELATÓRIO DE MP', '2015-09-16 22:51:05', 17),
(24, 'Ok. Alterei o status para concluído, pois a alteração de selecionar produto específico já está no chamado 0022.', '2015-09-17 08:23:16', 3),
(25, 'Falta concluir na alteração do pedido e mostrar na tela de impressão.', '2015-09-17 17:19:44', 2),
(26, 'Testar inclusão, edição e exclusão de produtos/itens do pedido.', '2015-09-26 11:56:01', 2),
(27, 'Testar', '2015-09-26 14:47:10', 22),
(28, 'TESTEI UMA INCLUSÃO E UMA ALTERAÇÃO DE ACRÉSCIMO PARA  VINCULAR O AVIAMENTO E NÃO DEU CERTO\r\nNÃO ABRE O CADASTRO DO AVIAMENTOS, SALVA ASSIM MESMO E DÁ ERRO\r\nVEJA O ERRO ABAIXO\r\n\r\nA PHP Error was encountered\r\n\r\nSeverity: Warning\r\n\r\nMessage: Invalid argument supplied for foreach()\r\n\r\nFilename: controllers/pedidos.php\r\n\r\nLine Number: 3053\r\n\r\nItens Produto Atual\r\nQuantidade	Acréscimos	Item	Aviamento	Tecido	Obs	\r\n1	Fx Refl	CORPO	av			\r\n\r\nQuantidade	Tamanho	Obs	\r\n5	P - 36/38 - 01	\r\n13	M - 40/42 - 02	\r\n28	G - 44/46 - 03	\r\n13	GG - 48/50 - 04	\r\n2	XG - 52/54 - 05	\r\nProdutos Incluidos\r\n VOLTAR  EDITAR', '2015-09-28 12:21:13', 2),
(29, 'NÃO CONSEGUI INCLUIR AVIAMENTO, SÓ APARECE BOTÃO 22 E DIZ QUE NÃO ESTÁ CADASTRADO', '2015-09-28 12:27:36', 22),
(30, 'Faltou uma publicação, tentar de novo por favor.', '2015-09-29 12:09:38', 22),
(31, 'Faltou uma publicação, tentar de novo por favor.', '2015-09-29 12:09:47', 2),
(32, 'ERRO AO INCLUIR E ALTERAR AVIAMENTO NO PEDIDO, QUANDO LANÇA UM ALTERA TODOS', '2015-09-30 22:31:12', 2),
(33, 'permitir mais de um aviamento para cada parte ou acréscimo', '2015-10-05 11:55:48', 2),
(34, '"IMPORTAR AS CONFIGURAÇÕES"\r\ntornou-se prioridade alta pq agora já são muitos clientes e estão repetindo muito quase todos os pedidos, então, estamos gastando "muito tempo" para incluir informações que já constam no sistema', '2015-10-05 12:08:53', 25),
(35, 'OK. Assim que o pedido estiver pronto, faço este item. Estou fazendo algumas alterações para agilizar o processo de criação/alteração do pedido como por exemplo listar apenas produtos já cadastrados, assim não vai ficar mostrando aquela mensagem de "produto não cadastrado".', '2015-10-07 09:14:42', 25),
(36, 'Inseri a data, falta ordenar.', '2015-10-07 09:16:38', 26),
(37, 'Testar', '2015-10-14 08:09:57', 26),
(38, 'Testar cadastro de partes e acréscimos.\r\nA inclusão do Pedido está sendo desenvolvido no chamado "0002"', '2015-10-14 08:12:13', 24),
(39, 'Não esquece de limpar o cache do navegador.', '2015-10-14 08:13:33', 24),
(40, 'Não esquece de limpar o cache do navegador.', '2015-10-14 08:13:42', 26),
(41, 'testei hoje, ficou ótimo!\r\ndata último comentário - OK\r\nordenar - OK', '2015-10-18 09:26:53', 26),
(42, 'testei start e recálculo - ok\r\ntestei as inclusões e alterações dos andamentos - ok\r\n\r\nUM ERRO: \r\n-Você importou os pedidos da versão 1?\r\n  Os produtos vieram errados...', '2015-10-18 09:49:38', 22),
(43, 'Não deu certo\r\n- Ao incluir a parte no pedido, ele não lista os tipos de aviamentos cadastrados para aquela parte e nem abre para a digitação da quantidade a ser utilizada naquela parte;\r\n- Ao cadastrar os tipos de aviamentos utilizados em cada parte, ele inclui como texto e não inclui a quantidade de cada aviamento utilizado naquela parte, mas, acho que isto é certo porque a "quantidade" a gente deve definir quando incluímos o "pedido";', '2015-10-18 10:17:50', 24),
(44, 'Os pedidos não serão migrados, apenas os cadastros ativos, pois o vínculo de aviamentos está sendo alterado e também os lançamentos do fluxo. Assim que a criação de pedidos estiver ok, vc passará a criar os pedidos na versão 2, E consultando os pedidos antigos na versão 1 até concluir todos os pedidos da versão 1. Aí vc passará a usar apenas a versão 2.', '2015-10-19 14:19:12', 22),
(45, 'Tratei apenas os cadastros de partes e acrescimos neste chamado, pois a criação de pedido está sendo tratado no chamado 0002.', '2015-10-19 14:21:40', 24),
(46, 'FUTURAMENTE ESTE RELATÓRIO VAI CONSULTAR O CADASTRO DE PREÇOS DAS FACÇÕES E CALCULAR O VALOR A PAGAR', '2015-10-21 22:20:36', 27),
(47, 'Testar.', '2015-10-22 22:32:23', 27),
(48, 'Se quiser pode deixar como padrão ordenado por pedido que dá na mesma de ordenar por data', '2015-10-24 09:19:22', 28),
(49, 'ou melhor, não dá na mesma não, tem que ser por data (ano+mês+dia) mesmo\r\nmas, deve continuar aparecendo na tela só dia e mês mesmo e nesta ordem', '2015-10-24 09:24:52', 28),
(50, 'Neste momento eu sei que não seria migrado, por isso a dúvida, pois, estão aparecendo vários pedidos da versão 1 na 2, porém, de forma distorcida.\r\nMas, eu havia dito que futuramente seria necessário migrar os dados de cadastro, pois, neste intervalo estamos cadastrando várias coisas...\r\nInclusive, antes dessa migração será necessário criar um cadastro de modelos, mas, na ocasião te explico.', '2015-10-24 09:39:12', 22),
(51, 'ok\r\nVamos deixar assim por enquanto e só na versão 1 pra quebrar o galho, porque ainda vamos mexer muito neste relatório, aí o faremos só na 2.', '2015-10-24 09:50:26', 27),
(52, 'ok\r\nentão, TESTEI CADASTROS partes, acréscimos e aviamentos', '2015-10-24 10:11:44', 24),
(53, 'Copiei os pedidos apenas para teste e fui alterando, por isso está distorcido.\r\nO cadastro de modelos será feito apenas na versão 2. Pois assim que terminar a alteração do pedido, vc passará a incluir os pedidos na versão 2, e a versão 1 para consultar o pedidos antigos.', '2015-10-25 11:51:22', 22),
(54, 'Incluí na versão 2 também.', '2015-10-25 11:52:45', 27),
(55, 'Testar.', '2015-10-27 08:02:03', 28),
(56, 'OK', '2015-10-27 16:37:31', 28),
(57, 'vou treinar outra pessoa para trabalhar com o sistema e estes erros geram muita confusão, gostaria que vc disponibilizasse estes acertos junto com a 1ª edição da próxima versão que espero testar e começar a usar semana que vem', '2015-10-28 11:26:53', 29),
(58, 'AO INCLUIR AS PARTES E OS ACRÉSCIMOS A QUANTIDADE DEVE VIR COM O ZERO E O CURSOR JÁ ABRIR NESTE CAMPO P/ DIGITAÇÃO', '2015-10-29 16:33:12', 2),
(59, 'BOTÃO DE EDITAR PARTES E ACRESCIMOS P/ QUANDO ESTIVER INCLUINDO O PEDIDO AINDA', '2015-10-29 16:50:02', 2),
(60, 'PEDIDOS INSERIDOS. OS ÚLTIMOS 7 PEDIDOS DA ETAL SÃO:\r\nV1510195, V1510196, V1510197, V1510198, V1510199, V1510200 E FORAM CRIADOS OS PEDIDOS\r\nV1510220, V1510221, V1510222, V1510223, V1510224, V1510226, V1510227', '2015-11-07 23:09:20', 30),
(61, 'favor alterar todos os números novos para v15"11"\r\ne ficaram 2 v151022  alterar o 1º para v1511"225"\r\n\r\nESTE ERRO NÃO ME DEIXA ALTERAR OUTROS PEDIDOS QUE INCLUÍ DEPOIS\r\n', '2015-11-09 15:21:29', 30),
(62, 'Dê uma olhada nestas alterações e veja se é rápido ou demorado. Se for rápido e vc puder fazer vai adiantar muito o acompanhamento dos pedidos que estão começando agora como estes da Etal.', '2015-11-09 16:23:33', 29),
(63, 'Alterados: V1511220, V1511221, V1511222, V1511223, V1511224, V1511226, V1511227. Precisei excluir um direto no banco, por isso o V1511225 não vai existir.\r\nIsso não interfere nos pedidos criados depois, favor detalhar o erro.\r\n', '2015-11-10 08:12:11', 30),
(64, 'É rápido. Os tres primeiros itens já fiz, o útlimo entendi + ou -, se for lançar lote pra vários pedidos de uma vez, não é legal o botão ficar dentro do pedido. Se quiser, pode me ligar por volta das 12:30.', '2015-11-10 22:12:55', 29),
(65, 'testar', '2015-11-10 22:13:51', 2),
(66, 'Renato, separei este do outro chamado, para explicar melhor', '2015-11-20 17:57:23', 32),
(67, 'quando EXCLUIMOS um lançamento nas etapas posteriores à cost/botão o sistema ainda volta para conf/extra1\r\nquando EXCLUIMOS um lançamento na etapa embalg/entrega o sistema ainda volta para cost/botão ', '2015-11-21 07:34:01', 29),
(68, 'não esta incluindo partes nem acréscimos e nem o pedido', '2015-11-21 07:43:10', 2),
(69, 'NO ESTOQUE DE AVIAMENTOS:\r\n-ESTÁ LISTANDO O TIPO DO AVIAMENTO E NÃO OS AVIAMENTOS (com cor e código) COMO DEVE SER\r\nNA INCLUSÃO DO PEDIDO:\r\n-QUANDO ADICIONAMOS O AVIAMENTO, O SISTEMA NÃO ESTÁ INCLUINDO A PARTE\r\n-QUANDO INCLUÍMOS UMA PARTE OU ACRÉSCIMO, O SISTEMA OBRIGA INCLUIR UM AVIAMENTO (que nem sempre tem, como no silk e punho bainha)\r\n-QUANDO VAMOS INCLUIR UMA PARTE OU ACRÉSCIMO, O SISTEMA DEVE TRAZER A QTD PADRÃO CADASTRADA (consumo de aviamento do cadastro de partes e acréscimos), MAS, EDITAR PARA ALTERAÇÃO DESTE PADRÃO. (para isto será necessário alterar a forma de cadastrar os aviamentos utilizados nas partes e acréscimos)\r\n', '2015-11-21 08:58:20', 2),
(70, 'Corrigido tela de pedido.', '2015-12-02 23:46:31', 2),
(71, 'Corrigido.', '2015-12-02 23:46:50', 29),
(72, 'testes:\r\n-ao incluir parte ou acréscimo, a quantidade não aceita zero e era pra aceitar;', '2015-12-03 14:45:04', 2),
(73, 'As PARTES e ACRÉSCIMOS escolhidos para cada produto não estão aparecendo na tela como antes, só aparecem as seleções, ex: silk bolso, só aparece bolso, fechamento ziper, só aparece ziper. Não aparecem também os TAMANHOS selecionados.\r\nO EDITAR não está funcionando\r\nAO CONSULTAR os aviamentos não aparecem na tela', '2015-12-03 15:49:47', 2),
(74, 'COPIADOS PARA OS NOVOS PEDIDOS FINAL 249 A 256', '2015-12-06 17:16:55', 33),
(75, 'AO EDITAR PRECISA VIR A "DATA DE PREVISÃO DE ENTREGA" PARA ALTERAR TB SE PRECISAR\r\n', '2015-12-09 14:34:07', 2),
(76, 'Já está resolvido na versão 2.\r\nFalta correção apenas nos tamanhos agora.', '2015-12-10 21:39:35', 2),
(77, 'Fiz este antes do lançamento em lote, pois já estava alterando na mesma funcionalidade (pedido). No menu pedido tem uma opção copiar, vc pode fazer uma pesquisa por cliente, produto, tecido, etc... Ao clicar em copiar, será direcionado pra tela de pedido com os dados do pedido, aí é só concluir pra fazer a cópia.', '2015-12-10 21:44:07', 25),
(78, 'não deu certo não...', '2015-12-11 15:16:13', 25),
(79, 'O que exatamente não funcionou? lembrando que só será possível copiar pedidos criados a partir da versão 2.', '2015-12-12 00:00:37', 25),
(80, 'Primeiros testes. Menu "Fluxo" -> "Lançar Lote".', '2015-12-12 00:02:28', 32),
(81, 'Testar. Limpe o cache do navegador "Ctrl + Shift + Del".', '2015-12-12 09:51:24', 2),
(82, 'AINDA estou testando MAS já vou colocando as correções:\r\n-OS AVIAMENTOS INCLUÍDOS NO PEDIDO NÃO APARECEM NA TELA\r\n-colocar os campos "ref" e "obs"  nos tamanhos e disponibilizar o cadastro pra eu não ficar te pedindo pra mudar, ai cadastro como eu quiser que apareça, daí quando for incluir o pedido o cadastro aparece para escolhermos dentre os tamanhos cadastrados...\r\n-colocar vendedor no cadastro de clientes e trazer p/ tela de inclusão (editável mesmo)\r\n-fui alterar e ao finalizar alteração o sistema sumiu com o produto inteiro\r\n-ao alterar não trás itens do aviamento e nem permite alterar/incluir', '2015-12-13 23:30:38', 2),
(83, 'Quando finalizo o pedido não inclui\r\nOutra coisa é que preciso consultar para apendar UM PRODUTO quando estou incluindo um pedido e preciso de um produto que consta em outro pedido', '2015-12-13 23:58:30', 25),
(84, 'A forma de selecionar fica melhor com a lista e o quadradinho pra marcar, do jeito que está ficou trabalhoso, embora possa continuar mudando a cor da letra dos selecionados e anotando lá em cima, lembrando que posso efetuar aquele lote pra vários pedidos ao mesmo tempo (ex: posso marcar todos da Etal que estão em produção e ficaram sem lançamento no bordado.\r\n', '2015-12-14 00:12:59', 32),
(85, 'o lançamento não foi SALVO, lembrando que quando for SEM MOVIMENTO deverão ser excluídos os lançamentos constantes lá mas listados antes para confirmação.', '2015-12-14 00:15:45', 32),
(86, 'Explicando melhor: É como se houvesse um CADASTRO de produtos já produzidos anteriormente. Esta opção deve constar na INCLUSÃO do pedido, na LISTA para escolha de um produto cadastrado com o nome IMPORTAR. Aí sim abre a tela para selecionar O PRODUTO de outros pedidos (seja pelo nome do produto E/ou do cliente e etc) e então salvar dentro deste pedido que está sendo incluído no momento. Isto porque, não vamos necessariamente importar um pedido inteiro, mas, produtos deste ou daquele cliente enquanto talvez estejamos incluindo um produto que nunca foi confeccionado antes.', '2015-12-14 07:40:45', 25),
(87, 'Entendi, mas podemos manter esta opção de copiar o pedido inteiro, pois resolve o problema da Etal.', '2015-12-14 12:35:23', 25),
(88, 'Qual pedido vc testou?', '2015-12-14 12:37:02', 32),
(89, 'O que é o campo "ref"? O cadastro de tamanho será tratado no chamado 0016 e o vendedor no chamado 0031. Ao alterar um produto, é preciso clicar no botão azul: "ncluir". Os demais entendi e vou alterar.', '2015-12-14 12:53:26', 2),
(90, 'ok!  Agora já preciso das correções p/ dar continuidade aos testes', '2015-12-15 13:49:55', 2),
(91, 'Não sei mais. Fiz outro e deu certo, porém, agora vamos às correções: Quando lançar SM tem que excluir o que estava lá antes, mas, liste o que vai ser excluído para pedir confirmação; Quando for lançar as outras ações vai precisar da seleção de qual elemento alterar: Data (início e intervalo)/	Qtde (total)/ Produto(escolher)/Facção(escolher)/Obs/Status, sendo que, para cada guia destas vai listar o que já tem lá e onde não colocarmos dados novos não haverá alteração e se não havia lançamento para aquela ação aí será incluída..	', '2015-12-15 14:38:41', 32),
(92, 'ok', '2015-12-15 14:39:08', 25),
(93, 'TELA DE ERRO AO ENTRAR NO CADASTRO DE ACRÉSCIMOS', '2015-12-20 20:39:33', 2),
(94, 'Corrigido.', '2015-12-21 08:02:03', 2),
(95, 'Inseri o botão "Pesquisar produto" na tela de pedido, agora vc pode buscar produtos de outros pedidos.', '2015-12-21 08:03:50', 25),
(96, 'Verificar pedido.', '2015-12-21 08:12:14', 2),
(97, 'Continuando... Alterado formato da tela e agora os registros são listados antes do lançamento.', '2015-12-21 08:13:33', 32),
(98, 'O Pedido está OK?', '2015-12-22 08:24:24', 2),
(99, 'Testar.', '2015-12-22 08:24:35', 25),
(100, 'Corrigi erro na tela,mas vou alterar pra listar produtos para seleção antes de lançar.', '2015-12-22 08:25:24', 32),
(101, 'Será preciso incluir vendedor no cadastro de cliente. Ao escolher o cliente na tela de pedido, o vendedor é preenchido.', '2015-12-22 08:26:38', 31),
(102, 'o default da data prevista p entrega na inclusao do pedido é 30 dias apos dt inclusao\r\nnão aceitar inclusão sem numeração\r\n', '2015-12-22 15:19:02', 2),
(103, 'ao lançar sem movimento o sistema deve excluir tudo o que estiver lançado antes, porém, mostra os lançamentos e pede pra confirmar', '2015-12-22 15:25:24', 32),
(104, 'ok', '2015-12-22 15:28:06', 31),
(105, 'ficou ótimo', '2015-12-22 15:54:22', 25),
(106, 'Data inserida e verificação da numeração corrigida.', '2015-12-23 00:07:16', 2),
(107, 'Corrigido.', '2015-12-23 00:08:07', 35),
(108, 'ok data e nº.        Confirmar saída da tela de inclusão sem finalizar inclusão do pedido', '2015-12-23 11:46:42', 2),
(109, 'ok', '2015-12-23 11:47:26', 35),
(110, 'Corrigido.', '2015-12-24 09:07:22', 2),
(111, 'Selecione o pedido, a etapa e a ação na aba "Pedido / Etapa / Ação", Selecione os produtos que vc quer lançar, na aba "Lançamentos", serão listados os lançamentos já existentes. Clique em lançar.', '2015-12-28 08:44:38', 32),
(112, 'Agora é possível editar pedidos criados na versão 1.0', '2015-12-28 08:47:41', 36),
(113, 'Criado o cadastro de tamanho no menu "Cadastro" -> "Tamanhos"', '2015-12-28 21:17:59', 16),
(114, 'Na guia PRODUTO: \r\ncolocar qtde quando listar o produto\r\nNa guia LANÇAMENTOS:\r\nQuando listar os lançamentos existentes mostrar a etapa e o produto pra facilitar o entendimento\r\nColocar cabeçalho na relação de lançamentos existentes e permitir ordenar por qualquer coluna\r\nColocar botão no final de cada linha para permitir excluir um lançamento\r\nO número que aparece na lista não deveria ser da quantidade do produto?\r\nEstá lançando algo a mais, talvez depois das alterações acima eu consiga identificar pra te mostrar pra corrigir', '2016-01-03 08:04:37', 32),
(115, 'Então, limpe todos os pedidos da versão 2 pra eu testar, ok?\r\n', '2016-01-03 08:18:39', 36),
(116, 'ok deu certo!', '2016-01-03 08:37:10', 16),
(117, 'Excluídos. Assim que estiver ok, vou precisar que vc fique um dia sem incluir pedido, pra migrar os pedidos da versão 1 pra 2.', '2016-01-04 08:15:00', 36),
(118, 'tem 2 pedidos da pontual que devem ser excluídos da versão 2 e um da lagotela que não veio da versão 1 e deve vir // pode migrar HOJE porque vou deixar p/ amanhã os que tenho pra incluir, aí já o faço na versão 2016.', '2016-01-04 12:45:21', 36),
(119, 'Para lançar o envio em lote:    na guia lançamentos, após listar tudo que está lançado, abrir os seguintes campos para digitação: DATA INICIAL // INTERVALO ENTRE AS DATAS DAS ETAPAS SELECIONADAS // FACÇÃO  inicialmente vamos lançar as quantidades pelos totais, após testar vamos abrir a qtde p/ digitação quando selecionamos os produtos', '2016-01-04 16:05:21', 32),
(120, '1- AO EDITAR UMA PARTE OU UM ACRÉSCIMO NÃO ABRE P/ ALTERAÇÃO DO STATUS', '2016-01-05 17:01:31', 37),
(121, 'Continuando. Inserido data, facção e intervalo quando for envio.', '2016-01-06 08:28:48', 32),
(122, 'Erro nº 1 - OK', '2016-01-06 20:55:32', 37),
(123, '- lançou todos os envios como concluídos e é pendente //- As datas devem ser calculadas só em relação às etapas selecionadas // - Agora o default da qtde deve ser 0 e não mais os totais pq isso atrapalhou o fluxo, daí você pode abrir p/ digitar a quantidade qdo selecionarmos os produtos // - Assim que testarmos novamente,  pode fazer igualzinho p/ o retorno pq deu certo.', '2016-01-06 23:24:40', 32),
(124, '2- ABRIR OPÇÃO PARA LISTAR SÓ OS ATIVOS EM PARTES E ACRÉSCIMOS', '2016-01-07 11:17:36', 37),
(125, '3- QUANDO COPIO UM PEDIDO: RECALCULAR DT PREV ENTREGA // NÃO TRAZER QUANTIDADES NEM NUMERAÇÃO', '2016-01-07 12:46:35', 37),
(126, '4- Opção para cancelar o pedido.', '2016-01-07 15:04:18', 37),
(127, 'Erro nº 4 - OK', '2016-01-07 19:46:17', 37),
(128, 'Erro nº 3 - OK', '2016-01-07 22:03:14', 37),
(129, 'Testar.', '2016-01-07 22:05:43', 32),
(130, 'Erro nº 2 - OK', '2016-01-07 22:55:14', 37),
(131, 'para "SM" o status deve continuar sendo concluído, pendente é só p/ envio', '2016-01-08 03:50:06', 32),
(132, 'Quando houver lançamentos existentes, criar o botão ALTERAR e possibilitar marcar quais lançamentos serão alterados (ao invés de incluir novos lançamentos)', '2016-01-08 03:53:02', 32),
(133, '05- CONFIRMAÇÃO PRA SAIR DA TELA DE INCLUSÃO E PARA FINALIZAÇÃO DE PEDIDO NO FLUXO', '2016-01-08 09:34:10', 37),
(134, 'Corrigido "SM" para Pendente. - \r\nIncluída opção para marcar lançamentos existentes na aba lançamentos. Assim, atualizo quando o lançamento é marcado.\r\n - Obs: considero o mesmo registro os lançamento que teem os andamentos, ação, pedido, produto, facção e status iguais.\r\n ignoro data e quantidade na comparação.', '2016-01-10 17:19:55', 32),
(135, 'Erro nº 5 - OK', '2016-01-10 17:22:41', 37),
(136, 'Na comparação ignorar tb a FACÇÃO e STATUS, pois, estes campos são alvo de alteração tb. //  Já o status, ainda precisa editá-lo abaixo do intervalo.', '2016-01-11 10:41:31', 32),
(137, 'nao esta alterando no lançamento em lote', '2016-01-11 16:41:22', 32),
(138, '6- quando, através do fluxo, entramos nos andamentos individuais de um pedido e alteramos qualquer andamento, o sistema está mudando o número do pedido, parece que corta uma parte, assim já tenho vários pedidos de numero 010 no fluxo e para imprimir também', '2016-01-11 17:26:20', 37),
(139, 'Marcou os lançamentos na aba "Lançamentos"? Pois mudei a regra para alterar apenas os lançamentos marcados.', '2016-01-11 18:06:33', 32),
(140, 'MARQUEI', '2016-01-11 22:54:34', 32),
(141, 'Me passa as opções selecionadas, qual lançamento vc marcou pra atualizar, e qual valor era pra ser atualizado.', '2016-01-12 08:14:25', 32),
(142, 'Erro nº 6 - OK', '2016-01-12 08:35:00', 37),
(143, '7- ao tirar relatório por facção não estão vindo as informações dos produtos nem do fluxo', '2016-01-12 15:38:21', 37),
(144, 'Melhor incluir um pedido de *teste pra verificar todas as alterações', '2016-01-13 00:02:48', 32),
(145, 'Vc recebeu a planilha?', '2016-01-13 00:29:28', 38),
(146, '8- No relatório de entradas o número dos pedidos ainda estão errados (final 010)', '2016-01-13 00:32:55', 37),
(147, 'Sim.', '2016-01-13 08:03:46', 38),
(148, 'OK, Alterado para ignorar comparação com facção e status. Incluído Opção status ao enviar.', '2016-01-13 08:04:48', 32),
(149, 'Erro nº 7 - OK', '2016-01-13 08:05:17', 37),
(150, 'Erro nº 8 - OK', '2016-01-13 08:05:33', 37),
(151, 'continua dando erro p/ alterar:  Value cannot be null. Parameter name: source  // etal v1601288 / matéria prima / enviar / alterei data e status, selecionei a mesma facção, intervalo 0. Marquei todos os produtos e todos os lançamentos existentes.', '2016-01-13 11:30:14', 32),
(152, 'Vou verificar.', '2016-01-13 11:42:05', 32),
(153, 'Limpar o cache do navegador e tentar de novo.', '2016-01-13 22:18:36', 32),
(154, '9-FACÇÕES EM ORDEM ALFABÉTICA NO CADASTRO PARA VIR ORDENADO ASSIM EM TUDO QUE CONSULTAR FACÇÕES', '2016-01-13 22:40:04', 37),
(155, 'QUANDO LISTAR OS PRODUTOS PRA SELECIONAR, TEM COMO COLOCAR 2 BOTÕES, UM PARA MARCAR TODOS OS PRODUTOS E OUTRO PARA LANÇAR TODAS AS QUANTIDADES PELO TOTAL? ISTO É PARA REDUZIR DIGITAÇÃO, GANHAR TEMPO E EVITAR ERROS.', '2016-01-13 22:48:26', 32),
(156, 'AO LISTAR LANÇAMENTOS EXISTENTES CONSTAR TAMBÉM DATA E QTDE', '2016-01-13 22:49:17', 32),
(157, 'DEU CERTO!!!\r\nJÁ PODE FAZER IGUAL PRA RETORNO E OUTROS', '2016-01-13 22:52:44', 32),
(158, '10-QDO ENTRAMOS PELO FLUXO PARA ALTERAR INDIVIDUALMENTE OS ANDAMENTOS, O SISTEMA "MUDA O PRODUTO" PARA O 1º DA LISTA.', '2016-01-14 09:49:00', 37),
(159, 'TEM COMO LIBERAR ESTE RELATÓRIO ESTE FDS? ', '2016-01-14 09:58:31', 38),
(160, 'VEJA OS 3 COMENTÁRIOS ABAIXO: TEM COMO LIBERAR TUDO HOJE À NOITE?', '2016-01-14 10:01:20', 32),
(161, 'Acredito que sim. Retornar e Outro é igual o Enviar?', '2016-01-14 10:26:05', 32),
(162, 'Erro nº 9 - OK', '2016-01-14 10:26:43', 37),
(163, 'Tem com preencher a planilha que vc enviou com os valores do pedido "*TESTE" que criei?. Assim, vou saber os valores que tenho que chegar.', '2016-01-14 10:28:26', 38),
(164, 'Erro nº 10 - OK', '2016-01-14 12:48:54', 37),
(165, 'É IDÊNTICO', '2016-01-14 14:49:46', 32),
(166, 'ENVIEI AGORA', '2016-01-14 16:53:46', 38),
(167, 'TEM COMO CALCULAR AS DATAS CONSIDERANDO SÓ DIAS ÚTEIS? AÍ SÓ VAI FURAR NOS FERIADOS...', '2016-01-14 21:09:03', 32),
(168, '11-QDO ENTRAMOS PELO FLUXO PARA ALTERAR INDIVIDUALMENTE OS ANDAMENTOS, O SISTEMA MOSTRA O Nº DAQUELES PEDIDOS (010) ERRADO E AS FACÇÕES NÃO VEM EM ORDEM ALFABÉTICA ', '2016-01-14 21:31:06', 37),
(169, 'É possível sim, só não consigo pra amanhã.Pode cria um  cadastro com os feriados do ano.', '2016-01-14 22:06:44', 32),
(170, 'Incluído data e quantidade. incluídos opção marcar todos e quantidade total.', '2016-01-14 22:42:36', 32),
(171, 'Limpar o cache e verificar.', '2016-01-14 23:39:23', 32),
(172, 'Erro nº 11 - OK', '2016-01-14 23:54:23', 37),
(173, '12- O FLUXO ESTÁ FAZENDO A CONTA DO SALDO ERRADA', '2016-01-15 07:34:41', 37),
(174, 'ok\r\nFICOU ÓTIMO!', '2016-01-15 08:28:13', 32),
(175, '13- NÃO ENTENDI: AGORA O FLUXO FAZ A CONTA CERTA MAS COLOCA A LETRA Z NO FINAL DO SALDO', '2016-01-15 22:03:24', 37),
(176, '14- QUANDO INCLUÍMOS UM LANÇAMENTO INDIVIDUALMENTE, O SISTEMA ACEITA O PRODUTO EM BRANCO ( E ISSO É ÓTIMO),MAS, FALTA EDITAR O STATUS NESTE MOMENTO PARA INCLUIRMOS// JÁ QUANDO ALTERAMOS UM LANÇAMENTO INDIVIDUALMENTE, ELE NÃO PERMITE O PRODUTO EM BRANCO (O QUE É NECESSÁRIO)', '2016-01-15 22:07:43', 37),
(177, 'Erro nº 12 - OK', '2016-01-15 23:12:11', 37),
(178, 'Erro nº 13 - OK', '2016-01-15 23:54:59', 37),
(179, 'Erro nº 14 - OK', '2016-01-15 23:55:10', 37),
(180, 'o nº do pedido voltou a aparecer 010 no fluxo', '2016-01-16 10:50:13', 37),
(181, 'Corrigido.', '2016-01-16 13:41:26', 37),
(182, 'Me liga, pra tirar algumas dúvidas da planilha.', '2016-01-16 14:28:21', 38),
(183, 'quando precisar falar me liga e eu retorno, aí resolvemos na mesma hora.\r\n', '2016-01-17 21:01:39', 38),
(184, '15-QDO ROLAR A TELA DO FLUXO NA HORIZONTAL, ROLAR TB O CABEÇALHO, PQ OS DADOS ESTÃO FICANDO DESALINHADOS E CONFUNDE A LEITURA PARA DIGITAR AS OBS DO DIA.\r\n', '2016-01-18 08:33:52', 37),
(185, 'OLHEI UMA COISA NA PLANILHA: OS DADOS DA QTD UNITÁRIA A CONSUMIR EM CADA ITEM(EM CINZA) SAEM DO PEDIDO MESMO E NÃO DO CADASTRO', '2016-01-18 08:36:13', 38),
(186, '16-QUANDO FOR INCLUIR AVIAMENTOS NOS PEDIDOS, É NECESSÁRIO MOSTRAR A QTD PADRÃO CADASTRADA COMO REFERÊNCIA.', '2016-01-18 08:37:39', 37),
(187, 'Uma das dúvidas era esta. Então a quantidade 0 ou 1 ao adicionar parte ou acréscimo não vai fazer diferença? // A outra dúvida enviei por emai.', '2016-01-18 10:11:37', 38),
(188, 'Estou desenvolvendo a tela de relatório. acesse o link \r\nhttp://websistema.net.br/estoque/pedido/consumomp/293 \r\npra acessar o consumo do pedido teste.', '2016-01-18 10:13:26', 38),
(189, '16 - Quantidade ao incluir o pedido e proporção de consumo do aviamento não são duas coisas diferentes?', '2016-01-18 10:14:47', 37),
(190, 'Erro nº 15 - OK', '2016-01-18 13:33:31', 37),
(191, 'erro 15: consertou  o horizontal,mas, atrapalhou o vertical...rsrsrs // deixe o status da página com 100 pedidos ao invés de 10', '2016-01-18 15:17:51', 37),
(192, '16- não entendi. Você chama a qtde cadastrada para consumo de proporção, certo? Mas, eu trato isso como qtde de referência para qdo vou incluir um pedido eu saber quais são as opções de consumo dos aviamentos nas partes ou acréscimos, por exemplo: um punho pode usar 1 ou 2 botões, então eu cadastro ambos e quando incluo o pedido escolho uma das duas opções, ou ainda posso digitar 3 só naquele pedido pq o cliente quis com 3 botões. Aqui só peço pra quando mostrar os aviamentos cadastrados e mostrar tb a qtde pra eu lembrar dos padrões.', '2016-01-18 15:32:28', 37),
(193, 'Deixa eu ver se entendi, se vc incluir uma parte "FECHAMENTO" -> "VELCRO" -> "VELCRO 2,5 CM". a quantidade vai ser preenchida com o valor "0,30" que está no cadastro certo?', '2016-01-18 16:06:18', 37),
(194, 'CERTO! MAS, NA INCLUSÃO É EDITÁVEL, AÍ SÓ P/ AQUELE PEDIDO POSSO LANÇAR 0,50 POR EXEMPLO.', '2016-01-18 17:39:23', 37),
(195, '16-AO ALTERAR UM PEDIDO DEU ESTE ERRO: System.ArgumentOutOfRangeException: StartIndex cannot be less than zero. Parameter name: startIndex at System.String.Remove(Int32 startIndex) at Site.Repositorio.Fluxo.FluxoHistoricoRepositorio.ExcluirPorPedidoProduto(List`1 idsPedidoProduto) at Site.Servico.Pedidos.PedidoServico.SalvarProdutosDoPedido(Pedido pedido) at Site.View.Controllers.Pedidos.PedidoController.Create(Pedido pedido)StartIndex cannot be less than zero. Parameter name: startIndex', '2016-01-18 17:40:36', 37),
(197, 'PARA CONFERÊNCIA FICOU BOM, MAS, PARA VERIFICAÇÃO DO ESTOQUE OU COMPRAS, PRECISO DO RESUMO COM OS TOTAIS POR TIPO (DE TECIDO E DE AVIAMENTOS) VEJA A 2ª PARTE DA PLANILHA QUE ENVIEI A PARTIR DAS LINHAS 18 E 19, OBSERVE A COLUNA H.', '2016-01-18 17:48:08', 38),
(198, 'NESTA TELA AINDA FALTOU OS CLIENTES E OS NºS DOS PEDIDOS, PQ PODEM SER MAIS DE UM, QUE QUERO SOMADOS PRA COMPRAR.\r\n', '2016-01-18 17:54:31', 38),
(199, 'OK, vamos alterando até chegar no resultado final. Não entendi de onde vem o valor das células F10 e F11.', '2016-01-18 17:56:34', 37),
(200, 'Erro nº 16 - OK', '2016-01-18 18:12:29', 37),
(201, 'fui alterar o pedido 272 da Geraes e o sistema apagou todos os detalhes.', '2016-01-18 19:03:18', 37),
(202, 'ops! vou responder o comentário de 17:56, relativo às células f10 e f11 no chamado do RELATÓRIO DE CONSUMO MP, OK?', '2016-01-18 19:10:29', 37),
(203, 'REFERENTE À PLANILHA: // \r\nF10 é o consumo de tecido do corpo que vem do cadastro de produto (ex: "cadastrei" que um agasalho gasta 1,00 de tecido no corpo) // \r\nF11 é o consumo de botões que digitamos no pedido (ex: informei "no pedido" que o punho deste agasalho vai gastar 2 botões)\r\n', '2016-01-18 19:17:36', 38),
(204, 'Erro ao alterar pedido corrigido.', '2016-01-19 07:01:40', 37),
(205, 'Erro 15: vou passar pra outro chamado pois vai ser mais demorado.', '2016-01-19 07:02:59', 37),
(206, 'Em relação ao erro 15, no novo chamado, podemos esperar o relatório consumo mp ficar pronto 1º, ok?\r\n', '2016-01-19 10:39:22', 37),
(207, 'É possível a gente acessar o teamviewer hoje a noite pra tirar algumas dúvidas?', '2016-01-19 12:04:51', 38),
(208, 'COM CERTEZA! ME LIGA QUE TE RETORNO E ATIVAMOS O TEAM VIEWER.\r\n', '2016-01-19 16:34:23', 38),
(209, '17-FUI ALTERAR PEDIDO  DA EBL, SUMIRAM TODAS AS PARTES E ACRÉSCIMOS DA CAMISETA QUE EDITEI', '2016-01-19 17:10:38', 37),
(210, '17-Tem como recuperar pra mim? Sumiu até do fluxo.', '2016-01-20 08:24:18', 37),
(211, '17-Itens recuperados.', '2016-01-20 09:01:34', 37),
(212, 'No menu Lançamentos -> Pedidos -> Buscar, Opção "Consumo",  Confere o pedido teste. cole na planilha e coloque subtotal e confere se os valores estão corretos.', '2016-01-21 08:33:24', 38),
(213, '18-QUANDO A GENTE EDITA UM ITEM DE UM PEDIDO E INCLUI POR EXEMPLO UM AVIAMENTO, O SISTEMA DUPLICA A NUMERAÇÃO', '2016-01-21 10:57:08', 37),
(214, '19-QUANDO EDITAMOS UM PEDIDO E ALETRAMOS A PARTE INFORMANDO QUE SERÁ UTILIZADO OUTRO TECIDO, O SISTEMA ACATA, CONSTA CORRETAMENTE NO CONSUMO, MAS, AO EDITAR NOVAMENTE A ALTERAÇÃO ANTERIOR DESAPARECE (ISTO SÓ OCORRE PARA TECIDO, PARA AVIAMENTO NÃO DESAPARECE)', '2016-01-21 11:08:16', 37),
(215, 'OS VALORES ESTÃO CORRETOS. NO SEU RELATÓRIO VOCÊ PODE DAR A OPÇÃO DE ORDENAR POR TECIDO E GERAR SUBTOTAL? // VAMOS FAZENDO ASSIM AOS POUCOS MAS, ESTE RELATÓRIO DEVERÁ ABRANGER MAIS DE UM PEDIDO POR VEZ, OK?', '2016-01-21 11:19:32', 38),
(216, '20-ESTÃO CONSTANDO VÁRIOS ITENS PENDENTES NA ABERTURA DO SISTEMA E NA OPÇÃO FLUXO/ATUALIZAR, MAS, NOS LANÇAMENTOS DAS ETAPAS ESTÃO CONCLUÍDOS.', '2016-01-22 10:41:12', 37),
(217, 'Limpar o cache do navegador e acessar o menu relatorio -> consumo MP.', '2016-01-22 21:18:05', 38),
(218, 'AS OPÇÕES DE ORDENAR E EXIBIR ESTÃO INATIVAS // NO RELATÓRIO A COLUNA DE "Parte/Acréscimo" DEVE SE CHAMAR "Corpo/Parte/Acréscimo"  E NO CONSUMO DO PRODUTO ONDE ESTÁ BRANCO DEVE VIR "CORPO", ONDE O CONSUMO FOR ZERO NÃO DEVE APARECER QUANDO SELECIONADO SUBTOTAL', '2016-01-23 07:58:22', 38),
(219, 'As opcções que estão inativas ainda não estão prontas. Estou terminando.', '2016-01-23 08:24:40', 38),
(220, 'Ordem atualizada.', '2016-01-23 09:42:15', 38),
(221, 'Subtotal Atualizado.', '2016-01-23 11:41:46', 38),
(222, 'Erro nº 20 - OK', '2016-01-23 12:22:31', 37),
(223, '18 - Corrigido para não duplicar as numerações. Será preciso entrar nos pedidos com numeração duplicada e remover a duplicidade(tentei remover mas fiquei na dúvida de qual remover).', '2016-01-23 12:54:55', 37),
(224, 'tecido testado ok. aguardando aviamento', '2016-01-24 12:07:46', 38),
(225, 'ok p/ erro 18 // aguardando erro 19', '2016-01-24 12:10:25', 37),
(226, 'o default da data deve ser os últimos 30 dias // a coluna de total deve se chamar total de tecido // a coluna de aviamentos deve vir após o total de tecido // em aviamentos é preciso constar a qtd (lançada no pedido), o aviamento, o consumo (cadastrado no estoque) e o total de aviamento (qtd produto*qtd aviamento*qtd estoque)', '2016-01-25 12:54:43', 38),
(227, 'no pedido 298 pomar da serra, lancei ribana e veio ziper', '2016-01-25 12:56:21', 38),
(228, 'Obs: O consumo total de aviamento é (qtd produto * qtd parte/acrescimo * qtd aviamento * qtd estoque)', '2016-01-25 13:16:58', 38),
(229, 'ok havia esquecido da qtd parte/acréscimo', '2016-01-25 19:46:12', 38),
(230, 'o esquema da alteração está realmente dando muito errado, fomos alterar um da Geraes e sumiu tudo. então, o correto é se a pessoa não clicar em incluir, permanece o que estava antes.', '2016-01-25 19:50:26', 38),
(231, '21-ao listar na opção FLUXO/ATUALIZAR os pedidos estão com o número errado', '2016-01-27 11:41:21', 37),
(232, 'Testar.', '2016-01-27 23:17:21', 40),
(233, 'Erro nº 21 - OK', '2016-01-27 23:18:34', 37),
(234, 'ok, ficou ótimo!', '2016-01-28 22:45:45', 40),
(235, 'Peraí, deu uma zebra: editei uma faixa na manga do 1º pedido da Etal, aí não tinha a faixa laranja cadastrada então dei ESC, aí sumiu a faixa do pedido.', '2016-01-28 22:57:21', 40),
(236, 'outro erro, a alteração que fiz no punho da camisa operacional não entrou ai, mas, na camisa administrativa repetidamente em gola punho e fechamento', '2016-01-29 07:40:55', 40),
(237, 'SERÁ QUE ESTE FIM DE SEMANA O RESUMO MP FICA PRONTO?', '2016-01-29 13:39:40', 38),
(238, 'Fica sim.', '2016-01-29 14:56:45', 38),
(239, 'Verificar.', '2016-01-31 13:23:52', 40),
(240, 'Publicado.', '2016-01-31 13:24:08', 38),
(241, 'Ok os ai mentos podem sair em ordem de aviamento e com subtotal tb? //  é possível a opção para marcar : imprimir só os subtotais? Ai vem cliente pedido total de produtos produto tecido ou aviamento subtotal', '2016-01-31 21:13:39', 38),
(242, 'Tem sim. Só não entendi como vou mostrar dois pedidos, se for mostrar só subtotal. Manda uma planilha.', '2016-02-01 08:21:24', 38),
(243, 'ao editar o pedido 302 ,o sistema sumiu com todos os detalhamentos ,parte, acrecimos aviamentos,  eos pedidos estao sendo impressos com numero errado', '2016-02-01 15:32:02', 40),
(244, 'relatorio por faccao nao estar filtrando por faccao e o relatorio do fluxo e imprimir estao saindo iguais', '2016-02-01 15:44:13', 37),
(245, 'Erro "relatorio por faccao" corrigido.', '2016-02-03 08:30:19', 37),
(246, 'Atualizado.', '2016-02-03 08:30:31', 38),
(247, '22- no relatório por facção, ao imprimir fluxo, no nº do pedido constar só o nº sequencial e o cliente', '2016-02-04 14:57:45', 37),
(248, 'Erro nº 22 - OK', '2016-02-05 12:59:56', 37),
(249, 'alguns pedidos não estão imprimindo o nº certo', '2016-02-10 08:14:42', 37),
(250, 'Renato, ao imprimir só os subtotais, transformar mt de malha em kg, assim: malha pv e poliester divide o total de mts p/ 2,80, malha piquet divide por 1,80 ', '2016-02-10 11:24:50', 38),
(251, 'OK. Pra isso vc tem que colocar essa proporção (2,8 e 1,8) no cadastro de tecido.', '2016-02-10 16:59:07', 38),
(252, 'Qual tela?', '2016-02-10 16:59:28', 37),
(253, 'no papel, quando acaba de incluir e vai imprimir LANÇAMENTOS/BUSCAR/DETALHAR', '2016-02-11 11:38:26', 37),
(254, 'AH TÁ, TINHA ESQUECIDO! MAS, E A OPÇÃO DE IMPRIMIR ANALÍTICO OU SINTÉTICO(só subtotais), QUANDO PUBLICARÁ?', '2016-02-11 11:40:18', 38),
(255, 'Já está funcionando, é só marcar/desmarcar o check "Apenas SubTotal".', '2016-02-11 12:03:44', 38),
(256, 'Que legal, acredita que ainda não tinha visto? Aí, agora cadastrei as proporções mas o sistema não fez a conta, tire um relatório da frivasa pra vc ver', '2016-02-11 16:05:44', 38),
(257, 'O cálculo de conversão ainda não fiz.', '2016-02-11 16:41:32', 38),
(259, 'quando disponibilizará?', '2016-02-12 09:38:52', 38),
(260, 'Publico na segunda. Vou incluir mais uma coluna (MT/KG) ai vc sabe que quando for KG, o valor está convertido.', '2016-02-12 15:31:58', 38),
(261, '23-número errado na impressão do pedido', '2016-02-13 06:36:18', 37),
(262, '24-vide abaixo alteração no relatório por facção', '2016-02-13 06:37:55', 37),
(266, 'Separei em outro chamado pra ficar organizado.', '2016-02-13 10:46:19', 42),
(267, '25-URGENTE!!! Quando editamos um pedido, alteramos, por exemplo, só o vendedor, o sistema some com todos os produtos', '2016-02-15 14:49:52', 37),
(268, 'Qual pedido?', '2016-02-15 16:36:46', 37),
(269, 'Publicado.', '2016-02-15 23:53:17', 38),
(270, 'substituir coluna de consumo por obs ( qtd e produto) // mtkg no final', '2016-02-17 21:29:58', 38),
(271, '26-AO CALCULAR AS DATAS NO LANÇAMENTO POR LOTE PULAR OS FINS DE SEMANA', '2016-02-18 10:04:04', 37),
(272, 'NO PEDIDO 331 DA TERRAÇO O SISTEMA "DUPLICOU" O CÁLCULO DE 20 CAMISAS ADMINISTRATIVAS', '2016-02-19 12:41:59', 38),
(273, 'O consumo de tecido é baseado no corpo do produto e parte/acresimo. então tem 1 linha do consumo do corpo e 6 linhas referente a 6 parte/acresimo.', '2016-02-19 13:02:33', 38),
(274, 'OH! É QUE SE VOCÊ MARCAR OS PEDIDOS 330 E 331, AÍ DUPLICA O 331', '2016-02-19 15:02:39', 38),
(275, 'ah tá. agora vi. vou corrigir.', '2016-02-19 16:42:40', 38),
(276, 'erro 25 - OK.', '2016-02-19 16:41:06', 37),
(277, 'erro 26 - OK.', '2016-02-19 16:41:22', 37),
(278, 'AINDA VAI PUBLICAR HOJE, RENATO?', '2016-02-22 14:33:47', 42),
(279, 'Algumas coisas ainda estão pendentes, mas vou publicar o que está pronto.', '2016-02-22 16:24:15', 42),
(280, 'o erro 23 continua- Qdo detalhamos um pedido para imprimir o nº vem imcompleto\r\n', '2016-02-22 17:10:01', 37),
(281, 'erro 23 - OK.', '2016-02-22 23:07:08', 37),
(282, '01-Pendente\r\n02-Testar\r\n03-Testar - Não é possível colocar data e facção em coluna separada pois pode haver mais de uma facção por linha.\r\n04-pagina por cliente OK, total fluxo OK. por facção pendente.', '2016-02-22 23:10:47', 42),
(283, 'Corrigido', '2016-02-22 23:10:59', 38),
(284, 'Problema do fluxo resolvido.', '2016-02-23 11:05:31', 37),
(285, 'em cliente por página tem como ter o quadradinho pra eu marcar? pq qdo um cliente tem vários pedidos escolho ele e tenho o seu total, mas, qdo vários clientes tem só um pedido cada, preciso visualizá-los numa só página.', '2016-02-23 14:30:17', 42),
(286, 'Tem.', '2016-02-23 16:24:12', 42),
(287, 'veja o pedido 330 da TERRAÇO no fluxo. está pendente de retorno do corte MATHEUS e MARCO ANTÔNIO, mas só apareceu o Matheus', '2016-02-23 17:55:14', 42);

-- --------------------------------------------------------

--
-- Estrutura da tabela `clientes`
--

CREATE TABLE IF NOT EXISTS `clientes` (
  `id` int(11) NOT NULL,
  `cliente` varchar(45) NOT NULL,
  `logradouro` varchar(45) NOT NULL,
  `numero` varchar(10) DEFAULT NULL,
  `bairros_id` int(11) NOT NULL,
  `contato` varchar(45) NOT NULL,
  `telefone` varchar(45) NOT NULL,
  `celular` varchar(45) DEFAULT NULL,
  `obs` varchar(45) DEFAULT NULL,
  `tabelas_id` int(11) NOT NULL,
  `bairro_nome` varchar(20) NOT NULL,
  `cidade` varchar(20) NOT NULL,
  `cdl` varchar(7) NOT NULL,
  `dt_cdl` date NOT NULL,
  `ativo` int(1) NOT NULL,
  `id_vendedor` int(11) NOT NULL
) ENGINE=MyISAM AUTO_INCREMENT=339 DEFAULT CHARSET=latin1;

--
-- Extraindo dados da tabela `clientes`
--

INSERT INTO `clientes` (`id`, `cliente`, `logradouro`, `numero`, `bairros_id`, `contato`, `telefone`, `celular`, `obs`, `tabelas_id`, `bairro_nome`, `cidade`, `cdl`, `dt_cdl`, `ativo`, `id_vendedor`) VALUES
(32, 'MRV CASTELO', '', '', 21, '', '', '', '', 5, '', '', '', '0000-00-00', 0, 0),
(33, 'MRV CANINDE', '', '', 24, 'FLAVIA FRANTCHESKA', '(031) 3597-6964', '75622650 VIVO', 'OC (FLAVIA.MOREIRA@MRV.COM.BR)', 5, '', '', '', '0000-00-00', 0, 0),
(34, 'MASB 32', ' RUA CURITIBA 1289 - CENTRO', '', 21, 'PEDRO', '3654 7048', '', '', 5, 'CENTRO', 'BELO HORIZONTE', 'NÃO SEI', '0000-00-00', 0, 0),
(35, 'ALFA', '', '', 14, 'FERNANDA', '37 3249 4111', '', '', 5, '', '', '', '0000-00-00', 0, 0),
(36, 'CHB', '', '', 14, '', '3395  0666', '', '', 5, '', '', '', '0000-00-00', 0, 0),
(37, 'PLENA', 'AV APIO CARDOSO', '952', 20, 'RODRIGO FARIA', ' (31) 3351-7854    ', '(31) 8827-4858 ', '', 5, 'CINCAO', 'CONTAGEM', 'NÃO SEI', '0000-00-00', 0, 0),
(38, 'RONTAN', 'JUPITER', '20', 24, '', '31 3532 2501', '', 'TOALHA R$ 0,65', 5, 'CIDADE VERDE', '', 'SIM', '0000-00-00', 0, 0),
(39, 'CONSTRUCAP', 'PPP', 'PPP', 24, 'PPPP', 'PPPP', 'PPP', 'ENTREGA DIÁRIA', 8, '', '', '', '0000-00-00', 0, 0),
(40, 'CONSUMIDOR', 'LL', '174', 14, '', '', '', 'VENDA NA PORTA', 5, '', '', '', '0000-00-00', 0, 0),
(41, 'NOVA INDUSTRIA', '', '', 23, 'IZABELA', '3595 0113', '7516 7346', '', 5, '', '', 'NÃO SEI', '0000-00-00', 1, 0),
(42, 'MEM  INSTALAÇOES', '', '', 24, 'RAQUEL', '3333 3499', '', '', 11, '', '', '', '0000-00-00', 0, 0),
(43, 'VIASOLO ', 'AV DA PRATA  ', '100', 23, 'ROSE', '3511 9009', '', '', 5, '', '', '', '0000-00-00', 0, 0),
(44, 'CESTO PARTICIPAÇOES', 'RIO DE JANEIRO', '18', 21, 'DIEGO', '3247 2804', '', '', 5, '', '', '', '0000-00-00', 0, 0),
(45, 'CARLOS ALBERTO ', 'XXX', 'XXX', 14, 'CARLOS ALBERTO', '31 3773 - 4063', '(31)  8579 - 4937 ', '', 5, '', '', '', '0000-00-00', 0, 0),
(46, 'JCZ ENGENHARIA E CONSTRUÇOES LTDA', 'CAMPO ELISEOS', '447  CS 1', 23, '3291 2837', '3291 2837', '', '', 5, '', '', '', '0000-00-00', 0, 0),
(47, 'AZTECA ', 'XXX', 'XXX', 24, 'XXX', '', '', '', 5, '', '', '', '0000-00-00', 0, 0),
(48, 'QUALITY VIGILANCIA', 'RUA MONTE CASSINO', '350', 19, '', '3036 9395', '', '', 5, '', '', '', '0000-00-00', 0, 0),
(49, 'J. FONSECA', 'XXX', 'XXX', 19, 'JEFFERSON', '( 19 ) 3253 5775', '9547 3161', '', 5, '', '', 'NÃO SEI', '0000-00-00', 0, 0),
(50, 'DIRECIONAL PALMEIRA', 'XXX', 'XXX', 19, 'MARILTON', '3429 9713 ', '', 'OC (MARILTON.ANDRADE@DIRECIONAL.COM.BR)', 5, '', '', '', '0000-00-00', 0, 0),
(51, 'NATURAL IMOVEIS', 'JACUI', '3706', 14, '', '3421 6500', '', '', 5, '', '', '', '0000-00-00', 0, 0),
(52, 'AUTOLOG', '', '', 23, '', '', '', '', 5, '', '', '', '0000-00-00', 0, 0),
(53, 'PINTERPOXI', '', '', 23, 'PATRICIA', '3361 8009', '', '', 11, '', '', '', '0000-00-00', 0, 0),
(54, 'CHAPERFIL', 'AV GENERAL SARNOFF', '', 23, 'ARIELSON', '3333 2400', '', 'PROXIMO A PRACA DOS TRABALHADORES', 5, '', 'CONTAGEM', 'NÃO SEI', '0000-00-00', 0, 0),
(55, 'ESN', '', '', 14, '', '', '', '', 5, '', '', '', '0000-00-00', 0, 0),
(56, 'SALUM', '', '', 22, '', '', '', '', 5, '', '', '', '0000-00-00', 0, 0),
(58, 'VIGAFER', '', '', 14, 'JAIR', '', '', '', 5, '', '', '', '0000-00-00', 0, 0),
(59, 'TERRAÇO', 'CLAUDIO MANOEL', '1153', 22, 'RENATO ADJUTTO', '3261 7959', '8467 9798', '', 13, '', '', '', '0000-00-00', 0, 0),
(60, 'ADLER', 'HAECKEL BEN-HUR SALVADOR', '800', 23, 'RENATA', '2104 5404', '', '', 5, 'CINCO', 'CONTAGEM', 'NÃO SEI', '2013-10-01', 1, 0),
(61, 'HORIZONTE TEXTIL', '', '', 19, '', '2122 7012', '', '', 5, '', '', '', '0000-00-00', 0, 0),
(62, 'PROTOMINAS', '', '', 24, 'HELBERT', '3597 1045', '', '', 5, '', '', '', '0000-00-00', 0, 0),
(63, 'D GRANEL TRANSPORTES', 'BR 381', 'KM 8,5', 19, 'ANDERSON', '3503 3046', '', '', 5, '', '', '', '0000-00-00', 0, 0),
(64, 'SERIS FIAT ( CENTRO )', 'PIAUI', '2019', 21, 'JOAO VITOR', '3025 0904', '', '', 10, '', 'BELO HORIZONTE ', '', '0000-00-00', 0, 0),
(66, 'LOPES E SILVA ', '', '', 14, '', '', '', '', 5, '', '', '', '0000-00-00', 0, 0),
(67, 'ARTE BRILHO', '', '', 21, '', '2513 3453', '9126 6260', '', 5, '', 'BELO HORIZONTE ', 'NÃO SEI', '0000-00-00', 0, 0),
(68, 'USIMINAS', '', '', 24, 'GILMAR', '3572 4313', '', 'PAGAMENTO - 30 DIAS', 5, '', 'BETIM', 'NÃO SEI', '0000-00-00', 0, 0),
(69, 'J FONSECA', '', '', 19, 'RITA', '( 19 ) 3253 5775', '', '', 5, '', '', '', '0000-00-00', 0, 0),
(70, 'GELTH SISTEMA ELETRONICO', '', '', 14, '', '', '', '', 5, '', '', '', '0000-00-00', 0, 0),
(71, 'FARMACON', '', '', 14, '', '', '', '', 5, '', '', '', '0000-00-00', 0, 0),
(72, 'CNEC', '', '', 24, '', '', '', '', 5, '', '', '', '0000-00-00', 0, 0),
(73, 'KNOW HOW', '', '', 14, 'JOSE ANTONIO', '21027303', '9262 4188', '', 5, '', '', 'NÃO SEI', '0000-00-00', 0, 0),
(74, 'ORNAL ', '', '', 14, '', '', '', '', 5, '', '', '', '0000-00-00', 0, 0),
(75, 'ALTO PARANAIBA', '', '', 24, '', '', '', '', 5, '', '', '', '0000-00-00', 0, 0),
(76, 'PRESSEN', 'DOM PEDRO II', '290', 24, '', '3593 3452', '', '', 5, 'PETROPOLIS', 'BETIM', 'NÃO SEI', '0000-00-00', 0, 0),
(77, 'GERAES CONSTRUTORA', '', '', 19, 'JARDEL ', '3298 5028', '', '', 9, 'OURO PRETO', 'BELO HORIZONTE ', '', '0000-00-00', 0, 0),
(78, 'BRASIL LAJES', 'AV JOAO LUIZ PINTO', '121', 25, 'AILTON', '3638 - 1444', '8778 - 2226', 'C/C - 3,30 /// C/L VAQ - 3,50', 5, 'JUSTINOPOLIS ', 'RIBEIRAO DAS NEVES', 'NÃO SEI', '0000-00-00', 0, 0),
(79, 'ANA MACHADO', '', '', 21, '', '', '', '', 5, '', '', '', '0000-00-00', 0, 0),
(80, 'EPO EMPREENDIMENTOS', 'TURIM ', '99', 21, 'NATHALIA', '3505 3020', '3505 3048', '', 5, 'ESTORIL', 'BELO HORIZONTE', '', '0000-00-00', 0, 0),
(81, 'CLAM ENGENHARIA', 'SERGIPE ', '1333', 21, 'JUSCIMARA ', '3048 2033', '', '', 5, 'FUNCIONARIOS', 'BELO HORIZONTE ', '', '0000-00-00', 0, 0),
(82, 'EPARK / ESTACIOTEC', 'AV DOS ANDRADASCENTRO', '1333', 21, 'GRAÇA', '3234 8894', '', '', 5, 'CENTRO', 'BELO HORIZONTE', '', '0000-00-00', 0, 0),
(83, 'VIA ENG (FORLUZ) ', '', '', 21, 'LEANDRO', '3291 8007', '', 'EM FRENTE AO MATERDEI', 5, 'SANTO AGOSTINHO', 'BELO HORIZONTE ', 'NÃO SEI', '0000-00-00', 0, 0),
(84, 'UNI ARTE', '', '', 23, '', '', '', '', 5, '', '', '', '0000-00-00', 0, 0),
(85, 'TELAS PRADO ', '', '', 23, 'PRICILA', '3385 1230 ', '', '', 5, '', 'CONTAGEM', 'NÃO SEI', '0000-00-00', 0, 0),
(86, 'LITORANEA', '', '', 14, 'GILMAR ', '', '021 9645 3222', '', 5, '', '', '', '0000-00-00', 0, 0),
(87, 'PRESERVES PENHA', 'DR. ANTONIO SOEIRO', '224', 14, 'AMANDA', '3541 5976', '', 'FINANCEIRO@PRESERVES.COM.BR', 5, 'VILA REGINA', 'BARAO DE COCAIS', '', '0000-00-00', 0, 0),
(88, 'CERAM. S. PEDRO (PS DA MATA)', '', '', 14, '', '(062) 3351 6303', '', 'NF - PS DA MATA CERAMICA', 5, '', '', 'NÃO SEI', '0000-00-00', 0, 0),
(89, 'ODINO ', '', '', 14, '', '', '', '', 5, '', '', '', '0000-00-00', 0, 0),
(90, 'STP', '', '', 21, '', '', '', '', 5, '', '', '', '0000-00-00', 0, 0),
(91, 'SERTA', '', '', 19, '', '', '', '', 5, '', '', '', '0000-00-00', 0, 0),
(92, 'SAO CRISTOVAO TEMPER', 'ANGICOS', '70', 24, 'HéLIO PEREIRA', '3591-6938', '9756-0827', '', 5, 'IMBIRUCU', 'BETIM', 'NÃO SEI', '0000-00-00', 0, 0),
(93, 'DIRECIONAL TARAUACA', 'ESQUINA COM CONTORNO', '', 21, 'RENATO ', '2516 5797', '', 'OC (RENATO.PEREIRA@DIRECIONAL.COM.BR)', 5, 'SAVASSI', 'BELO HORIZONTE ', '', '0000-00-00', 0, 0),
(94, 'SARAIVA', 'JOVI SOARES', '734', 23, 'CRISTIANE/GABRIELA', '3283 1486', '8751 5074', '', 5, 'INCONFIDENTES', 'CONTAGEM ', 'NÃO SEI', '0000-00-00', 0, 0),
(95, 'CONSTRUTORA WANTEC', 'PICO DO ROLA MOÇA ', '140', 23, 'ADRIANA', '3336 7467', '9838 1308', '', 5, 'VILA PINHO', 'BELO HORIZONTE ', '', '0000-00-00', 0, 0),
(96, 'GK INDUSTRIAL', 'MONTE CARMELO', '265', 25, 'BRUNO', '3638 1325', '', '', 5, 'SAO JOAO DE DEUS ', 'RIBEIRAO DAS NEVES', '', '0000-00-00', 0, 0),
(97, 'PALAZZO MOLINARE', 'BERNARDINHO ', '230', 21, 'EDMILSON ', '3567  1053', 'X', '', 5, 'GUTIERRES', 'BELO HORIZONTE ', '', '0000-00-00', 0, 0),
(98, 'CONSTRUTORA JRN', 'OBRA UFMG ', '', 19, 'EDILSON  ', '3492 5068', '9995 9541', 'ESPECIFICAR OBRA E RESPONSAVEL NA NF ', 5, 'PAMPULHA', 'BELO HORIZONTE ', 'NÃO SEI', '0000-00-00', 0, 0),
(99, 'CORTEFORTE', 'CC', '322', 20, '', '3229 1716', '', '', 9, 'ARVOREDO', 'CONTAGEM', '', '0000-00-00', 0, 0),
(100, 'N BARBOSA', 'JOAO LOPES DE OLIVEIRA', '47', 21, 'LUCAS', '3278 1947', '', '', 5, 'SAO BERNADO', 'BELO HORIZONTE ', '', '0000-00-00', 0, 0),
(101, 'CERAMICA TIJOLAO', '', '', 23, '', '', '', '', 5, '', '', '', '0000-00-00', 0, 0),
(102, 'POLAR', 'X', 'X', 14, '', '', '', '', 5, '', '', '', '0000-00-00', 0, 0),
(103, 'PERFILBRAS', 'SERRA D''AGUA QUENTE ', '340', 23, 'JOAO ', '3387 1200', '', '', 5, 'VILA PINHO', 'BELO HORIZONTE', 'NÃO SEI', '0000-00-00', 0, 0),
(104, 'H MIRANDA', '', '', 22, 'WILLIAN ', '3141 8905', '9672 2739', '', 5, '', '', '', '0000-00-00', 0, 0),
(105, 'COPERSAN', '', '', 14, 'MILTON', '83145977', '', '', 5, '', '', '', '0000-00-00', 0, 0),
(106, 'SA PEÇAS', '', '', 23, '', '', '', '', 5, '', '', '', '0000-00-00', 0, 0),
(107, 'METALSIDER', '', '', 24, '', '3539 9800', '', '', 5, '', '', '', '0000-00-00', 0, 0),
(108, 'MRV ECO VITA', 'ELI SEABRA ', '100', 22, 'ADMILSON', '9124 2436', '', 'OC (ADMILSON.SANTOS@MRV.COM.BR)', 5, 'BURITIS', 'BELO HORIZONTE', '', '0000-00-00', 0, 0),
(109, 'QUIFABRA', 'C', '20', 14, '', '3691 1702', '', '', 5, 'DIST. IND. SIMAO DA ', 'SANTA LUZIA ', '', '0000-00-00', 0, 0),
(110, 'BETIM QUIMICA', 'APIO CARDOSO ', '1305', 14, 'NATHALIA', '3358 8500', '', '', 5, 'CINCAO', 'CONTAGEM', 'NÃO SEI', '0000-00-00', 0, 0),
(111, 'REAL GUINDASTE', '', '', 23, 'ALEX', '3333 5757', '', '', 5, 'CIDADE INDUSTRIAL', 'CONTAGEM', '', '0000-00-00', 0, 0),
(112, 'URE EPO ', 'RUA DOS PALPAS -', '', 21, '', '3653 1219', '', '', 5, 'PRADO ', 'BELO HORIZONTE ', '', '0000-00-00', 0, 0),
(113, 'SINAL FIAT (MAIS DISTRIBUIDORA)', '', '', 19, 'CELIO ', '3546 3000', '', '', 5, '', 'BELO HORIZONTE', 'NÃO SEI', '0000-00-00', 0, 0),
(114, 'CERAMICA IMPERIO', '', '', 20, 'GRACIONE', '(63) 3654 1958 ', '', '', 5, '', '', '', '0000-00-00', 0, 0),
(115, 'CONSTRUTORA KATER LTDA', '', '', 14, 'JULIO', '33573232', '8868 6120', '', 5, '', '', '', '0000-00-00', 0, 0),
(116, 'ENTEQ ', '', '', 23, 'MARA', '3333 6807', '', '', 5, '', '', 'NÃO SEI', '0000-00-00', 0, 0),
(117, 'MW SERVIÇOS ', 'DO ROSARIO', '161', 20, '', '3832 1450 ', '', '', 5, 'SANTA RITA DURAO', 'MARIANA', '', '0000-00-00', 0, 0),
(118, 'TECNOMAD', '', '', 23, '', '', '', 'SÓ BOLETO ', 5, '', '', '', '0000-00-00', 0, 0),
(119, 'BH MONTAGEM', 'LL', '', 14, '', '', '', '', 5, '', '', '', '0000-00-00', 0, 0),
(120, 'VEREDA ENGENHARIA', 'BENJAMIM FRANKLIN', '562', 24, 'LILIAN', '3535 9946', '9398 0306', '', 5, 'CANAAN', 'ITAUNA', '', '0000-00-00', 0, 0),
(121, 'BRAUNAS', 'AV. ANTONIO CARLOS', '7965', 25, '', '3491 1333', 'HAMILTON@BRAUNAS.COM.BR', '', 5, 'PAMPULHA', 'BELO HORIZONTE', 'NÃO SEI', '0000-00-00', 0, 0),
(122, 'DIRECIONAL DELREY ', '', '', 21, '', '', '', 'OC (ALEXANDER.CRISOSTOMO@DIRECIONAL.COM.BR)', 5, '(SHOPPING DELREY)', 'BELO HORIZONTE', '', '0000-00-00', 0, 0),
(123, 'TRATENGE', '', '', 14, '', '3291 8912', '', '', 5, '', '', '', '0000-00-00', 0, 0),
(124, 'CONSTRUCAP REPOSICAO ', '', '', 24, 'ESTEVAN ', '', '8636 4988', '', 8, '', '', '', '0000-00-00', 0, 0),
(125, 'GSS ELETRICA', '', '', 23, 'GILMAR ', '. (31) 9805-4164  ', '(31) 8410-6628', '', 5, '', '', '', '0000-00-00', 0, 0),
(126, 'KHARIS DO BRASIL', '', '', 14, 'ANA FLAVIA', '3686-2001', '', '', 5, '', '', '', '0000-00-00', 0, 0),
(127, 'PLANALTO PREMOLDADOS', '', '', 24, '', '', '', '', 5, '', '', '', '0000-00-00', 0, 0),
(128, 'DIRECIONAL 183 ESMERAL', 'CASTELO', '', 21, 'LIDIANE ', '9765 6475', '', '', 5, 'CASTELO ', '', '', '0000-00-00', 0, 0),
(129, 'TERMOTEC', '', '', 22, 'MARCELA', '3308 7027', '', '', 5, '', 'BELO HORIZONTE ', '', '0000-00-00', 0, 0),
(130, 'LUFT SOLUTIONS', '', '', 19, '', '3622-0932', '', '', 5, '', '', '', '0000-00-00', 0, 0),
(131, 'IMA', '', '', 14, 'POLIANE', '33931053', '', '', 5, '', '', '', '0000-00-00', 0, 0),
(132, 'DIRECIONAL 278', 'RUA DOS OTONI ', '177 ', 21, 'PAULA   ', '', ' 7141 7472', 'OC (PAULA.CONCEICAO@DIRECIONAL.COM.BR)', 5, ' SANTA EFIGENIA', 'BELO HORIZONTE ', '', '0000-00-00', 0, 0),
(133, 'AIR LIQUIDE', '', '', 14, 'PALOMA', '84712331', '', '', 5, '', '', 'NÃO SEI', '0000-00-00', 0, 0),
(134, 'BRASIL CARGAS ', '', '', 25, '', '', '', '', 5, '', '', '', '0000-00-00', 0, 0),
(135, 'LUPA', '', '', 14, 'JHONATA', '2531-1166', '99989719', '', 5, '', '', '', '0000-00-00', 0, 0),
(136, 'OLARIA TELHA BRANCA', '', '', 20, '', '', '', 'TRANSP SETE LAGOS', 5, '', '', '', '0000-00-00', 0, 0),
(137, 'JBS PINTURAS', 'RUA CURITIBA   1289', '1289', 21, 'LUCIMAR', '', ' 8661-0453', '', 5, 'CENTROL  BH', 'BH', '', '0000-00-00', 0, 0),
(138, 'PLANAR EQUIP E L. LTDA', 'HIBISCO ', '365 - CS', 20, 'ELOISIO', '3368 7738', '', '', 5, 'CHACARAS BOA VISTA ', 'CONTAGEM', '', '0000-00-00', 0, 0),
(139, 'HELVECIO ', 'SITIO', '', 14, 'HELVECIO', '', '', '', 5, '', 'JABOTICATUBAS', '', '0000-00-00', 0, 0),
(140, 'CONVERTE ENGENHARIA', 'JOAQUIM PIO ', '22 ', 24, '', ' 3535-2492', '9820-5712 ', '9275-5440 GERENTE: RODRIGO', 5, 'CENTRO ', 'MATHEUS LEME', '', '0000-00-00', 0, 0),
(141, 'POLIPRENE', 'AV. BRASILIA', '3384', 14, 'SANDRO / MAXIMILLIAN', '3637 0865', '', '', 5, 'SAO BENEDITO', 'SANTA LUZIA', 'NÃO SEI', '0000-00-00', 0, 0),
(142, 'COMERCIAL ALUMINIO ', '', '', 14, 'MARCELO', '3639 7370', '', '', 5, '', '', '', '0000-00-00', 0, 0),
(143, 'SANTA HELENA MADEIRAS', '', '', 22, '', '', '', '', 5, '', '', '', '0000-00-00', 0, 0),
(144, 'SERRARIA SOUZA HELENO', '', '', 22, 'DENISE', '3731-7905', '98430-3912', '', 29, '', '', 'NÃO SEI', '0000-00-00', 0, 40),
(145, 'SERRARIA OURO BRANCO', '', '', 22, '', '', '', '', 5, '', '', '', '0000-00-00', 0, 0),
(146, 'CONSTRUTORA ALPHACIT', 'AV DOUTOR CRISTIANO GUIMARAES', '1060 - LOJ', 19, 'LUIZ ANTONIO', '3494 8181', '8518 0001', '', 5, 'PLANALTO', 'BELO HORIZONTE', '', '0000-00-00', 0, 0),
(147, 'ROMAG ', 'PALMEIRAS', '150', 24, 'FRANCIELLE', '3591 2111', '', '', 29, 'CHACARA STO ANTONIO', 'BETIM', 'NÃO SEI', '0000-00-00', 0, 0),
(148, 'MVR', 'EUCALIPTO', '775', 14, '', '3357 6580', '', '', 5, 'ARVOREDO', 'CONTAGEM', '', '0000-00-00', 0, 0),
(149, 'MINAS BRASIL', 'AV. HEGEL RAYMUNDO DE CASTRO LIMA', '77', 23, 'CARLOS GUILHERME PIETSCH', '(31) 3357.3804', '8652.1929', '', 5, ' INDUSTRIAL DR. HéLI', 'CONTAGEM', 'NÃO SEI', '0000-00-00', 0, 0),
(150, '*TESTE', 'TESTE', 'XXX', 26, 'TESTE', 'TESTE', 'TESTE', '', 5, 'TESTE', 'TESTE', '', '0000-00-00', 0, 0),
(151, 'SOARES RODRIGUES', 'AGUAS MARINHAS', '180', 14, 'ELOI', '85518394', '99136223', '', 5, 'CARAJAS', 'CONTAGEM', '', '0000-00-00', 0, 0),
(152, 'SITIO ', '', '', 14, '', '', '', '', 5, '', '', '', '0000-00-00', 0, 0),
(153, 'LUIZ', '', '', 14, '', '', '', '', 5, '', '', '', '0000-00-00', 0, 0),
(154, 'NORMA ALVES', '', '', 23, '', '', '', '', 5, '', '', '', '0000-00-00', 0, 0),
(155, 'MOTOR MIL', '', '', 14, '', '', '', '', 5, '', '', '', '0000-00-00', 0, 0),
(156, 'MRV CAIAPOS', 'AV TAPAJOS ', '3335', 24, 'THAIS KERLLEN', ' (31) 9390 5260', '', 'OC (THAIS.KERLLEN@MRV.COM.BR)', 5, 'LARANJEIRAS', 'BETIM', '', '0000-00-00', 0, 0),
(157, 'WR ', 'OSORIO MACIEL', '206', 24, '', '( 37 )  3274 1616', '', '', 5, 'CENTRO', 'PAPAGAIOS', '', '0000-00-00', 0, 0),
(158, 'FERNANDO', '', '', 26, '', '', '', '', 5, '', 'PEDRO LEOPOLDO', '', '0000-00-00', 0, 0),
(159, 'LOCALIX', '', '', 14, '', '', '', '', 5, '', '', '', '0000-00-00', 0, 0),
(160, 'ELIGER CONSTRUTORA', 'AV SENADOR LEVINDO COELHO', '1688', 23, 'LUIZA', '31 3441-7974', '31 9798-0648', 'LUIZA.CRISTINA@ELIGER.COM.BR', 5, ' VALE DO JATOBÁ', 'BELO HORIZONTE ', '', '0000-00-00', 0, 0),
(161, 'REABILITAR', '', '', 26, '', '', '', '', 5, '', '', '', '0000-00-00', 0, 0),
(162, 'TEIXEIRA E SILVA', '', '', 26, '', '', '', '', 5, '', '', '', '0000-00-00', 0, 0),
(163, 'KATER', 'OPALA', '22', 26, '', '3357 3232', '', '', 5, 'SAO JOAQUIM', 'CONTAGEM', '', '0000-00-00', 0, 0),
(164, 'PAULO / PAPAGAIOS ', '', '', 24, '', '', '', '', 5, '', 'PAPAGAIOS', '', '0000-00-00', 0, 0),
(165, 'COMERCIAL CAMPOS', '', '', 24, '', '', '', '', 5, '', 'PAPAGAIOS', '', '0000-00-00', 0, 0),
(166, 'MADAP', '', '', 24, '', '', '', '', 5, '', '', '', '0000-00-00', 0, 0),
(167, 'VALTER BAIANO', '', '', 14, '', '', '', '', 5, '', '', '', '0000-00-00', 0, 0),
(168, 'ALTA ENGENHARIA', '', '', 14, '', '35970542', '', '', 5, '', '', '', '0000-00-00', 0, 0),
(169, 'AMM', 'AV BARÃO HOMEM DE MELO', '', 22, 'DEBORA', '30462940', '', '', 5, '', '', '', '0000-00-00', 0, 0),
(170, 'PERFIL ENGENHARIA', 'MONTE BELO', '57', 23, 'DEBERTH PEREIRA GOMES', '(31) 3353-9518 ', '(31) 8463-7640', 'OBRA 277 - CONTAGEM', 5, 'INDUSTRIAL SAO LUIZ ', 'CONTAGEM', '', '0000-00-00', 0, 0),
(171, 'EPO CONSTRUCOES LTDA', 'AV BARAO HOMEM DE MELO', '3080', 22, 'NATHALIA', '(31) 3505 3020', '', 'NATHALIA.CARVALHO@EPO.COM.BR', 5, 'ESTORIL', 'BELO HORIZONTE ', '', '0000-00-00', 0, 0),
(172, 'MRV PLAZZA BELA ', 'VISCONDE DE MAUA', '95', 21, 'NATIELE', '9373 1330', '9373 1330', 'O.C (RAMON.ALVIM@MRV.COM.BR)', 5, 'CALIFORNIA', 'BELO HORIZONTE', '', '0000-00-00', 0, 0),
(173, 'BICALHO', '', '', 14, '', '', '', '', 5, '', '', '', '0000-00-00', 0, 0),
(174, 'JOAO CERUTTI', '', '', 26, '', '', '', '', 5, '', '', '', '0000-00-00', 0, 0),
(175, 'VIA ENG ( UNIMED )', '', '', 21, 'DAYSE', '3657 7016', '', '', 5, 'INCONFIDENTES', 'BELO HORIZONTE ', '', '0000-00-00', 0, 0),
(176, 'SERIS FIAT ( BETIM )', '', '', 24, 'JESSICA CIRILO', '2123 2632', '9185 3411', '', 10, '', 'BETIM', '', '0000-00-00', 0, 0),
(177, 'IBL', '', '', 22, 'VER C/ RONALDO', '31 35623200', '', '', 5, '', '', 'NÃO SEI', '0000-00-00', 0, 0),
(178, 'PERIMETRAL', '', '', 14, '', '3538 1772', '', '', 5, '', '', '', '0000-00-00', 0, 0),
(179, 'LEME ENGENHARIA LTDA', 'UBERABA', '865', 21, 'THAIS MARQUES', '3495-9971 ', '7817- 4111', 'PAGAMENTO - 15 DIAS', 5, 'BARRO PRETO', 'BELO HORIZONTE', 'SIM', '0000-00-00', 0, 0),
(180, 'MERCI REFORMAS E CONSTRUçOES', '', '', 26, 'JAIME', '8757-8072', '', '', 5, '', '', 'SIM', '0000-00-00', 0, 0),
(181, 'METAL SORIO', 'DORIVAL MACHADO', '492', 19, 'ELIU', '3452-3750', '9954-3750', '', 5, 'SANTA MONICA', '', 'NÃO SEI', '0000-00-00', 0, 0),
(182, 'MASB METROPOLI', 'RUA VEREDA', '50', 22, 'GISELE', '3262 2046', '8456 7513', '', 5, 'VILA DA SERRA', 'NOVA LIMA', 'NÃO SEI', '0000-00-00', 0, 0),
(183, 'FABRIAçO', '', '', 14, 'ADRIANO', '3649-5250', '', '', 5, '', '', 'NÃO SEI', '0000-00-00', 0, 0),
(184, 'BRASS DO BRASIL', 'ALAMEDA OSCAR NIEMEYER', '360', 14, 'CARLA BISPO', '(31) 3789 0104 | 2519 3505', '', 'FINANCEIRO - PAULO PEZZI', 5, '', 'NOVA LIMA', 'NÃO SEI', '0000-00-00', 0, 0),
(185, 'DO VALE ENGENHARIA', 'RUA SANTA RITA DURAES', '321', 14, 'RICARDO', '8581 9506', '', '', 5, 'FUNCIONARIOS', 'BELO HORIZONTE ', 'NÃO SEI', '0000-00-00', 0, 0),
(186, 'AW7', '', '', 14, '', '', '', '', 5, '', '', 'NÃO SEI', '0000-00-00', 0, 0),
(187, 'LWART', '', '', 14, 'JACARE/EDSON', '', '9732-8212', '', 5, '', '', 'NÃO SEI', '0000-00-00', 0, 0),
(188, 'ANDRADE GUTIERREZ', 'AV.DOS ANDRADAS', '8005', 21, 'JULIANE MARIA', '31-8646.4297', '31-8646.4297', 'FATU 01A10 - VENC 10 MES SEGUINTE', 5, 'CAETANO FURQUIM', 'BELO HORIZONTE ', 'NÃO SEI', '0000-00-00', 0, 0),
(189, 'SANTA JULIANA', '', '', 14, 'GUSTAVO', '3227-2789', '', '', 5, '', '', 'NÃO SEI', '0000-00-00', 0, 0),
(190, 'K & L MECANICA LTDA', 'AV SOLFERINA RICCI PACE', '450', 23, 'MARCONE VIANA', '(31) 3115-3104', '', '5% DE DESCONTO', 5, 'VALE DO JATOBA', 'BELO HORIZONTE', 'SIM', '2013-10-01', 0, 0),
(191, 'ECO VITAL ', 'AV COMENDADOR FRANCISCO ALVES QUINTAS', '60', 24, 'VALMIR BARREIROS', '3580 0160', '8430 7968', '', 5, 'DISTRITO INDUSTRIAL', 'SARZEDO', 'NÃO SEI', '0000-00-00', 0, 0),
(192, 'TECNOART', 'RODRIGUES DA CUNHA ', '100', 20, '', '3329 1600', '', '', 5, 'SAO JAOQUIM', 'CONTAGEM ', 'NÃO SEI', '0000-00-00', 0, 0),
(193, 'TVL - TRANSVALENTE LOGISTICA', 'MARGINAL ANEL ROD - 262', 'KM 9  -  N', 26, 'ANA / PAULO', '3303 1597', '', 'SEM CDL - JA ERA CLIENTE', 5, '', 'BELO HORIZONTE ', 'SIM', '2013-10-01', 0, 0),
(194, 'COMERCIAL CIRILO', '', '', 14, '', '', '', '', 5, '', '', 'NÃO SEI', '0000-00-00', 0, 0),
(195, 'ROYAL QUALITY ', 'CONDE DE LUMINARES', '390', 14, '', '31 3389 2771', '', '', 5, 'GERTUDES', 'BELO HORIZONTE ', 'NÃO SEI', '0000-00-00', 0, 0),
(196, 'AP PONTO ', 'AV ALVARES CABRAL', '1366', 21, 'DEBORA', '3025 7005', '2591 6660 (OBRA)', 'FATURA PARA "TERÇAS" MINIMO 7DIAS', 5, 'LOURDES', 'BELO HORIZONTE ', 'SIM', '2013-10-04', 0, 0),
(197, 'ENSEL ENGENHARIA', 'VIANA DO CASTELO ', '320', 14, 'GERALDO M. LEANDRO', '(31) 2555-4077', '(31) 8452-9554', '', 5, 'SÃO FRANCISCO ', 'BELO HORIZONTE ', 'SIM', '2013-10-08', 0, 0),
(198, 'CERAMICA BRUNET', '', '', 26, '', '', '', '', 5, '', 'PARA DE MINAS', 'NÃO SEI', '0000-00-00', 0, 0),
(199, 'MONTREAL', '', '', 14, 'EDUARDO CAMELO', '3280-7600', '', '', 5, '', '', 'NÃO SEI', '0000-00-00', 0, 0),
(200, 'HMW HIDRAULICA', 'SERRA D''AGUA QUENTE', '430', 23, '', '3331 4854', '', '', 5, 'DISTRITO INDUSTRIAL', 'BELO HORIZONTE', 'NÃO SEI', '0000-00-00', 0, 0),
(201, 'LACERDA RIBEIRO ENGENHARIA', '', '', 14, 'FABRICIO', '9695-1123', '', '', 5, '', '', 'NÃO SEI', '0000-00-00', 0, 0),
(202, 'MAX FORMA', 'LL', '', 20, 'FERNANDA', ' (31) 3913-9883', ' (31) 9726-1605', 'EM FRENTE A SEGURA', 5, 'ARVOREDO', 'CONTAGEM', 'NÃO SEI', '0000-00-00', 0, 0),
(203, 'CERAMICA BURITIS', '', '', 26, '', '', '', '', 5, '', '', 'NÃO SEI', '0000-00-00', 0, 0),
(204, 'TUMA INSTALACOES ', 'CONDE DE BOBADELA', '45', 19, 'DAIANNE', ' (31) 2111- 0099', '', '', 5, 'SAO FRANCISCO', 'BELO HORIZONTE', 'SIM', '2013-10-22', 0, 0),
(205, 'EDSON ALVES ', '', '', 26, '', '', '', 'SO BOLETO', 5, '', '', 'NÃO SEI', '0000-00-00', 0, 0),
(206, 'CARVALHO QUEIROZ ENG', 'CAETANO VASCONCELOS', '33', 14, '', '3493 4600', '', '', 5, 'BELA VITORIA', 'BELO HORIZONTE', 'NÃO SEI', '0000-00-00', 0, 0),
(207, 'MPC COMERCIO ', 'SAO COSME E DAMIAO', '', 14, '', '3580 0200', '', '', 5, '', 'SARZEDO', 'NÃO SEI', '0000-00-00', 0, 0),
(208, 'A. GUTIERREZ - S JOAQUIM', 'AV SEVERINO BALESTERIOS ', 'X', 20, '', '', '', 'OBRA SUPERMERCADO', 5, 'SAO JOAQUIM', 'CONTAGEM', 'NÃO SEI', '0000-00-00', 0, 0),
(209, 'JAILTON', '', '', 26, '', '', '', '', 5, '', '', 'NÃO SEI', '0000-00-00', 0, 0),
(210, 'ENGE MINAS', 'PEDRALVA', '118-B', 14, 'CLEVERSON MATTOS', '9156-2655', '', '', 5, 'PARQUE TURISTAS', 'CONTAGEM', 'NÃO SEI', '0000-00-00', 0, 0),
(211, 'TDP', '', '', 14, 'LEONARDO', '3597 1319', '', '', 5, '', '', 'NÃO SEI', '0000-00-00', 0, 0),
(212, 'EDITORA  EDUCACIONAL', 'AV APIO CARDOSO', '577', 14, 'LEONARDO', '3597 1319', '2126 0542', '', 5, 'CINCAO', 'CONTAGEM', 'NÃO SEI', '0000-00-00', 0, 0),
(213, 'ALFA EPI´S', '', '', 14, 'RODRIGO', '9999-0459', '', '', 5, '', '', 'NÃO SEI', '0000-00-00', 0, 0),
(214, 'ESCALA EMPREENDIMENTOS', 'SAO GERALDO', '14', 14, '', '3357 9667', '', '', 5, 'NOSSA SRA. DO CARMO', 'CONTAGEM', 'NÃO SEI', '0000-00-00', 0, 0),
(215, 'MINAS PLAN ', 'GERALDO LúCIO VASCONCELOS ', '785 ', 22, ' JANE / ALARTE.', '3048 2000', '3048 2001', '', 5, 'BURITIS', 'BELO HORIZONTE', 'NÃO SEI', '0000-00-00', 0, 0),
(216, 'ZE RODRIGUES', '', '', 14, '', '3577-2712', '', '', 5, '', '', 'NÃO SEI', '0000-00-00', 0, 0),
(218, 'EPO (NOVA LIMA)', 'ALAMEDA FLAMBOYANT', '170 ', 22, 'ELVIZ PAZ', '3293 0880', '', 'COBRAR FRETE SE NECESSARIO', 5, 'VALE DO SERENO', 'NOVA LIMA ', 'NÃO SEI', '0000-00-00', 0, 0),
(219, 'RECICLAGEM BOCAIUVA', '', '', 14, '', '', '', '', 5, '', '', 'NÃO SEI', '0000-00-00', 0, 0),
(220, 'TERMOTECNICA IND.COMERCIO', '', '', 14, 'MEYRE', '3308-7000', '', '', 5, '', '', 'NÃO SEI', '0000-00-00', 0, 0),
(221, 'IMA INDUSTRIA MECANICA AMARAL', '', '', 14, 'ALINE/PATRICIA', '3393-1053', '', '', 5, '', '', 'NÃO SEI', '0000-00-00', 0, 0),
(222, 'HI TRANSPORTE', 'VIOLETA SOARES BATISTA DA SILVA ', '60', 14, '', '35 38264412', '35 38264335', '', 5, 'OURO VERDE', 'LAVRAS', 'NÃO SEI', '0000-00-00', 0, 0),
(223, 'MKS  /CONSTRUCAP', '', '', 24, '', '', '', '', 5, '', '', 'NÃO SEI', '0000-00-00', 0, 0),
(224, 'JARDIM CASA EMPREENDIMENTOS IMOBILIÁRIOS LTDA', 'RUA TURIM ', 'Nº 99 SALA', 21, 'RODRIGO(EPO)', '35420475', '', ' EPO', 5, 'SANTA LUCIA ', 'BELO HORIZONTE', 'NÃO SEI', '0000-00-00', 0, 0),
(225, 'EXPANDEX', '', '', 14, 'LILIAN', '3393-4747', '', '', 5, '', '', 'NÃO SEI', '0000-00-00', 0, 0),
(226, 'ATIVA COMERCIO E INDUSTRIA LTDA', 'RODOVIA 060', '400', 25, 'MARCIO', '3133848671', '86185351', '', 5, 'FAZENDA SANTA CRUZ', 'ESMERALDAS', 'SIM', '2013-10-15', 0, 0),
(227, 'CONSTRUTORA TEXEIRA', '', '', 14, 'MARCOS', '8748-6922', '(38)99514137', '', 5, '', '', 'NÃO SEI', '0000-00-00', 0, 0),
(228, 'CENTRO AUTOM CALTOMEC', '', '', 14, 'MARCIO', '2567-0400', '', 'TOALHA R$ 0,88', 5, '', '', 'NÃO SEI', '0000-00-00', 0, 0),
(229, 'MRV PARQUE APACH', 'AVENIDA TABAJOR', '2580', 24, '', '', '', 'PROXIMO A DESTILADOS LARANJEIRA', 5, 'LARANJEIRAS ', '', 'NÃO SEI', '0000-00-00', 0, 0),
(230, 'JH EMPREENDIMENTOS', '', '', 20, '', '', '', '', 5, '', '', 'NÃO SEI', '0000-00-00', 0, 0),
(231, 'CONFINS TRANSPORTES LTDA', '', '', 26, 'EDNA', '2519-6450', '', '', 5, '', '', 'NÃO SEI', '0000-00-00', 0, 0),
(233, 'AUTO JAPAN VEICULOS E PECAS LTDA', 'AV RAJA GABAGLIA ', '2760', 21, 'DANIELA OU GUSTAVO', '3298-2940  3298-2928 ', 'X', 'CADA PECA DO UNIFORME DEVE SER EMBALADO INDIV', 5, 'SANTA LUCIA ', 'BELO HORIZONTE', 'NÃO SEI', '0000-00-00', 0, 0),
(234, 'CMC FERROVIARIA', 'RUA E', '78', 24, 'LORENA', '3577-7377', '35778373', '', 5, 'CENTRAL PARK ', 'SARZEDO', 'NÃO SEI', '0000-00-00', 0, 0),
(235, 'MILPLAN - ENGENHARIA, CONSTRUÇÕES E MONTAGENS', 'RUA SENHORA DE LOURDES', '115', 21, 'MARCELO', '(31) 3288-1600', '(31) 3288-1660', '', 5, 'OLHOS D’áGUA NORTE', 'BELO HORIZONTE', 'NÃO SEI', '0000-00-00', 0, 0),
(236, 'GERAES ARQUITETURA ENGENHARIA LTDA', 'RUA PAULO AFONSO', '1057', 21, 'PAULO HENRRIQUE', '32985000', '+', 'COLOCAR O/C E OBRA  NA NF ', 5, 'SANTO ANTONIO', 'BELO HORIZONTE', 'NÃO SEI', '0000-00-00', 0, 0),
(237, 'ATUAL SERVICE LTDA', 'RUA JOSE DO CARMO GOMES', '93', 21, 'WILLIAN', '3125144277', '25164378', '', 5, 'J.INCONFIDENCIA', 'BELO HORIZONTE', 'NÃO SEI', '0000-00-00', 0, 0),
(238, 'MASCARENHAS BARBOSA', 'FAZ RIO DE PEIXE ', 'S/N', 21, 'RODRIGO PAOLINELLI', '35632212', '*', '*', 5, 'ZONA RURAL', 'NOVA LIMA ', 'NÃO SEI', '0000-00-00', 0, 0),
(239, 'BOMBAS RAYMA', '', '', 26, '', '', '', '', 5, '', '', 'NÃO SEI', '0000-00-00', 0, 0),
(240, 'SOLUENGES', '', '', 26, '', '', '', '', 29, '', '', 'NÃO SEI', '0000-00-00', 0, 0),
(241, 'VH RECICLAGEM', '', '', 26, '', '', '', '', 5, '', '', 'NÃO SEI', '0000-00-00', 0, 0),
(242, 'SITRAN', '', '', 26, 'JANAINA', '', '', '', 5, '', '', 'NÃO SEI', '0000-00-00', 0, 0),
(243, 'T E L ESCOLA CULINARIA', 'X', 'X', 21, 'X', 'X', '', '', 5, 'BELO HORIZONTE', 'BH', 'NÃO SEI', '0000-00-00', 0, 0),
(245, 'SCP PÁTIO CONTAGEM - SITRAN', '', '', 19, 'JOSÉ EUSTÁQUIO', '33893900', '', '', 5, '', 'BELO HORIZONTE', 'NÃO SEI', '0000-00-00', 0, 0),
(246, 'SITRAN - CONSÓRCIO SIGMA ', '', '', 20, 'JOSÉ EUSTÁQUIO', '313389-3900', '', '', 5, '', 'CONTAGEM', 'SIM', '2015-01-27', 0, 0),
(247, 'SITRAN - SPC PÁTIO CONTAGEM', '', '', 19, 'JOSÉ EUSTÁQUIO', '313389-3900', '', '', 5, '', 'BELO HORIZONTE', 'SIM', '2015-01-27', 0, 0),
(248, 'PREFEITURA S.JOSE BARRA', '', '', 26, 'PAULO RENATO', '35 9921-9524', '35 9102-7328', 'LICITAÇÃO', 5, '', 'S.JOSE BARRA', 'NÃO SEI', '0000-00-00', 0, 0),
(249, 'URB TOPO', 'R. JOAQUIM NABUCO', '59', 23, 'ROMÁRIO OU BRUNO/NILSON', '3555-9444 OU 3555-9521', '', 'ENTREGA: NILSON', 5, 'JARDIM INDUSTRIAL', 'CONTAGEM', 'NÃO SEI', '0000-00-00', 0, 0),
(250, 'ECO FRIO', '', '', 26, '', '', '', '', 5, '', '', 'NÃO SEI', '0000-00-00', 0, 0),
(251, 'PERSONALITÉ/PERSONALIZE', '', '', 26, '', '', '', '', 5, '', '', 'NÃO SEI', '0000-00-00', 0, 0),
(252, 'EBL', '', '', 25, 'AGNALDO', '3639-5141', '', '', 29, 'JUSTINÓLOPIS', '', 'NÃO SEI', '0000-00-00', 0, 45),
(253, 'UNIVIDAS', '', '', 26, '', 'X', '', '', 5, '', '', 'NÃO SEI', '0000-00-00', 0, 0),
(254, 'TERRAYAMA', '', '', 26, '', 'X', '', '', 5, '', '', 'NÃO SEI', '0000-00-00', 0, 0),
(255, 'TERRAYAMA', '', '', 26, '', 'X', '', '', 5, '', '', 'NÃO SEI', '0000-00-00', 0, 0),
(256, 'PREFEITURA BORDADAMATA', '', '', 26, '', 'X', '', '', 5, '', '', 'NÃO SEI', '0000-00-00', 0, 0),
(257, 'TRACTEL', '', '', 26, 'X', 'X', '', '', 5, '', '', 'NÃO SEI', '0000-00-00', 0, 0),
(258, 'ACARDIS LOGO', 'PERNAMBUCO', '1000', 21, 'ALINE BARBOSA DE SOUZA', '31 3194-8972', '', '', 5, 'FUNCIONARIOS', 'BELO HORIZONTE', 'NÃO SEI', '0000-00-00', 0, 0),
(260, 'RTED', 'ANTENOR PRATA', '32', 19, 'RILDO TEODORO', '31 3498-3956', '31 9795-3671', '', 29, 'JARDIM PAQUETA', 'BELO HORIZONTE', 'NÃO SEI', '0000-00-00', 0, 0),
(261, 'PREFEITURA DE ITAUNA', '', '', 26, '', '', '', '', 5, '', '', 'NÃO SEI', '0000-00-00', 0, 0),
(262, 'PREVISAMA', 'ANTONIO TORRES', '470', 21, 'CONCEIÇÃO', '31 3481-7585', '', '', 5, 'SAGRADA FAMILIA', 'BELO HORIZONTE', 'NÃO SEI', '0000-00-00', 0, 0),
(263, 'RODO V', '50 A', '89', 21, 'IRENE', '31 3445-5215', '', '', 5, 'NOVO ARÃO REIS', 'BELO HORIZONTE', 'NÃO SEI', '0000-00-00', 0, 0),
(264, 'LAGOTELA', 'X', 'X', 26, 'MAYARA SCATOLINO', '35 3265-2599', '35 9970-6386', '', 29, '', 'TRES PONTAS', 'NÃO SEI', '0000-00-00', 0, 45),
(265, 'OREFEITURA BORDA DA MATA', '', '', 26, '', '', '', '', 5, '', 'BORDA DA MATA', 'NÃO SEI', '0000-00-00', 0, 0),
(266, 'PREFEITURA BORDA DA MATA', '', '', 26, '', '', '', '', 5, '', 'BORDA DA MATA', 'NÃO SEI', '0000-00-00', 0, 0),
(267, 'CEMITÉRIO BELO VALE', '', '', 26, '', '', '', '', 5, '', 'BELO VALE', 'NÃO SEI', '0000-00-00', 0, 0),
(268, 'TRANSINAL', '', '', 26, '', '', '', '', 5, '', '', 'NÃO SEI', '0000-00-00', 0, 0),
(269, 'SATEL', '', '', 26, '', '', '', '', 5, '', '', 'NÃO SEI', '0000-00-00', 0, 0),
(270, 'BRASPEL', '', '', 26, '', '', '', '', 5, '', '', 'NÃO SEI', '0000-00-00', 0, 0),
(271, 'VIATER', '', '', 26, '', '', '', '', 5, '', '', 'NÃO SEI', '0000-00-00', 0, 0),
(272, 'PRONTA ENTREGA', '', '', 26, '', '', '', '', 5, '', '', 'NÃO SEI', '0000-00-00', 0, 0),
(273, 'ESTOQUE CLIENTE ', '', '', 26, '', '', '', '', 5, '', '', 'NÃO SEI', '0000-00-00', 0, 0),
(274, 'RETRABALHO', '', '', 26, '', '', '', '', 5, '', '', 'NÃO SEI', '0000-00-00', 0, 0),
(275, 'OX-GENIUM', '', '', 26, '', '', '', '', 5, '', '', 'NÃO SEI', '0000-00-00', 0, 0),
(276, 'OX-GENIUM', '', '', 26, '', '', '', '', 5, '', '', 'NÃO SEI', '0000-00-00', 0, 0),
(277, 'URB MINING', '', '', 26, '', '', '', '', 5, '', '', 'NÃO SEI', '0000-00-00', 0, 0),
(278, 'T & F ESCOLA DE CULINÁRIA ', '', '', 26, 'LUCAS', '31 2551-5950', '', '', 5, '', '', 'NÃO SEI', '0000-00-00', 0, 0),
(279, 'FERRAGENS PREÇO FINO', '', '', 14, '', '', '', '', 5, '', '', 'NÃO SEI', '0000-00-00', 0, 0),
(280, 'FREEART SERAL', 'VIGATO', '601', 26, 'X', '019 3311-3800', '', '', 29, '', 'JAGUARIÚNA ', 'NÃO SEI', '0000-00-00', 0, 0),
(281, 'GALAPAGOS', 'DELGADO RONALDO JAQUES', '860', 21, 'PAULO', '31 3469-5000', 'X', '', 5, 'CAIÇARA', 'BELO HORIZONTE', 'NÃO SEI', '0000-00-00', 0, 0),
(282, 'REFORMA', '', '', 26, '', '', '', '', 5, '', '', 'NÃO SEI', '0000-00-00', 0, 0),
(283, 'RASPER', '', '', 26, '', '', '', '', 5, '', '', 'NÃO SEI', '0000-00-00', 0, 0),
(284, 'STRATURA ASFALTOS', '', '', 26, '', '', '', '', 5, '', '', 'NÃO SEI', '0000-00-00', 0, 0),
(285, 'WILSON ', '', '', 26, '', '', '', '', 5, '', '', 'NÃO SEI', '0000-00-00', 0, 0),
(286, 'HORIZONTE FRIOS', '', '', 26, '', '', '', '', 5, '', '', 'NÃO SEI', '0000-00-00', 0, 0),
(287, 'PREFEITURA MAIRIPORÃ', '', '', 26, '', '', '', '', 5, '', '', 'NÃO SEI', '0000-00-00', 0, 0),
(288, 'PREFEITURA MUNICIPAL DE VOTORANTIM', '', '', 26, '', '', '', '', 5, '', '', 'NÃO SEI', '0000-00-00', 0, 0),
(289, 'ETAL', '', '', 26, '', '', '', '', 5, '', '', 'NÃO SEI', '0000-00-00', 0, 0),
(290, 'SILVIO SILK ', '', '', 26, '', '', '', '', 5, '', '', 'NÃO SEI', '0000-00-00', 0, 0),
(291, 'ROMÃO ALVES CONSTRUÇÕES LTDA ', '', '', 26, 'EDSON', '(31) 8668-8452', '', '', 5, '', '', 'NÃO SEI', '0000-00-00', 0, 0),
(292, 'REAL FRIOS ', '', '', 26, '', '', '', '', 5, '', '', 'NÃO SEI', '0000-00-00', 0, 0),
(293, 'CANTINHO DO LANCHE ', '', '', 26, '', '', '', '', 5, '', '', 'NÃO SEI', '0000-00-00', 0, 0),
(294, 'PLACAS NORONHA ', '', '', 26, '', '', '', '', 5, '', '', 'NÃO SEI', '0000-00-00', 0, 0),
(295, 'GRUPO SOUZA HELENO', '', '', 26, '', '', '', '', 5, '', '', 'NÃO SEI', '0000-00-00', 0, 0),
(296, 'GRAN LUB', '', '', 26, '', '', '', '', 5, '', '', 'NÃO SEI', '0000-00-00', 0, 0),
(297, 'CELIO', '', '', 26, '', '', '', '', 5, '', '', 'NÃO SEI', '0000-00-00', 0, 0),
(298, 'SOUZA MELO', '', '', 26, '', '', '', '', 5, '', '', 'NÃO SEI', '0000-00-00', 0, 0),
(299, 'POMAR DA SERRA ', '', '', 26, '', '', '', '', 5, '', '', 'NÃO SEI', '0000-00-00', 0, 0),
(300, 'BISCOITO BIBA', '', '', 26, '', '', '', '', 29, '', '', 'NÃO SEI', '0000-00-00', 0, 0),
(301, 'RG FERRAMENTAS ', '', '', 26, '', '', '', '', 5, '', '', 'NÃO SEI', '0000-00-00', 0, 0),
(302, 'VITAL CONSTRUTORA  ', '', '', 26, '', '', '', '', 5, '', '', 'NÃO SEI', '0000-00-00', 0, 0),
(303, 'ALPHA ABRAS ', '', '', 26, '', '', '', '', 5, '', '', 'NÃO SEI', '0000-00-00', 1, 0),
(304, 'VITAL CONSTRUTORA ', '', '', 26, '', '', '', '', 5, '', '', 'NÃO SEI', '0000-00-00', 0, 0),
(305, 'SACOLÃO SANTA RITA', '', '', 26, '', '', '', '', 29, '', '', 'NÃO SEI', '0000-00-00', 0, 0),
(306, 'RGL ', '', '', 26, '', '', '', '', 29, '', '', 'NÃO SEI', '0000-00-00', 0, 0),
(307, 'PREFEITURA MUNICIPAL INDAIATUBA', '', '', 26, '', '', '', '', 29, '', '', 'NÃO SEI', '0000-00-00', 0, 0),
(308, 'PROTEPINDA', '', '', 26, '', '', '', '', 29, '', '', 'NÃO SEI', '0000-00-00', 0, 0),
(309, 'PREFEITURA MUNICIPAL DE SANTA LUZIA', '', '', 26, '', '', '', '', 5, '', '', 'NÃO SEI', '0000-00-00', 0, 0),
(310, 'PALÁCIO DOS LEILÕES ', '', '', 26, '', '', '', '', 5, '', '', 'NÃO SEI', '0000-00-00', 0, 0),
(311, 'HIDROSERVICE', '', '', 26, '', '', '', '', 5, '', '', 'NÃO SEI', '0000-00-00', 0, 0),
(312, 'AMIX CONCRETO', '', '', 26, '', '', '', '', 5, '', '', 'NÃO SEI', '0000-00-00', 0, 0),
(313, 'PREFEITURA MUNICIPAL DE ITAPEVA', '', '', 26, '', '', '', '', 5, '', '', 'NÃO SEI', '0000-00-00', 0, 0),
(314, 'OFICINA DO EDINALDO', '', '', 26, '', '', '', '', 5, '', '', 'NÃO SEI', '0000-00-00', 0, 0),
(315, 'ORGANIZAÇÃO HL', '', '', 26, '', '', '', '', 5, '', '', 'NÃO SEI', '0000-00-00', 0, 0),
(316, 'SIMOSO', '', '', 26, '', '', '', '', 5, '', '', 'NÃO SEI', '0000-00-00', 0, 0),
(317, 'CONSTRUTORA SCALA GUAÇU', '', '', 26, '', '', '', '', 29, '', '', 'NÃO SEI', '0000-00-00', 0, 0),
(318, 'HORT VILLI', '', '', 26, 'CHAIDE', '', '9 8556-9757', '', 29, 'CEASA', '', 'NÃO SEI', '0000-00-00', 0, 0),
(319, 'RJEB', '', '', 26, 'SAMARA', '31 3498-3956', '', 'CNPJ 14.237.245/0001-41', 29, '', '', 'NÃO SEI', '0000-00-00', 0, 0),
(320, 'EXCEDENTE', '', '', 26, '', '', '', '', 5, '', '', 'NÃO SEI', '0000-00-00', 0, 0),
(321, 'OTÁVIO TOLDOS E SERRALHERIA', 'AMILCAR CABRAL', '598', 14, 'OTÁVIO', '3336-4782', '99695-5611', '', 5, 'MILIONÁRIOS', 'BH', 'NÃO SEI', '0000-00-00', 0, 0),
(322, 'CONSTRUSIL', '', '', 26, 'X', 'X', 'X', '', 5, '', '', 'NÃO SEI', '0000-00-00', 0, 0),
(323, 'CELSO', '', '', 14, 'CELSO', '', '9 8415-2028', 'FUNCIONARIO EBL', 5, '', '', 'NÃO SEI', '0000-00-00', 0, 0),
(324, 'GPA', 'AV DAVID SARNOFF', '', 26, 'X', 'X', '99970-1012', '', 5, '', '', 'NÃO SEI', '0000-00-00', 0, 0),
(325, 'PONTUAL ASSESSORIA', 'JOSE GONÇALVES', '380', 23, 'ZELMA', 'X', 'X', 'VENDEDOR ANTONIO', 29, 'SANTA MARGARIDA/BARR', 'BHTE', 'SIM', '2015-11-18', 0, 0),
(326, 'CHIMENE', 'X', 'X', 26, '3533-1107 ', '3533-1948', 'X', 'X', 5, 'X', 'X', 'NÃO SEI', '0000-00-00', 0, 0),
(327, 'CHARME', '0', '0', 26, '0', '0', '0', 'CHIMENE', 5, '0', '0', 'NÃO SEI', '0000-00-00', 0, 0),
(328, 'PREV AÇÃO', 'CORNELIO VAZ DE MELO', '11', 23, '98457-6744', '0', '0', '0', 5, 'BARREIRO', 'CONTAGEM', 'NÃO SEI', '0000-00-00', 0, 0),
(329, 'BRITENG', 'X', 'X', 26, 'X', 'X', 'X', 'X', 5, 'X', 'X', 'NÃO SEI', '0000-00-00', 0, 0),
(330, 'FRIVASA', '0', '0', 26, '0', '0', '', '', 5, '0', '', 'NÃO SEI', '0000-00-00', 0, 0),
(331, 'AGUATEC ENGENHARIA E SERVIÇOS', 'RUA CARIJÓS', '244 -  SAL', 21, '33952272', 'X', 'X', 'CEP:30120060', 5, 'CENTRO', 'BH', 'NÃO SEI', '0000-00-00', 0, 0),
(332, 'LOJA  VIRTUAL', '0', '0', 14, '', '0', '0', '0', 5, '00', '0', 'NÃO SEI', '0000-00-00', 0, 0),
(333, 'POLIPLAC', 'R:UBERABA', '335', 21, 'VAGNER', '33486300', '', '', 29, 'BARRO PRETO', 'BH', 'NÃO SEI', '0000-00-00', 0, 40),
(334, 'PROTEGE MINAS', 'NICOLAU LARAIA', '15', 21, 'RAFAEL', '', '', '', 5, 'POUSO ALEGRE', 'POUSO ALEGRE', 'NÃO SEI', '0000-00-00', 0, 40),
(335, 'FRIGORIFICO SAO JOAQUIM', '', '', 26, 'MAXIMILIANO', '995732061', '998576793', '', 5, '', '', 'NÃO SEI', '0000-00-00', 0, 40),
(336, 'VERDE LIMAO', '', '', 26, '', '30232665', '984665645', '', 5, 'CEASA', '', 'NÃO SEI', '0000-00-00', 0, 40),
(337, 'SACARIA SAFRA', '', '', 26, 'MARCELO', '986267380', '3394-2859', '', 5, '', '', 'NÃO SEI', '0000-00-00', 0, 40),
(338, 'PREFEITURA MONTER MOR', '', '', 26, '', '', '', '', 5, '', '', 'NÃO SEI', '0000-00-00', 0, 46);

-- --------------------------------------------------------

--
-- Estrutura da tabela `clientes_has_tabelas`
--

CREATE TABLE IF NOT EXISTS `clientes_has_tabelas` (
  `id` int(11) NOT NULL,
  `clientes_id` int(11) NOT NULL,
  `tabelas_id` int(11) NOT NULL
) ENGINE=MyISAM AUTO_INCREMENT=404 DEFAULT CHARSET=utf8;

--
-- Extraindo dados da tabela `clientes_has_tabelas`
--

INSERT INTO `clientes_has_tabelas` (`id`, `clientes_id`, `tabelas_id`) VALUES
(1, 35, 5),
(2, 36, 5),
(3, 40, 5),
(4, 45, 5),
(5, 51, 5),
(6, 55, 5),
(7, 58, 5),
(8, 66, 5),
(9, 70, 5),
(10, 71, 5),
(265, 73, 5),
(12, 74, 5),
(160, 85, 5),
(14, 86, 5),
(15, 87, 5),
(16, 88, 5),
(17, 89, 5),
(18, 102, 5),
(19, 105, 5),
(20, 109, 5),
(253, 110, 5),
(22, 115, 5),
(23, 119, 5),
(24, 123, 5),
(25, 126, 5),
(26, 131, 5),
(174, 133, 5),
(28, 135, 5),
(29, 139, 5),
(220, 141, 5),
(31, 142, 5),
(32, 148, 5),
(33, 151, 5),
(34, 152, 5),
(35, 153, 5),
(36, 155, 5),
(37, 159, 5),
(38, 167, 5),
(39, 168, 5),
(40, 173, 5),
(41, 178, 5),
(42, 183, 5),
(43, 184, 5),
(44, 185, 5),
(45, 48, 5),
(194, 49, 5),
(47, 50, 5),
(48, 61, 5),
(49, 63, 5),
(50, 69, 5),
(51, 77, 9),
(52, 91, 5),
(247, 98, 5),
(233, 113, 14),
(55, 130, 5),
(56, 146, 5),
(57, 181, 5),
(153, 37, 7),
(59, 99, 9),
(60, 114, 5),
(61, 117, 5),
(62, 136, 5),
(63, 138, 5),
(64, 32, 5),
(222, 34, 5),
(66, 44, 5),
(67, 64, 10),
(195, 67, 5),
(69, 79, 5),
(70, 80, 5),
(71, 81, 5),
(72, 82, 5),
(267, 83, 5),
(74, 90, 5),
(75, 93, 5),
(76, 97, 5),
(77, 100, 5),
(78, 112, 5),
(79, 122, 5),
(80, 128, 5),
(81, 132, 5),
(82, 137, 5),
(83, 172, 5),
(84, 175, 5),
(85, 179, 5),
(86, 56, 5),
(87, 59, 13),
(88, 104, 5),
(89, 108, 5),
(90, 129, 5),
(91, 143, 5),
(395, 144, 5),
(93, 145, 5),
(94, 169, 5),
(95, 171, 5),
(246, 177, 5),
(97, 182, 5),
(263, 41, 5),
(99, 43, 5),
(100, 46, 5),
(101, 52, 5),
(102, 53, 11),
(237, 54, 5),
(268, 60, 5),
(105, 84, 5),
(255, 94, 5),
(107, 95, 5),
(108, 101, 5),
(109, 103, 5),
(110, 106, 5),
(111, 111, 5),
(204, 116, 5),
(113, 118, 5),
(114, 125, 5),
(231, 149, 5),
(116, 154, 5),
(117, 160, 5),
(118, 170, 5),
(119, 33, 5),
(271, 38, 6),
(121, 39, 8),
(122, 42, 11),
(123, 47, 5),
(124, 62, 5),
(165, 68, 12),
(126, 72, 5),
(127, 75, 5),
(184, 76, 5),
(226, 92, 5),
(130, 107, 5),
(131, 120, 5),
(132, 124, 8),
(133, 127, 5),
(134, 140, 5),
(313, 147, 5),
(136, 156, 5),
(137, 157, 5),
(138, 164, 5),
(139, 165, 5),
(140, 166, 5),
(141, 176, 10),
(198, 78, 5),
(143, 96, 5),
(274, 121, 5),
(145, 134, 5),
(146, 150, 5),
(147, 158, 5),
(148, 161, 5),
(149, 162, 5),
(150, 163, 5),
(151, 174, 5),
(152, 180, 5),
(191, 186, 5),
(155, 187, 5),
(244, 188, 5),
(158, 189, 5),
(196, 190, 15),
(200, 191, 16),
(163, 192, 5),
(185, 193, 5),
(166, 194, 5),
(171, 195, 6),
(170, 195, 5),
(178, 196, 5),
(193, 198, 5),
(183, 195, 5),
(186, 196, 5),
(190, 197, 5),
(197, 199, 5),
(207, 200, 5),
(202, 201, 5),
(208, 202, 5),
(205, 203, 5),
(206, 204, 17),
(209, 205, 5),
(210, 206, 5),
(211, 207, 5),
(213, 208, 5),
(214, 209, 5),
(228, 210, 5),
(229, 211, 5),
(227, 212, 5),
(270, 213, 5),
(221, 214, 5),
(225, 215, 5),
(230, 216, 5),
(232, 217, 5),
(240, 218, 5),
(239, 219, 5),
(241, 220, 5),
(242, 221, 5),
(245, 222, 5),
(248, 223, 5),
(249, 224, 5),
(251, 225, 5),
(252, 226, 5),
(254, 227, 5),
(256, 228, 5),
(257, 229, 5),
(258, 230, 5),
(260, 231, 5),
(272, 38, 9),
(275, 232, 5),
(276, 233, 5),
(277, 234, 5),
(278, 235, 5),
(282, 236, 20),
(280, 237, 5),
(283, 238, 21),
(284, 239, 5),
(336, 240, 5),
(286, 241, 5),
(287, 242, 5),
(288, 243, 5),
(289, 244, 5),
(290, 245, 5),
(291, 246, 5),
(292, 247, 5),
(293, 248, 5),
(294, 249, 5),
(295, 250, 5),
(296, 251, 5),
(402, 252, 5),
(298, 253, 5),
(299, 254, 5),
(300, 255, 5),
(301, 256, 5),
(302, 257, 5),
(303, 258, 5),
(304, 259, 5),
(378, 260, 5),
(306, 261, 5),
(307, 262, 5),
(308, 263, 5),
(403, 264, 5),
(310, 265, 5),
(311, 266, 5),
(312, 267, 5),
(314, 268, 5),
(315, 269, 5),
(316, 270, 5),
(317, 271, 5),
(318, 272, 5),
(319, 273, 5),
(320, 274, 5),
(321, 275, 5),
(322, 276, 5),
(323, 277, 5),
(324, 278, 5),
(325, 279, 5),
(333, 280, 5),
(327, 281, 5),
(328, 282, 5),
(329, 283, 5),
(330, 284, 5),
(331, 285, 5),
(332, 286, 5),
(334, 287, 5),
(335, 288, 5),
(337, 289, 5),
(338, 290, 5),
(339, 291, 5),
(340, 292, 5),
(341, 293, 5),
(342, 294, 5),
(343, 295, 5),
(344, 296, 5),
(345, 297, 5),
(346, 298, 5),
(347, 299, 5),
(355, 300, 5),
(349, 301, 5),
(350, 302, 5),
(351, 303, 5),
(352, 304, 5),
(354, 305, 5),
(379, 306, 5),
(358, 307, 5),
(362, 308, 5),
(360, 309, 5),
(361, 310, 5),
(363, 311, 5),
(364, 312, 5),
(365, 313, 5),
(366, 314, 5),
(367, 315, 5),
(368, 316, 5),
(370, 317, 5),
(372, 318, 5),
(377, 319, 5),
(374, 320, 5),
(375, 321, 5),
(376, 322, 5),
(380, 323, 5),
(381, 324, 5),
(383, 325, 5),
(384, 326, 5),
(385, 327, 5),
(386, 328, 5),
(387, 329, 5),
(388, 330, 5),
(389, 331, 5),
(390, 332, 5),
(394, 333, 5),
(397, 334, 5),
(398, 335, 5),
(399, 336, 5),
(400, 337, 5),
(401, 338, 5);

-- --------------------------------------------------------

--
-- Estrutura da tabela `controle`
--

CREATE TABLE IF NOT EXISTS `controle` (
  `id` int(11) NOT NULL,
  `data` varchar(45) NOT NULL
) ENGINE=MyISAM DEFAULT CHARSET=utf8;

-- --------------------------------------------------------

--
-- Estrutura da tabela `fluxos`
--

CREATE TABLE IF NOT EXISTS `fluxos` (
  `id` int(11) NOT NULL,
  `pedido_id` int(11) DEFAULT NULL,
  `produto_id` int(11) NOT NULL,
  `data` date NOT NULL,
  `quantidade` int(11) NOT NULL,
  `envio_retorno` int(11) NOT NULL,
  `quem` int(11) NOT NULL,
  `andamento` int(11) NOT NULL,
  `silk_bord` text,
  `obs` text,
  `status` int(11) NOT NULL
) ENGINE=MyISAM AUTO_INCREMENT=14998 DEFAULT CHARSET=utf8;

--
-- Extraindo dados da tabela `fluxos`
--

INSERT INTO `fluxos` (`id`, `pedido_id`, `produto_id`, `data`, `quantidade`, `envio_retorno`, `quem`, `andamento`, `silk_bord`, `obs`, `status`) VALUES
(11726, 243, 631, '2015-12-02', 0, 0, 29, 0, '', '', 1),
(11727, 243, 631, '2015-12-03', 0, 0, 29, 1, '', '', 1),
(11728, 243, 631, '2015-12-04', 0, 0, 29, 2, '', '', 1),
(11729, 243, 631, '2015-12-05', 0, 0, 29, 3, '', '', 1),
(11730, 243, 631, '2015-12-06', 0, 0, 29, 4, '', '', 1),
(11731, 243, 631, '2015-12-07', 0, 0, 29, 5, '', '', 1),
(11732, 243, 631, '2015-12-08', 0, 0, 29, 6, '', '', 1),
(11733, 243, 631, '2015-12-09', 0, 0, 29, 7, '', '', 1),
(11734, 243, 631, '2015-12-10', 0, 0, 29, 8, '', '', 1),
(11735, 243, 631, '2015-12-12', 0, 0, 29, 10, '', '', 1),
(11736, 243, 631, '2015-12-13', 0, 0, 29, 11, '', '', 1),
(11737, 243, 631, '2015-12-16', 0, 0, 22, 14, '', '', 1),
(11738, 243, 634, '2015-12-17', 134, 0, 28, 15, '', '', 1),
(11739, 243, 632, '2015-12-02', 0, 0, 29, 0, '', '', 1),
(11740, 243, 632, '2015-12-03', 0, 0, 29, 1, '', '', 1),
(11741, 243, 632, '2015-12-04', 0, 0, 29, 2, '', '', 1),
(11742, 243, 632, '2015-12-05', 0, 0, 29, 3, '', '', 1),
(11743, 243, 632, '2015-12-06', 0, 0, 29, 4, '', '', 1),
(11744, 243, 632, '2015-12-07', 0, 0, 29, 5, '', '', 1),
(11745, 243, 632, '2015-12-08', 0, 0, 29, 6, '', '', 1),
(11746, 243, 632, '2015-12-09', 0, 0, 29, 7, '', '', 1),
(11747, 243, 632, '2015-12-10', 0, 0, 29, 8, '', '', 1),
(11748, 243, 632, '2015-12-12', 0, 0, 29, 10, '', '', 1),
(11749, 243, 632, '2015-12-13', 0, 0, 29, 11, '', '', 1),
(11750, 243, 632, '2015-12-16', 0, 0, 22, 14, '', '', 1),
(11751, 243, 632, '2015-12-17', 0, 0, 28, 15, '', '', 1),
(11752, 243, 633, '2015-12-02', 0, 0, 29, 0, '', '', 1),
(11753, 243, 633, '2015-12-03', 0, 0, 29, 1, '', '', 1),
(11754, 243, 633, '2015-12-04', 0, 0, 29, 2, '', '', 1),
(11755, 243, 633, '2015-12-05', 0, 0, 29, 3, '', '', 1),
(11756, 243, 633, '2015-12-06', 0, 0, 29, 4, '', '', 1),
(11757, 243, 633, '2015-12-07', 0, 0, 29, 5, '', '', 1),
(11758, 243, 633, '2015-12-08', 0, 0, 29, 6, '', '', 1),
(11759, 243, 633, '2015-12-09', 0, 0, 29, 7, '', '', 1),
(11760, 243, 633, '2015-12-10', 0, 0, 29, 8, '', '', 1),
(11761, 243, 633, '2015-12-12', 0, 0, 29, 10, '', '', 1),
(11762, 243, 633, '2015-12-13', 0, 0, 29, 11, '', '', 1),
(11763, 243, 633, '2015-12-16', 0, 0, 22, 14, '', '', 1),
(11764, 243, 633, '2015-12-17', 0, 0, 28, 15, '', '', 1),
(11765, 243, 634, '2015-12-02', 0, 0, 29, 0, '', '', 1),
(11766, 243, 634, '2015-12-03', 0, 0, 29, 1, '', '', 1),
(11767, 243, 634, '2015-12-04', 0, 0, 29, 2, '', '', 1),
(11768, 243, 634, '2015-12-05', 0, 0, 29, 3, '', '', 1),
(11769, 243, 634, '2015-12-06', 0, 0, 29, 4, '', '', 1),
(11770, 243, 634, '2015-12-07', 0, 0, 29, 5, '', '', 1),
(11771, 243, 634, '2015-12-08', 0, 0, 29, 6, '', '', 1),
(11772, 243, 634, '2015-12-09', 0, 0, 29, 7, '', '', 1),
(11773, 243, 634, '2015-12-10', 0, 0, 29, 8, '', '', 1),
(11774, 243, 634, '2015-12-12', 0, 0, 29, 10, '', '', 1),
(11775, 243, 634, '2015-12-13', 0, 0, 29, 11, '', '', 1),
(11776, 243, 634, '2015-12-16', 0, 0, 22, 14, '', '', 1),
(11777, 243, 634, '2015-12-17', 0, 0, 28, 15, '', '', 1),
(11778, 243, 635, '2015-12-02', 0, 0, 29, 0, '', '', 1),
(11779, 243, 635, '2015-12-03', 0, 0, 29, 1, '', '', 1),
(11780, 243, 635, '2015-12-04', 0, 0, 29, 2, '', '', 1),
(11781, 243, 635, '2015-12-05', 0, 0, 29, 3, '', '', 1),
(11782, 243, 635, '2015-12-06', 0, 0, 29, 4, '', '', 1),
(11783, 243, 635, '2015-12-07', 0, 0, 29, 5, '', '', 1),
(11784, 243, 635, '2015-12-08', 0, 0, 29, 6, '', '', 1),
(11785, 243, 635, '2015-12-09', 0, 0, 29, 7, '', '', 1),
(11786, 243, 635, '2015-12-10', 0, 0, 29, 8, '', '', 1),
(11787, 243, 635, '2015-12-12', 0, 0, 29, 10, '', '', 1),
(11788, 243, 635, '2015-12-13', 0, 0, 29, 11, '', '', 1),
(11789, 243, 635, '2015-12-16', 0, 0, 22, 14, '', '', 1),
(11790, 243, 635, '2015-12-17', 0, 0, 28, 15, '', '', 1),
(11791, 243, 0, '2016-02-04', 0, 2, 29, 9, '', '', 1),
(11792, 243, 0, '2016-02-04', 0, 2, 29, 12, '', '', 1),
(11793, 243, 0, '2016-02-04', 0, 2, 29, 13, '', '', 1),
(11794, 270, 0, '2016-01-06', 0, 2, 0, 0, '', '', 1),
(11795, 270, 0, '2016-01-06', 0, 2, 0, 1, '', '', 1),
(11796, 270, 0, '2016-01-06', 0, 2, 0, 9, '', '', 1),
(11797, 270, 0, '2016-01-06', 0, 2, 0, 10, '', '', 1),
(11798, 270, 0, '2016-01-06', 0, 2, 0, 11, '', '', 1),
(11799, 270, 0, '2016-01-06', 0, 2, 0, 12, '', '', 1),
(11800, 270, 0, '2016-01-06', 0, 2, 0, 13, '', '', 1),
(11801, 270, 714, '2016-01-11', 1, 0, 52, 2, '', '', 1),
(11802, 270, 715, '2016-01-11', 1, 0, 52, 2, '', '', 1),
(11803, 270, 714, '2016-01-13', 1, 0, 52, 3, '', '', 1),
(11804, 270, 715, '2016-01-13', 1, 0, 52, 3, '', '', 1),
(11805, 270, 714, '2016-01-15', 1, 0, 52, 4, '', '', 1),
(11806, 270, 715, '2016-01-15', 1, 0, 52, 4, '', '', 1),
(11807, 270, 714, '2016-01-19', 1, 0, 52, 6, '', '', 1),
(11808, 270, 715, '2016-01-19', 1, 0, 52, 6, '', '', 1),
(11809, 270, 714, '2016-01-21', 1, 0, 52, 7, '', '', 1),
(11810, 270, 715, '2016-01-21', 1, 0, 52, 7, '', '', 1),
(11819, 271, 0, '2016-01-07', 0, 2, 0, 0, '', '', 1),
(11812, 270, 714, '2016-01-26', 1, 0, 22, 8, '', '', 1),
(11813, 270, 715, '2016-01-26', 1, 0, 22, 8, '', '', 1),
(11814, 270, 714, '2016-02-01', 1, 0, 22, 14, '', '', 1),
(11815, 270, 715, '2016-02-01', 1, 0, 22, 14, '', '', 1),
(11816, 270, 714, '2016-02-05', 1, 0, 28, 15, '', '', 1),
(11817, 270, 715, '2016-02-05', 1, 0, 28, 15, '', '', 1),
(11818, 270, 0, '2016-01-06', 0, 2, 0, 5, '', '', 1),
(11820, 271, 0, '2016-01-07', 0, 2, 0, 1, '', '', 1),
(11821, 271, 0, '2016-01-07', 0, 2, 0, 5, '', '', 1),
(11822, 271, 0, '2016-01-07', 0, 2, 0, 7, '', '', 1),
(11823, 271, 0, '2016-01-07', 0, 2, 0, 9, '', '', 1),
(11824, 271, 0, '2016-01-07', 0, 2, 0, 10, '', '', 1),
(11825, 271, 0, '2016-01-07', 0, 2, 0, 11, '', '', 1),
(11826, 271, 0, '2016-01-07', 0, 2, 0, 12, '', '', 1),
(11827, 271, 0, '2016-01-07', 0, 2, 0, 13, '', '', 1),
(11828, 272, 0, '2016-01-07', 0, 2, 0, 0, '', '', 1),
(11829, 272, 0, '2016-01-07', 0, 2, 0, 1, '', '', 1),
(11830, 272, 0, '2016-01-07', 0, 2, 0, 5, '', '', 1),
(11831, 272, 0, '2016-01-07', 0, 2, 0, 7, '', '', 1),
(11832, 272, 0, '2016-01-07', 0, 2, 0, 9, '', '', 1),
(11833, 272, 0, '2016-01-07', 0, 2, 0, 10, '', '', 1),
(11834, 272, 0, '2016-01-07', 0, 2, 0, 11, '', '', 1),
(11835, 272, 0, '2016-01-07', 0, 2, 0, 12, '', '', 1),
(11836, 272, 0, '2016-01-07', 0, 2, 0, 13, '', '', 1),
(12568, 275, 0, '2016-01-08', 0, 2, 0, 11, '', '', 1),
(13465, 274, 0, '2016-01-26', 0, 2, 0, 9, '', '', 1),
(11877, 275, 723, '2016-01-08', 0, 2, 19, 9, '', '', 1),
(12567, 275, 0, '2016-01-08', 0, 2, 0, 5, '', '', 1),
(13471, 274, 790, '2016-01-21', 20, 0, 52, 4, '', '', 1),
(13472, 274, 790, '2016-01-22', 20, 0, 52, 6, '', '', 1),
(12752, 272, 719, '2016-01-18', 30, 0, 22, 8, '', '', 1),
(13470, 274, 790, '2016-01-20', 20, 0, 52, 3, '', '', 1),
(13466, 274, 0, '2016-01-26', 0, 2, 0, 10, '', '', 1),
(13467, 274, 0, '2016-01-26', 0, 2, 0, 11, '', '', 1),
(13468, 274, 0, '2016-01-26', 0, 2, 0, 12, '', '', 1),
(13469, 274, 0, '2016-01-26', 0, 2, 0, 13, '', '', 1),
(13274, 275, 723, '2016-01-20', 25, 1, 22, 8, NULL, '', 1),
(12516, 272, 719, '2016-01-13', 30, 0, 52, 4, '', '', 1),
(13495, 299, 0, '2016-01-27', 0, 2, 0, 13, '', '', 1),
(13493, 299, 0, '2016-01-27', 0, 2, 0, 11, '', '', 1),
(11862, 272, 719, '2016-01-11', 0, 0, 52, 2, '', '', 1),
(13494, 299, 0, '2016-01-27', 0, 2, 0, 12, '', '', 1),
(12514, 272, 719, '2016-01-12', 30, 0, 52, 3, '', '', 1),
(13228, 283, 0, '2016-01-19', 0, 2, 0, 7, '', '', 1),
(11880, 275, 0, '2016-01-08', 0, 2, 53, 12, '', '', 1),
(11881, 275, 0, '2016-01-08', 0, 2, 53, 13, '', '', 1),
(11883, 275, 757, '2016-01-08', 1, 0, 33, 0, '', 'silk das camisas malha e polo sao iguais', 1),
(11895, 273, 721, '2016-01-20', 3, 0, 52, 10, '', '', 1),
(11894, 273, 0, '2016-01-11', 0, 2, 0, 9, '', '', 1),
(11892, 273, 0, '2016-01-11', 0, 2, 0, 0, '', '', 1),
(11893, 273, 0, '2016-01-11', 0, 2, 0, 1, '', '', 1),
(11891, 275, 0, '2016-01-08', 0, 2, 0, 1, '', '', 1),
(11896, 273, 0, '2016-01-11', 0, 2, 0, 11, '', '', 1),
(11898, 273, 0, '2016-01-11', 0, 2, 0, 13, '', '', 1),
(11899, 273, 721, '2016-01-13', 3, 0, 52, 3, '', '', 1),
(11900, 273, 720, '2016-01-13', 3, 0, 52, 3, '', '', 1),
(11912, 273, 720, '2016-01-20', 3, 0, 52, 7, '', '', 1),
(11911, 273, 720, '2016-01-19', 3, 0, 52, 6, '', '', 1),
(11910, 273, 721, '2016-01-19', 3, 0, 52, 6, '', '', 1),
(12950, 288, 0, '2016-01-19', 0, 2, 0, 9, '', '', 1),
(12665, 273, 720, '2016-01-18', 3, 0, 35, 5, '', '', 1),
(11907, 273, 721, '2016-01-11', 0, 2, 52, 2, '', 'JEANS TINHA LÁ P/2 CALÇAS, MA INTEIROU COM O DELE P/ 1CALÇA', 1),
(12914, 278, 731, '2016-01-18', 40, 0, 44, 6, '', '', 1),
(11915, 275, 757, '2016-01-12', 1, 0, 28, 0, '', '', 1),
(11917, 273, 720, '2016-01-20', 3, 0, 22, 8, '', '', 1),
(11918, 273, 721, '2016-01-21', 3, 0, 22, 8, '', '', 1),
(11919, 273, 720, '2016-01-20', 3, 0, 22, 14, '', '', 1),
(11920, 273, 721, '2016-01-21', 3, 0, 22, 14, '', '', 1),
(11921, 273, 720, '2016-01-21', 3, 0, 28, 15, '', '', 1),
(11922, 273, 721, '2016-01-21', 3, 0, 28, 15, '', '', 1),
(11923, 275, 723, '2016-01-12', 1, 1, 33, 0, '', '', 1),
(11924, 275, 756, '2016-01-11', 10, 0, 19, 3, '', '', 1),
(11925, 275, 757, '2016-01-11', 50, 0, 19, 3, '', 'SÓ BOLSOS', 1),
(11926, 275, 757, '2016-01-15', 50, 0, 19, 6, '', 'SÓ BOLSOS', 1),
(11927, 275, 756, '2016-01-15', 10, 0, 19, 6, '', '', 1),
(11928, 275, 756, '2016-01-15', 10, 0, 19, 7, '', '', 1),
(11930, 275, 756, '2016-01-20', 10, 0, 23, 10, '', '', 1),
(11931, 275, 757, '2016-01-19', 50, 0, 23, 10, '', '', 1),
(12446, 275, 757, '2016-01-25', 50, 0, 28, 15, '', '', 1),
(12445, 275, 756, '2016-01-25', 10, 0, 28, 15, '', '', 1),
(12444, 275, 723, '2016-01-25', 25, 0, 28, 15, '', '', 1),
(12443, 275, 757, '2016-01-21', 50, 0, 22, 14, '', '', 1),
(12442, 275, 756, '2016-01-25', 10, 0, 22, 14, '', '', 1),
(12441, 275, 723, '2016-01-20', 25, 0, 22, 14, '', '', 1),
(12440, 275, 757, '2016-01-20', 50, 0, 22, 8, '', '', 1),
(12439, 275, 756, '2016-01-22', 10, 0, 22, 8, '', '', 1),
(12438, 275, 723, '2016-01-20', 25, 0, 22, 8, '', '', 1),
(11941, 275, 756, '2016-01-11', 0, 0, 19, 2, '', '', 1),
(11942, 275, 757, '2016-01-11', 0, 0, 19, 2, '', '', 1),
(11943, 275, 0, '2016-01-11', 0, 2, 0, 4, '', '', 1),
(13464, 274, 0, '2016-01-26', 0, 2, 0, 7, '', '', 1),
(13463, 274, 0, '2016-01-26', 0, 2, 0, 5, '', '', 1),
(13462, 274, 0, '2016-01-26', 0, 2, 0, 2, '', '', 1),
(13461, 274, 0, '2016-01-26', 0, 2, 0, 1, '', '', 1),
(13460, 274, 0, '2016-01-26', 0, 2, 0, 0, '', '', 1),
(13227, 283, 0, '2016-01-19', 0, 2, 0, 5, '', '', 1),
(13474, 274, 790, '2016-01-26', 20, 0, 52, 14, '', '', 1),
(13473, 274, 790, '2016-01-25', 20, 0, 52, 8, '', '', 1),
(13681, 288, 760, '2016-02-01', 8, 1, 52, 7, NULL, '', 1),
(13459, 287, 789, '2016-02-01', 28, 1, 52, 7, NULL, '', 1),
(12979, 284, 0, '2016-01-19', 0, 2, 0, 10, '', '', 1),
(12978, 284, 0, '2016-01-19', 0, 2, 0, 9, '', '', 1),
(13431, 287, 0, '2016-01-26', 0, 2, 0, 2, '', '', 1),
(13292, 276, 728, '2016-01-25', 40, 1, 52, 6, '', '', 1),
(13623, 300, 797, '2016-02-02', 180, 1, 52, 3, NULL, '', 1),
(13820, 287, 788, '2016-02-02', 27, 0, 28, 15, '', '', 1),
(13479, 274, 790, '2016-01-26', 20, 1, 22, 14, NULL, '', 1),
(12988, 283, 0, '2016-01-19', 0, 2, 0, 12, '', '', 1),
(12987, 283, 0, '2016-01-19', 0, 2, 0, 11, '', '', 1),
(12986, 283, 0, '2016-01-19', 0, 2, 0, 10, '', '', 1),
(12985, 283, 0, '2016-01-19', 0, 2, 0, 9, '', '', 1),
(12984, 283, 0, '2016-01-19', 0, 2, 0, 1, '', '', 1),
(13781, 288, 780, '2016-02-02', 2, 0, 22, 14, '', '', 1),
(13625, 288, 759, '2016-02-01', 34, 1, 52, 6, '', '', 1),
(13653, 285, 747, '2016-02-01', 9, 0, 22, 8, '', '', 1),
(13654, 285, 748, '2016-02-01', 5, 0, 22, 8, '', '', 1),
(13655, 284, 744, '2016-02-01', 20, 0, 22, 8, '', '', 1),
(13656, 284, 745, '2016-02-01', 22, 0, 22, 8, '', '', 1),
(13069, 284, 744, '2016-01-19', 20, 0, 52, 3, '', '', 1),
(13054, 288, 759, '2016-01-19', 34, 0, 52, 3, '', '', 1),
(13053, 288, 758, '2016-01-19', 33, 0, 52, 3, '', '', 1),
(13075, 288, 759, '2016-01-19', 34, 1, 52, 3, '', '', 1),
(13074, 288, 758, '2016-01-19', 33, 1, 52, 3, '', '', 1),
(13217, 288, 780, '2016-01-25', 2, 0, 52, 7, '', '', 1),
(13083, 286, 751, '2016-01-19', 3, 1, 52, 3, '', '', 1),
(13813, 288, 758, '2016-02-02', 33, 0, 28, 15, '', '', 1),
(13081, 286, 749, '2016-01-19', 10, 1, 52, 3, '', '', 1),
(13406, 277, 729, '2016-01-26', 20, 1, 22, 14, NULL, '', 1),
(12977, 284, 0, '2016-01-19', 0, 2, 0, 1, '', '', 1),
(12976, 284, 0, '2016-01-19', 0, 2, 0, 0, '', '', 1),
(12650, 297, 781, '2016-01-15', 0, 0, 52, 2, '', '', 1),
(12966, 286, 0, '2016-01-19', 0, 2, 0, 11, '', '', 1),
(12965, 286, 0, '2016-01-19', 0, 2, 0, 10, '', '', 1),
(12964, 286, 0, '2016-01-19', 0, 2, 0, 9, '', '', 1),
(13457, 287, 789, '2016-01-21', 28, 1, 52, 3, NULL, '', 1),
(13651, 286, 751, '2016-02-01', 3, 0, 22, 8, '', '', 1),
(13814, 288, 759, '2016-02-02', 34, 0, 28, 15, '', '', 1),
(13652, 285, 746, '2016-02-01', 19, 0, 22, 8, '', '', 1),
(13824, 285, 747, '2016-02-02', 9, 0, 28, 15, '', '', 1),
(12946, 292, 771, '2016-01-20', 16, 1, 52, 6, NULL, '', 1),
(12939, 291, 769, '2016-01-19', 100, 1, 38, 6, NULL, '', 1),
(12651, 297, 782, '2016-01-15', 0, 0, 52, 2, '', '', 1),
(12942, 297, 781, '2016-01-18', 220, 0, 52, 4, NULL, '', 1),
(12943, 297, 781, '2016-01-18', 220, 1, 52, 4, NULL, '', 1),
(13440, 287, 789, '2016-01-22', 28, 0, 52, 4, '', '', 1),
(13821, 286, 749, '2016-02-02', 10, 0, 28, 15, '', '', 1),
(13822, 286, 751, '2016-02-02', 3, 0, 28, 15, '', '', 1),
(13823, 285, 746, '2016-02-02', 19, 0, 28, 15, '', '', 1),
(13646, 288, 780, '2016-02-01', 2, 0, 22, 8, '', '', 1),
(13782, 288, 763, '2016-02-02', 10, 0, 22, 14, '', '', 1),
(13783, 287, 789, '2016-02-02', 28, 0, 22, 14, '', '', 1),
(13648, 287, 789, '2016-02-01', 28, 0, 22, 8, '', '', 1),
(13649, 287, 788, '2016-02-01', 27, 0, 22, 8, '', '', 1),
(13444, 287, 789, '2016-02-01', 28, 0, 52, 7, '', '', 1),
(13785, 286, 749, '2016-02-02', 10, 0, 22, 14, '', '', 1),
(13777, 288, 758, '2016-02-02', 33, 0, 22, 14, '', '', 1),
(13778, 288, 759, '2016-02-02', 34, 0, 22, 14, '', '', 1),
(13432, 287, 0, '2016-01-26', 0, 2, 0, 5, '', '', 1),
(12641, 297, 0, '2016-01-15', 0, 2, 0, 13, '', '', 1),
(13405, 276, 726, '2016-01-26', 30, 1, 22, 14, NULL, '', 1),
(13786, 286, 751, '2016-02-02', 3, 0, 22, 14, '', '', 1),
(13787, 285, 746, '2016-02-02', 19, 0, 22, 14, '', '', 1),
(13068, 285, 748, '2016-01-19', 5, 0, 52, 3, '', '', 1),
(13067, 285, 747, '2016-01-19', 9, 0, 52, 3, '', '', 1),
(13066, 285, 746, '2016-01-19', 19, 0, 52, 3, '', '', 1),
(13642, 288, 758, '2016-02-01', 33, 0, 22, 8, '', '', 1),
(13063, 286, 751, '2016-01-19', 3, 0, 52, 3, '', '', 1),
(13680, 288, 780, '2016-02-01', 2, 1, 52, 7, NULL, '', 1),
(13433, 287, 0, '2016-01-26', 0, 2, 0, 9, '', '', 1),
(13434, 287, 0, '2016-01-26', 0, 2, 0, 10, '', '', 1),
(13435, 287, 0, '2016-01-26', 0, 2, 0, 11, '', '', 1),
(13057, 288, 780, '2016-01-19', 2, 0, 52, 3, '', '', 1),
(13056, 288, 761, '2016-01-19', 21, 0, 52, 3, '', '', 1),
(13077, 288, 780, '2016-01-19', 2, 1, 52, 3, '', '', 1),
(13436, 287, 0, '2016-01-26', 0, 2, 0, 12, '', '', 1),
(12954, 288, 0, '2016-01-19', 0, 2, 0, 13, '', '', 1),
(12763, 272, 719, '2016-01-18', 30, 0, 22, 14, '', '', 1),
(13429, 287, 0, '2016-01-26', 0, 2, 0, 0, '', '', 1),
(13225, 285, 0, '2016-01-19', 0, 2, 0, 5, '', '', 1),
(13437, 287, 0, '2016-01-26', 0, 2, 0, 13, '', '', 1),
(12947, 292, 770, '2016-01-20', 16, 1, 52, 6, NULL, '', 1),
(12940, 273, 721, '2016-01-20', 3, 1, 52, 6, NULL, '', 1),
(12941, 273, 720, '2016-01-20', 3, 1, 52, 6, NULL, '', 1),
(12952, 288, 0, '2016-01-19', 0, 2, 0, 11, '', '', 1),
(12640, 297, 0, '2016-01-15', 0, 2, 0, 12, '', '', 1),
(13260, 279, 764, '2016-01-21', 50, 0, 52, 6, '', '', 1),
(12948, 288, 0, '2016-01-19', 0, 2, 0, 0, '', '', 1),
(12936, 272, 784, '2016-01-18', 20, 0, 22, 15, NULL, '', 1),
(12639, 297, 0, '2016-01-15', 0, 2, 0, 11, '', '', 1),
(12935, 272, 784, '2016-01-18', 20, 1, 22, 14, NULL, '', 1),
(12934, 272, 784, '2016-01-18', 20, 0, 22, 14, NULL, '', 1),
(12933, 272, 784, '2016-01-18', 20, 1, 22, 8, NULL, '', 1),
(12638, 297, 0, '2016-01-15', 0, 2, 0, 9, '', '', 1),
(12932, 272, 784, '2016-01-18', 20, 0, 22, 8, NULL, '', 1),
(12989, 283, 0, '2016-01-19', 0, 2, 0, 13, '', '', 1),
(12983, 283, 0, '2016-01-19', 0, 2, 0, 0, '', '', 1),
(12982, 284, 0, '2016-01-19', 0, 2, 0, 13, '', '', 1),
(12981, 284, 0, '2016-01-19', 0, 2, 0, 12, '', '', 1),
(12980, 284, 0, '2016-01-19', 0, 2, 0, 11, '', '', 1),
(13788, 285, 747, '2016-02-02', 9, 0, 22, 14, '', '', 1),
(13789, 285, 748, '2016-02-02', 5, 0, 22, 14, '', '', 1),
(13815, 288, 760, '2016-02-02', 8, 0, 28, 15, '', '', 1),
(13816, 288, 761, '2016-02-02', 21, 0, 28, 15, '', '', 1),
(13817, 288, 780, '2016-02-02', 2, 0, 28, 15, '', '', 1),
(13818, 288, 763, '2016-02-02', 10, 0, 28, 15, '', '', 1),
(13819, 287, 789, '2016-02-02', 28, 0, 28, 15, '', '', 1),
(13441, 287, 788, '2016-01-22', 27, 0, 52, 4, '', '', 1),
(13442, 287, 789, '2016-01-25', 28, 0, 52, 6, '', '', 1),
(13055, 288, 760, '2016-01-19', 8, 0, 52, 3, '', '', 1),
(13779, 288, 760, '2016-02-02', 8, 0, 22, 14, '', '', 1),
(13644, 288, 760, '2016-02-01', 8, 0, 22, 8, '', '', 1),
(13645, 288, 761, '2016-02-01', 21, 0, 22, 8, '', '', 1),
(13780, 288, 761, '2016-02-02', 21, 0, 22, 14, '', '', 1),
(13076, 288, 760, '2016-01-19', 8, 1, 52, 3, '', '', 1),
(13073, 283, 743, '2016-01-19', 10, 0, 52, 3, '', '', 1),
(13072, 283, 742, '2016-01-19', 22, 0, 52, 3, '', '', 1),
(13070, 284, 745, '2016-01-19', 22, 0, 52, 3, '', '', 1),
(13071, 283, 741, '2016-01-19', 22, 0, 52, 3, '', '', 1),
(12756, 272, 719, '2016-01-18', 30, 0, 28, 15, '', '', 1),
(13300, 276, 728, '2016-01-27', 40, 1, 23, 10, '', '', 1),
(13492, 299, 0, '2016-01-27', 0, 2, 0, 10, '', '', 1),
(12176, 280, 0, '2016-01-12', 0, 2, 0, 0, '', '', 1),
(12177, 280, 0, '2016-01-12', 0, 2, 0, 1, '', '', 1),
(12178, 280, 0, '2016-01-12', 0, 2, 0, 9, '', '', 1),
(12179, 280, 0, '2016-01-12', 0, 2, 0, 10, '', '', 1),
(12180, 280, 0, '2016-01-12', 0, 2, 0, 11, '', '', 1),
(12181, 280, 0, '2016-01-12', 0, 2, 0, 12, '', '', 1),
(12182, 280, 0, '2016-01-12', 0, 2, 0, 13, '', '', 1),
(12183, 279, 0, '2016-01-12', 0, 2, 0, 0, '', '', 1),
(12184, 279, 0, '2016-01-12', 0, 2, 0, 1, '', '', 1),
(12185, 279, 0, '2016-01-12', 0, 2, 0, 9, '', '', 1),
(12723, 279, 765, '2016-01-18', 0, 0, 44, 2, NULL, '', 1),
(12187, 279, 0, '2016-01-12', 0, 2, 0, 11, '', '', 1),
(12188, 279, 0, '2016-01-12', 0, 2, 0, 12, '', '', 1),
(12189, 279, 0, '2016-01-12', 0, 2, 0, 13, '', '', 1),
(12190, 278, 0, '2016-01-12', 0, 2, 0, 0, '', '', 1),
(12191, 278, 0, '2016-01-12', 0, 2, 0, 1, '', '', 1),
(12192, 278, 0, '2016-01-12', 0, 2, 0, 9, '', '', 1),
(12194, 278, 0, '2016-01-12', 0, 2, 0, 11, '', '', 1),
(12195, 278, 0, '2016-01-12', 0, 2, 0, 12, '', '', 1),
(12196, 278, 0, '2016-01-12', 0, 2, 0, 13, '', '', 1),
(12197, 277, 0, '2016-01-12', 0, 2, 0, 0, '', '', 1),
(12198, 277, 0, '2016-01-12', 0, 2, 0, 1, '', '', 1),
(12199, 277, 0, '2016-01-12', 0, 2, 0, 9, '', '', 1),
(12736, 278, 731, '2016-01-18', 0, 0, 44, 2, NULL, '', 1),
(12201, 277, 0, '2016-01-12', 0, 2, 0, 11, '', '', 1),
(12202, 277, 0, '2016-01-12', 0, 2, 0, 12, '', '', 1),
(12203, 277, 0, '2016-01-12', 0, 2, 0, 13, '', '', 1),
(12204, 276, 0, '2016-01-12', 0, 2, 0, 0, '', '', 1),
(12205, 276, 0, '2016-01-12', 0, 2, 0, 1, '', '', 1),
(12206, 276, 0, '2016-01-12', 0, 2, 0, 9, '', '', 1),
(12208, 276, 0, '2016-01-12', 0, 2, 0, 11, '', '', 1),
(12209, 276, 0, '2016-01-12', 0, 2, 0, 12, '', '', 1),
(12210, 276, 0, '2016-01-12', 0, 2, 0, 13, '', '', 1),
(12211, 280, 735, '2016-01-12', 0, 0, 52, 2, '', '', 0),
(12212, 280, 734, '2016-01-12', 0, 0, 52, 2, '', '', 0),
(12213, 280, 735, '2016-01-14', 0, 0, 52, 3, '', '', 0),
(12214, 280, 734, '2016-01-14', 0, 0, 52, 3, '', '', 0),
(12215, 280, 735, '2016-01-16', 0, 0, 52, 4, '', '', 0),
(12216, 280, 734, '2016-01-16', 0, 0, 52, 4, '', '', 0),
(12217, 280, 735, '2016-01-18', 0, 0, 52, 6, '', '', 0),
(12218, 280, 734, '2016-01-18', 0, 0, 52, 6, '', '', 0),
(12219, 280, 735, '2016-01-20', 0, 0, 52, 7, '', '', 0),
(12220, 280, 734, '2016-01-20', 0, 0, 52, 7, '', '', 0),
(12221, 278, 731, '2016-01-13', 0, 0, 52, 2, '', '', 1),
(12915, 277, 729, '2016-01-19', 20, 0, 44, 6, '', '', 1),
(12739, 278, 0, '2016-01-08', 0, 2, 53, 7, NULL, '', 1),
(12226, 277, 729, '2016-01-13', 0, 0, 52, 2, '', '', 1),
(12227, 277, 730, '2016-01-13', 0, 0, 52, 2, '', '', 1),
(12918, 278, 731, '2016-01-20', 40, 1, 44, 6, '', '', 1),
(12735, 277, 0, '2016-01-08', 0, 2, 53, 7, NULL, '', 1),
(12236, 276, 726, '2016-01-13', 0, 0, 52, 2, '', '', 1),
(12237, 276, 726, '2016-01-18', 0, 0, 44, 2, '', '', 1),
(12238, 276, 728, '2016-01-13', 0, 0, 52, 2, '', '', 1),
(13266, 276, 727, '2016-01-20', 40, 0, 52, 3, '', '', 1),
(12588, 277, 729, '2016-01-14', 20, 0, 52, 3, '', '', 1),
(12732, 277, 729, '2016-01-18', 0, 0, 44, 2, NULL, '', 1),
(12919, 277, 729, '2016-01-20', 20, 1, 44, 6, '', '', 1),
(12916, 276, 726, '2016-01-19', 30, 0, 44, 6, '', '', 1),
(13262, 276, 727, '2016-01-21', 40, 0, 52, 6, '', '', 1),
(13261, 277, 730, '2016-01-21', 40, 0, 52, 6, '', '', 1),
(12917, 279, 765, '2016-01-20', 60, 1, 44, 6, '', '', 1),
(12730, 276, 0, '2016-01-08', 0, 2, 53, 7, NULL, '', 1),
(12251, 280, 735, '2016-01-20', 0, 0, 22, 8, '', '', 0),
(12252, 280, 734, '2016-01-20', 0, 0, 22, 8, '', '', 0),
(12253, 280, 735, '2016-01-22', 0, 0, 22, 14, '', '', 0),
(12254, 280, 734, '2016-01-22', 0, 0, 22, 14, '', '', 0),
(12255, 280, 735, '2016-01-24', 0, 0, 22, 15, '', '', 0),
(12256, 280, 734, '2016-01-24', 0, 0, 22, 15, '', '', 0),
(13307, 279, 764, '2016-01-27', 50, 0, 22, 8, '', '', 1),
(13332, 276, 728, '2016-01-28', 40, 0, 28, 15, '', '', 1),
(13308, 279, 765, '2016-01-22', 60, 0, 22, 8, '', '', 1),
(13309, 279, 764, '2016-01-27', 50, 0, 22, 14, '', '', 1),
(13310, 279, 765, '2016-01-25', 60, 0, 22, 14, '', '', 1),
(13331, 276, 727, '2016-01-28', 40, 0, 28, 15, '', '', 1),
(13330, 276, 726, '2016-01-28', 30, 0, 28, 15, '', '', 1),
(13311, 278, 731, '2016-01-22', 40, 0, 22, 8, '', '', 1),
(13312, 278, 731, '2016-01-26', 40, 0, 22, 14, '', '', 1),
(13313, 277, 729, '2016-01-22', 20, 0, 22, 8, '', '', 1),
(13314, 277, 730, '2016-01-27', 40, 0, 22, 8, '', '', 1),
(13329, 277, 730, '2016-01-28', 40, 0, 28, 15, '', '', 1),
(13328, 277, 729, '2016-01-28', 20, 0, 28, 15, '', '', 1),
(13327, 278, 731, '2016-01-28', 40, 0, 28, 15, '', '', 1),
(12275, 278, 0, '2016-01-12', 0, 2, 0, 5, '', '', 1),
(12276, 277, 0, '2016-01-12', 0, 2, 0, 5, '', '', 1),
(12277, 276, 0, '2016-01-12', 0, 2, 0, 5, '', '', 1),
(12278, 280, 0, '2016-01-12', 0, 2, 0, 5, '', '', 1),
(12279, 279, 0, '2016-01-12', 0, 2, 0, 5, '', '', 1),
(12280, 279, 764, '2016-01-13', 0, 0, 52, 2, '', '', 1),
(12281, 279, 765, '2016-01-13', 0, 0, 52, 2, '', '', 1),
(12587, 278, 731, '2016-01-14', 40, 0, 52, 3, '', '', 1),
(12586, 279, 765, '2016-01-14', 60, 0, 52, 3, '', '', 1),
(12740, 292, 771, '2016-01-18', 16, 1, 52, 4, NULL, '', 1),
(13290, 277, 730, '2016-01-25', 40, 1, 52, 6, '', '', 1),
(13616, 279, 0, '2016-01-08', 0, 2, 0, 7, NULL, '', 1),
(13315, 277, 729, '2016-01-26', 20, 0, 22, 14, '', '', 1),
(13316, 277, 730, '2016-01-27', 40, 0, 22, 14, '', '', 1),
(13317, 276, 726, '2016-01-22', 30, 0, 22, 8, '', '', 1),
(13326, 279, 765, '2016-01-28', 60, 0, 28, 15, '', '', 1),
(13325, 279, 764, '2016-01-28', 50, 0, 28, 15, '', '', 1),
(13640, 283, 742, '2016-02-01', 22, 1, 52, 6, '', '', 1),
(12972, 285, 0, '2016-01-19', 0, 2, 0, 10, '', '', 1),
(13578, 290, 0, '2016-01-28', 0, 2, 0, 12, '', '', 1),
(13577, 290, 0, '2016-01-28', 0, 2, 0, 11, '', '', 1),
(13576, 290, 0, '2016-01-28', 0, 2, 0, 10, '', '', 1),
(13575, 290, 0, '2016-01-28', 0, 2, 0, 9, '', '', 1),
(13574, 290, 0, '2016-01-28', 0, 2, 0, 7, '', '', 1),
(13573, 290, 0, '2016-01-28', 0, 2, 0, 5, '', '', 1),
(13572, 290, 0, '2016-01-28', 0, 2, 0, 4, '', '', 1),
(13571, 290, 0, '2016-01-28', 0, 2, 0, 2, '', '', 1),
(13570, 290, 0, '2016-01-28', 0, 2, 0, 1, '', '', 1),
(13569, 290, 0, '2016-01-28', 0, 2, 0, 0, '', '', 1),
(13639, 283, 741, '2016-02-01', 22, 1, 52, 6, '', '', 1),
(13620, 299, 792, '2016-02-03', 26, 1, 52, 4, NULL, '', 1),
(12435, 275, 757, '2016-01-13', 1, 1, 28, 0, '', 'APROVADO', 1),
(13638, 284, 745, '2016-02-01', 22, 1, 52, 6, '', '', 1),
(13489, 299, 0, '2016-01-27', 0, 2, 0, 5, '', '', 1),
(13417, 289, 0, '2016-01-26', 0, 2, 0, 13, '', '', 1),
(13416, 289, 0, '2016-01-26', 0, 2, 0, 12, '', '', 1),
(12322, 289, 0, '2016-01-12', 0, 2, 0, 5, '', '', 1),
(13415, 289, 0, '2016-01-26', 0, 2, 0, 11, '', '', 1),
(13414, 289, 0, '2016-01-26', 0, 2, 0, 9, '', '', 1),
(13413, 289, 0, '2016-01-26', 0, 2, 0, 7, '', '', 1),
(13412, 289, 0, '2016-01-26', 0, 2, 0, 4, '', '', 1),
(13411, 289, 0, '2016-01-26', 0, 2, 0, 1, '', '', 1),
(13265, 277, 730, '2016-01-20', 40, 0, 52, 3, '', '', 1),
(13267, 276, 728, '2016-01-20', 40, 0, 52, 3, '', '', 1),
(12590, 276, 726, '2016-01-14', 30, 0, 52, 3, '', '', 1),
(13295, 276, 727, '2016-01-25', 40, 0, 23, 10, '', '', 1),
(13226, 284, 0, '2016-01-19', 0, 2, 0, 5, '', '', 1),
(13222, 285, 747, '2016-02-01', 9, 0, 52, 7, '', '', 1),
(13223, 284, 745, '2016-02-01', 22, 0, 52, 7, '', '', 1),
(13478, 274, 790, '2016-01-25', 20, 1, 22, 8, NULL, '', 1),
(13078, 288, 763, '2016-01-19', 10, 1, 52, 3, '', '', 1),
(13643, 288, 759, '2016-02-01', 34, 0, 22, 8, '', '', 1),
(13647, 288, 763, '2016-02-01', 10, 0, 22, 8, '', '', 1),
(13784, 287, 788, '2016-02-02', 27, 0, 22, 14, '', '', 1),
(13650, 286, 749, '2016-02-01', 10, 0, 22, 8, '', '', 1),
(13443, 287, 788, '2016-01-25', 27, 0, 52, 6, '', '', 1),
(12975, 285, 0, '2016-01-19', 0, 2, 0, 13, '', '', 1),
(12974, 285, 0, '2016-01-19', 0, 2, 0, 12, '', '', 1),
(12973, 285, 0, '2016-01-19', 0, 2, 0, 11, '', '', 1),
(12971, 285, 0, '2016-01-19', 0, 2, 0, 9, '', '', 1),
(12970, 285, 0, '2016-01-19', 0, 2, 0, 1, '', '', 1),
(12969, 285, 0, '2016-01-19', 0, 2, 0, 0, '', '', 1),
(12968, 286, 0, '2016-01-19', 0, 2, 0, 13, '', '', 1),
(12967, 286, 0, '2016-01-19', 0, 2, 0, 12, '', '', 1),
(12329, 291, 0, '2016-01-13', 0, 2, 0, 0, '', '', 1),
(12330, 291, 0, '2016-01-13', 0, 2, 0, 1, '', '', 1),
(12331, 291, 0, '2016-01-13', 0, 2, 0, 4, '', '', 1),
(12332, 291, 0, '2016-01-13', 0, 2, 0, 5, '', '', 1),
(12333, 291, 0, '2016-01-13', 0, 2, 0, 7, '', '', 1),
(12334, 291, 0, '2016-01-13', 0, 2, 0, 9, '', '', 1),
(12335, 291, 0, '2016-01-13', 0, 2, 0, 10, '', '', 1),
(12336, 291, 0, '2016-01-13', 0, 2, 0, 11, '', '', 1),
(12337, 291, 0, '2016-01-13', 0, 2, 0, 12, '', '', 1),
(12338, 291, 0, '2016-01-13', 0, 2, 0, 13, '', '', 1),
(12339, 291, 769, '2016-01-13', 0, 3, 38, 2, '', 'pai buscou 3 rolos 138 mts', 1),
(12340, 291, 769, '2016-01-14', 100, 0, 38, 3, '', '', 1),
(12341, 291, 769, '2016-01-18', 100, 0, 38, 6, '', '', 1),
(13637, 284, 744, '2016-02-01', 20, 1, 52, 6, '', '', 1),
(13615, 300, 797, '2016-02-12', 180, 0, 28, 15, '', '', 1),
(13486, 299, 0, '2016-01-27', 0, 2, 0, 0, '', '', 1),
(13487, 299, 0, '2016-01-27', 0, 2, 0, 1, '', '', 1),
(13484, 277, 730, '2016-01-27', 40, 1, 22, 8, NULL, '', 1),
(13485, 298, 786, '2016-02-02', 120, 1, 52, 6, NULL, '', 1),
(13483, 276, 728, '2016-01-27', 40, 1, 22, 8, NULL, '', 1),
(13410, 289, 0, '2016-01-26', 0, 2, 0, 0, '', '', 1),
(12359, 292, 0, '2016-01-13', 0, 2, 0, 0, '', '', 1),
(12360, 292, 0, '2016-01-13', 0, 2, 0, 1, '', '', 1),
(12361, 292, 0, '2016-01-13', 0, 2, 0, 2, '', '', 1),
(12362, 292, 0, '2016-01-13', 0, 2, 0, 5, '', '', 1),
(12363, 292, 0, '2016-01-13', 0, 2, 0, 7, '', '', 1),
(12364, 292, 0, '2016-01-13', 0, 2, 0, 9, '', '', 1),
(12365, 292, 0, '2016-01-13', 0, 2, 0, 10, '', '', 1),
(12366, 292, 0, '2016-01-13', 0, 2, 0, 11, '', '', 1),
(12367, 292, 0, '2016-01-13', 0, 2, 0, 12, '', '', 1),
(12368, 292, 0, '2016-01-13', 0, 2, 0, 13, '', '', 1),
(12369, 292, 770, '2016-01-14', 16, 0, 52, 3, '', '', 1),
(12370, 292, 771, '2016-01-14', 16, 0, 52, 3, '', '', 1),
(12371, 292, 770, '2016-01-15', 16, 0, 52, 4, '', '', 1),
(12372, 292, 771, '2016-01-15', 16, 0, 52, 4, '', '', 1),
(12673, 293, 0, '2016-01-15', 1, 0, 29, 1, NULL, '', 1),
(12538, 292, 770, '2016-01-19', 16, 0, 52, 6, '', '', 1),
(12549, 292, 771, '2016-01-21', 16, 0, 22, 14, '', '', 1),
(12550, 292, 770, '2016-01-22', 16, 0, 28, 15, '', '', 1),
(12551, 292, 771, '2016-01-22', 16, 0, 28, 15, '', '', 1),
(12556, 272, 719, '2016-01-15', 30, 0, 52, 6, '', '', 1),
(12510, 293, 773, '2016-01-14', 0, 3, 52, 0, '', '', 1),
(12509, 293, 773, '2016-01-14', 0, 1, 52, 0, '', '', 1),
(12963, 286, 0, '2016-01-19', 0, 2, 0, 1, '', '', 1),
(12637, 297, 0, '2016-01-15', 0, 2, 0, 7, '', '', 1),
(12508, 293, 773, '2016-01-14', 0, 0, 52, 0, '', '', 1),
(12507, 293, 772, '2016-01-14', 1, 3, 52, 0, '', '', 1),
(12506, 293, 0, '2016-01-14', 0, 2, 0, 0, '', '', 1),
(12436, 275, 756, '2016-01-15', 10, 1, 19, 3, '', '', 1),
(12437, 275, 757, '2016-01-18', 50, 1, 19, 3, '', '', 1),
(13491, 299, 0, '2016-01-27', 0, 2, 0, 9, '', '', 1),
(12505, 293, 772, '2016-01-14', 1, 1, 52, 0, '', '', 1),
(12504, 293, 772, '2016-01-14', 1, 0, 52, 0, '', '', 1),
(12451, 294, 0, '2016-01-14', 0, 2, 0, 0, '', '', 1),
(12452, 294, 0, '2016-01-14', 0, 2, 0, 1, '', '', 1),
(12453, 294, 0, '2016-01-14', 0, 2, 0, 2, '', '', 1),
(12454, 294, 0, '2016-01-14', 0, 2, 0, 3, '', '', 1),
(12455, 294, 0, '2016-01-14', 0, 2, 0, 4, '', '', 1),
(12456, 294, 0, '2016-01-14', 0, 2, 0, 5, '', '', 1),
(12457, 294, 0, '2016-01-14', 0, 2, 0, 6, '', '', 1),
(12458, 294, 0, '2016-01-14', 0, 2, 0, 7, '', '', 1),
(12459, 294, 0, '2016-01-14', 0, 2, 0, 9, '', '', 1),
(12460, 294, 0, '2016-01-14', 0, 2, 0, 10, '', '', 1),
(12461, 294, 0, '2016-01-14', 0, 2, 0, 11, '', '', 1),
(12462, 294, 0, '2016-01-14', 0, 2, 0, 12, '', '', 1),
(12463, 294, 0, '2016-01-14', 0, 2, 0, 13, '', '', 1),
(12632, 294, 774, '2016-01-20', 105, 0, 22, 8, '', '', 1),
(12630, 294, 774, '2016-01-20', 105, 0, 22, 14, '', '', 1),
(12634, 297, 0, '2016-01-15', 0, 2, 0, 1, '', '', 1),
(12467, 295, 0, '2016-01-14', 0, 2, 0, 0, '', '', 1),
(12468, 295, 0, '2016-01-14', 0, 2, 0, 1, '', '', 1),
(12470, 295, 0, '2016-01-14', 0, 2, 0, 5, '', '', 1),
(12471, 295, 0, '2016-01-14', 0, 2, 0, 7, '', '', 1),
(12472, 295, 0, '2016-01-14', 0, 2, 0, 9, '', '', 1),
(12473, 295, 0, '2016-01-14', 0, 2, 0, 10, '', '', 1),
(12474, 295, 0, '2016-01-14', 0, 2, 0, 11, '', '', 1),
(12475, 295, 0, '2016-01-14', 0, 2, 0, 12, '', '', 1),
(12476, 295, 0, '2016-01-14', 0, 2, 0, 13, '', '', 1),
(12636, 297, 0, '2016-01-15', 0, 2, 0, 5, '', '', 1),
(12478, 295, 776, '2016-01-14', 0, 0, 52, 2, '', '', 1),
(12951, 288, 0, '2016-01-19', 0, 2, 0, 10, '', '', 1),
(12633, 297, 0, '2016-01-15', 0, 2, 0, 0, '', '', 1),
(12482, 295, 776, '2016-01-18', 0, 0, 52, 4, '', '', 0),
(12484, 295, 776, '2016-01-20', 0, 0, 52, 6, '', '', 0),
(12631, 294, 774, '2016-01-20', 105, 0, 28, 15, '', '', 1),
(12492, 295, 776, '2016-01-21', 0, 0, 22, 8, '', '', 0),
(12628, 291, 769, '2016-01-18', 100, 1, 38, 3, NULL, '', 1),
(12494, 295, 776, '2016-01-21', 0, 0, 22, 14, '', '', 0),
(12496, 295, 776, '2016-01-21', 0, 0, 22, 15, '', '', 0),
(12498, 295, 776, '2016-01-15', 220, 0, 52, 3, '', '', 1),
(13636, 285, 748, '2016-02-01', 5, 1, 52, 6, '', '', 1),
(13456, 287, 788, '2016-01-22', 27, 1, 52, 3, NULL, '', 1),
(12522, 272, 719, '2016-01-13', 30, 1, 52, 3, '', '', 1),
(13439, 287, 788, '2016-01-20', 27, 0, 52, 3, '', '', 1),
(12524, 272, 719, '2016-01-14', 30, 1, 52, 4, '', '', 1),
(13220, 286, 751, '2016-02-01', 3, 0, 52, 7, '', '', 1),
(13455, 287, 789, '2016-01-22', 28, 1, 52, 4, NULL, '', 1),
(12626, 272, 719, '2016-01-15', 30, 1, 52, 6, '', '', 1),
(12539, 292, 771, '2016-01-19', 16, 0, 52, 6, '', '', 1),
(12548, 292, 770, '2016-01-21', 16, 0, 22, 14, '', '', 1),
(12547, 292, 771, '2016-01-21', 16, 0, 22, 8, '', '', 1),
(12546, 292, 770, '2016-01-21', 16, 0, 22, 8, '', '', 1),
(12913, 279, 765, '2016-01-18', 60, 0, 44, 6, '', '', 1),
(13286, 277, 730, '2016-01-21', 40, 1, 52, 3, '', '', 1),
(12674, 293, 0, '2016-01-15', 1, 1, 29, 1, NULL, '', 1),
(13278, 273, 0, '2016-01-07', 0, 2, 0, 4, NULL, '', 0),
(12572, 273, 720, '2016-01-19', 3, 1, 35, 5, '', '', 1),
(12573, 292, 771, '2016-01-15', 16, 1, 52, 3, '', '', 1),
(12574, 292, 770, '2016-01-15', 16, 1, 52, 3, '', '', 1),
(12575, 295, 776, '2016-01-16', 0, 1, 52, 3, '', '', 0),
(12682, 277, 729, '2016-01-15', 20, 1, 52, 3, '', '', 1),
(12681, 278, 731, '2016-01-15', 40, 1, 52, 3, '', '', 1),
(12680, 279, 765, '2016-01-15', 60, 1, 52, 3, '', '', 1),
(13285, 279, 764, '2016-01-21', 50, 1, 52, 3, '', '', 1),
(13264, 279, 764, '2016-01-20', 50, 0, 52, 3, '', '', 1),
(12593, 291, 769, '2016-01-20', 100, 0, 22, 8, '', '', 1),
(12594, 291, 769, '2016-01-20', 100, 1, 22, 8, '', '', 1),
(12595, 291, 769, '2016-01-20', 100, 0, 22, 14, '', '', 1),
(13291, 276, 727, '2016-01-25', 40, 1, 52, 6, '', '', 1),
(12597, 291, 769, '2016-01-20', 100, 0, 22, 15, '', '', 1),
(13061, 286, 749, '2016-01-19', 10, 0, 52, 3, '', '', 1),
(13058, 288, 763, '2016-01-19', 10, 0, 52, 3, '', '', 1),
(13404, 279, 765, '2016-01-26', 60, 1, 22, 14, NULL, '', 1),
(13430, 287, 0, '2016-01-26', 0, 2, 0, 1, '', '', 1),
(12962, 286, 0, '2016-01-19', 0, 2, 0, 0, '', '', 1),
(12652, 297, 781, '2016-01-18', 220, 0, 52, 3, '', '', 1),
(12647, 297, 782, '2016-01-20', 220, 0, 52, 10, '', 'COMSA', 1),
(12648, 297, 782, '2016-01-18', 220, 0, 44, 6, '', '', 1),
(12649, 297, 781, '2016-01-19', 80, 0, 52, 6, '', '', 1),
(12653, 297, 782, '2016-01-18', 220, 0, 52, 3, '', '', 1),
(12654, 297, 781, '2016-01-22', 220, 0, 22, 8, '', '', 1),
(12655, 297, 782, '2016-01-22', 220, 0, 22, 8, '', '', 1),
(12656, 297, 781, '2016-01-22', 220, 0, 22, 14, '', '', 1),
(12657, 297, 782, '2016-01-22', 220, 0, 22, 14, '', '', 1),
(12658, 297, 781, '2016-01-25', 220, 0, 28, 15, '', '', 1),
(12659, 297, 782, '2016-01-25', 220, 0, 28, 15, '', '', 1),
(12661, 297, 782, '2016-01-19', 0, 3, 29, 2, NULL, 'OK TINTA SILK MA // OK FAIXAS E AVIAMENTOS CLEUBER// 19/01 RIBANA MA', 1),
(12662, 273, 720, '2016-01-11', 0, 2, 52, 2, NULL, 'TINHA LÁ', 1),
(12663, 273, 720, '2016-01-15', 3, 1, 52, 3, '', '', 1),
(12664, 273, 721, '2016-01-15', 3, 1, 52, 3, '', '', 1),
(12684, 276, 726, '2016-01-15', 30, 1, 52, 3, '', '', 1),
(13287, 276, 727, '2016-01-21', 40, 1, 52, 3, '', '', 1),
(13288, 276, 728, '2016-01-21', 40, 1, 52, 3, '', '', 1),
(12688, 279, 765, '2016-01-20', 60, 0, 23, 10, '', 'ARTE DIFERENTE', 1),
(12689, 278, 731, '2016-01-20', 40, 0, 23, 10, '', '', 1),
(12690, 277, 729, '2016-01-20', 20, 0, 23, 10, '', '', 1),
(12692, 276, 726, '2016-01-20', 30, 0, 23, 10, '', '', 1),
(13294, 277, 730, '2016-01-25', 40, 0, 23, 10, '', '', 1),
(13263, 276, 728, '2016-01-21', 40, 0, 52, 6, '', '', 1),
(13275, 275, 756, '2016-01-25', 10, 1, 22, 8, NULL, '', 1),
(13482, 276, 727, '2016-01-27', 40, 1, 22, 8, NULL, '', 1),
(12717, 276, 726, '2016-01-20', 30, 1, 44, 6, '', '', 1),
(12719, 279, 0, '2016-01-16', 0, 2, 0, 4, '', '', 1),
(12720, 278, 0, '2016-01-16', 0, 2, 0, 4, '', '', 1),
(12721, 277, 0, '2016-01-16', 0, 2, 0, 4, '', '', 1),
(12722, 276, 0, '2016-01-16', 0, 2, 0, 4, '', '', 1),
(12741, 292, 770, '2016-01-18', 16, 1, 52, 4, NULL, '', 1),
(13621, 299, 791, '2016-02-03', 15, 1, 52, 4, NULL, '', 1),
(12949, 288, 0, '2016-01-19', 0, 2, 0, 1, '', '', 1),
(13619, 299, 793, '2016-02-03', 55, 1, 52, 4, NULL, '', 1),
(13438, 287, 789, '2016-01-20', 28, 0, 52, 3, '', '', 1),
(13085, 285, 746, '2016-01-19', 19, 1, 52, 3, '', '', 1),
(13086, 285, 747, '2016-01-19', 9, 1, 52, 3, '', '', 1),
(13087, 285, 748, '2016-01-19', 5, 1, 52, 3, '', '', 1),
(13088, 284, 744, '2016-01-19', 20, 1, 52, 3, '', '', 1),
(13089, 284, 745, '2016-01-19', 22, 1, 52, 3, '', '', 1),
(13090, 283, 741, '2016-01-19', 22, 1, 52, 3, '', '', 1),
(13091, 283, 743, '2016-01-19', 10, 1, 52, 3, '', '', 1),
(13092, 288, 758, '2016-01-20', 33, 0, 52, 4, '', '', 1),
(13093, 288, 759, '2016-01-20', 34, 0, 52, 4, '', '', 1),
(13094, 288, 760, '2016-01-20', 8, 0, 52, 4, '', '', 1),
(13095, 288, 761, '2016-01-20', 21, 0, 52, 4, '', '', 1),
(13167, 288, 759, '2016-01-19', 0, 0, 52, 2, '', '', 1),
(13166, 288, 758, '2016-01-19', 0, 0, 52, 2, '', '', 1),
(13149, 288, 758, '2016-01-22', 33, 1, 52, 4, '', '', 1),
(13150, 288, 759, '2016-01-22', 34, 1, 52, 4, '', '', 1),
(13151, 288, 760, '2016-01-22', 8, 1, 52, 4, '', '', 1),
(13477, 274, 790, '2016-01-22', 20, 1, 52, 6, NULL, '', 1),
(13403, 298, 786, '2016-01-27', 120, 1, 52, 3, NULL, '', 1),
(13152, 288, 761, '2016-01-22', 21, 1, 52, 4, '', '', 1),
(13630, 287, 789, '2016-02-01', 28, 1, 52, 6, '', '', 1),
(13106, 286, 749, '2016-01-20', 10, 0, 52, 4, '', '', 1),
(13427, 289, 787, '2016-01-25', 100, 0, 23, 10, NULL, '', 1),
(13428, 289, 787, '2016-01-25', 100, 1, 23, 10, NULL, '', 1),
(13110, 285, 746, '2016-01-20', 19, 0, 52, 4, '', '', 1),
(13111, 285, 747, '2016-01-20', 9, 0, 52, 4, '', '', 1),
(13156, 286, 749, '2016-01-22', 10, 1, 52, 4, '', '', 1),
(13426, 289, 787, '2016-01-26', 100, 1, 44, 6, NULL, '', 1),
(13158, 285, 746, '2016-01-22', 19, 1, 52, 4, '', '', 1),
(13116, 284, 744, '2016-01-20', 20, 0, 52, 4, '', '', 1),
(13117, 284, 745, '2016-01-20', 22, 0, 52, 4, '', '', 1),
(13159, 285, 747, '2016-01-22', 9, 1, 52, 4, '', '', 1),
(13632, 286, 749, '2016-02-01', 10, 1, 52, 6, '', '', 1),
(13120, 283, 741, '2016-01-20', 22, 0, 52, 4, '', '', 1),
(13121, 283, 742, '2016-01-20', 22, 0, 52, 4, '', '', 1),
(13633, 286, 751, '2016-02-01', 3, 1, 52, 6, '', '', 1),
(13161, 284, 744, '2016-01-22', 20, 1, 52, 4, '', '', 1),
(13162, 284, 745, '2016-01-22', 22, 1, 52, 4, '', '', 1),
(13163, 283, 741, '2016-01-22', 22, 1, 52, 4, '', '', 1),
(13164, 283, 742, '2016-01-22', 22, 1, 52, 4, '', '', 1),
(13634, 285, 746, '2016-02-01', 19, 1, 52, 6, '', '', 1),
(13129, 288, 761, '2016-01-20', 21, 1, 52, 3, '', '', 1),
(13425, 289, 787, '2016-01-25', 100, 1, 22, 8, NULL, '', 1),
(13131, 283, 742, '2016-01-20', 22, 1, 52, 3, '', '', 1),
(13168, 288, 760, '2016-01-19', 0, 0, 52, 2, '', '', 1),
(13169, 288, 761, '2016-01-19', 0, 0, 52, 2, '', '', 1),
(13170, 288, 780, '2016-01-19', 0, 0, 52, 2, '', '', 1),
(13171, 288, 763, '2016-01-19', 0, 0, 52, 2, '', '', 1),
(13476, 274, 790, '2016-01-21', 20, 1, 52, 4, NULL, '', 1),
(13174, 286, 749, '2016-01-19', 0, 0, 52, 2, '', '', 1),
(13424, 289, 787, '2016-01-25', 100, 1, 22, 14, NULL, '', 1),
(13176, 286, 751, '2016-01-19', 0, 0, 52, 2, '', '', 1),
(13423, 289, 0, '2016-01-26', 0, 2, 0, 2, '', '', 1),
(13422, 289, 787, '2016-01-26', 100, 0, 28, 15, '', '', 1),
(13179, 285, 746, '2016-01-19', 0, 0, 52, 2, '', '', 1),
(13180, 285, 747, '2016-01-19', 0, 0, 52, 2, '', '', 1),
(13181, 285, 748, '2016-01-19', 0, 0, 52, 2, '', '', 1),
(13182, 284, 744, '2016-01-19', 0, 0, 52, 2, '', '', 1),
(13183, 284, 745, '2016-01-19', 0, 0, 52, 2, '', '', 1),
(13184, 283, 741, '2016-01-19', 0, 0, 52, 2, '', '', 1),
(13185, 283, 742, '2016-01-19', 0, 0, 52, 2, '', '', 1),
(13186, 283, 743, '2016-01-19', 0, 0, 52, 2, '', '', 1),
(13187, 288, 780, '2016-01-19', 2, 0, 35, 5, '', '', 1),
(13421, 289, 787, '2016-01-25', 100, 0, 22, 14, '', '', 1),
(13189, 286, 751, '2016-01-19', 3, 0, 35, 5, '', '', 1),
(13420, 289, 787, '2016-01-25', 100, 0, 22, 8, '', '', 1),
(13191, 288, 780, '2016-01-21', 2, 1, 35, 5, '', '', 1),
(13419, 289, 787, '2016-01-26', 100, 0, 44, 6, '', '', 1),
(13193, 286, 751, '2016-01-21', 3, 1, 35, 5, '', '', 1),
(13418, 289, 787, '2016-01-25', 100, 0, 52, 3, '', '', 1),
(13195, 288, 758, '2016-01-25', 33, 0, 52, 6, '', '', 1),
(13196, 288, 759, '2016-01-25', 34, 0, 52, 6, '', '', 1),
(13197, 288, 760, '2016-01-25', 8, 0, 52, 6, '', '', 1),
(13198, 288, 761, '2016-01-25', 21, 0, 52, 6, '', '', 1),
(13199, 288, 780, '2016-01-21', 2, 0, 52, 6, '', '', 1),
(13200, 288, 763, '2016-01-25', 10, 0, 52, 6, '', '', 1),
(13203, 286, 749, '2016-01-25', 10, 0, 52, 6, '', '', 1),
(13205, 286, 751, '2016-01-21', 3, 0, 52, 6, '', '', 1),
(13208, 285, 746, '2016-01-25', 19, 0, 52, 6, '', '', 1),
(13209, 285, 747, '2016-01-25', 9, 0, 52, 6, '', '', 1),
(13210, 285, 748, '2016-01-25', 5, 0, 52, 6, '', '', 1),
(13211, 284, 744, '2016-01-25', 20, 0, 52, 6, '', '', 1),
(13212, 284, 745, '2016-01-25', 22, 0, 52, 6, '', '', 1),
(13213, 283, 741, '2016-01-25', 22, 0, 52, 6, '', '', 1),
(13214, 283, 742, '2016-01-25', 22, 0, 52, 6, '', '', 1),
(13215, 283, 743, '2016-01-25', 10, 0, 52, 6, '', '', 1),
(13216, 288, 760, '2016-01-25', 8, 0, 52, 7, '', '', 1),
(12931, 275, 756, '2016-01-18', 10, 1, 19, 7, NULL, '', 1),
(13244, 279, 765, '2016-01-22', 60, 1, 23, 10, NULL, '', 1),
(13299, 276, 727, '2016-01-27', 40, 1, 23, 10, '', '', 1),
(13293, 279, 764, '2016-01-25', 50, 0, 23, 10, '', '', 1),
(13454, 287, 788, '2016-01-22', 27, 1, 52, 4, NULL, '', 1),
(12893, 272, 719, '2016-01-18', 30, 1, 22, 8, '', '', 1),
(13298, 277, 730, '2016-01-27', 40, 1, 23, 10, '', '', 1),
(13240, 276, 726, '2016-01-22', 30, 1, 23, 10, NULL, '', 1),
(13624, 288, 758, '2016-02-01', 33, 1, 52, 6, '', '', 1),
(13289, 279, 764, '2016-01-25', 50, 1, 52, 6, '', '', 1),
(12903, 272, 719, '2016-01-18', 30, 1, 22, 14, '', '', 1),
(12905, 275, 757, '2016-01-20', 50, 1, 23, 10, NULL, '', 1),
(12906, 275, 756, '2016-01-22', 10, 1, 23, 10, NULL, '', 1),
(12907, 275, 757, '2016-01-18', 50, 1, 19, 6, NULL, '', 1),
(12908, 275, 756, '2016-01-18', 10, 1, 19, 6, NULL, '', 1),
(12909, 297, 782, '2016-01-18', 220, 1, 52, 3, NULL, '', 1),
(12910, 297, 781, '2016-01-18', 220, 1, 52, 3, NULL, '', 1),
(12953, 288, 0, '2016-01-19', 0, 2, 0, 12, '', '', 1),
(12911, 297, 782, '2016-01-20', 220, 1, 44, 6, NULL, '', 1),
(12912, 297, 781, '2016-01-22', 80, 1, 52, 6, NULL, '', 1),
(13617, 276, 727, '2016-01-28', 40, 1, 22, 14, NULL, '', 1),
(13490, 299, 0, '2016-01-27', 0, 2, 0, 7, '', '', 1),
(13296, 276, 728, '2016-01-25', 40, 0, 23, 10, '', '', 1),
(13245, 277, 729, '2016-01-22', 20, 1, 23, 10, NULL, '', 1),
(13297, 279, 764, '2016-01-27', 50, 1, 23, 10, '', '', 1),
(13272, 275, 757, '2016-01-21', 50, 1, 22, 8, NULL, '', 1),
(13247, 278, 731, '2016-01-22', 40, 1, 23, 10, NULL, '', 1),
(13248, 297, 782, '2016-01-22', 220, 1, 52, 10, NULL, '', 1),
(13279, 273, 721, '2016-01-20', 3, 1, 52, 10, NULL, '', 1),
(13250, 273, 720, '2016-01-20', 3, 1, 52, 7, NULL, '', 1),
(13251, 294, 774, '2016-01-20', 105, 1, 22, 14, NULL, '', 1),
(13253, 294, 774, '2016-01-20', 105, 1, 22, 8, NULL, '', 1),
(13254, 292, 771, '2016-01-21', 16, 1, 22, 8, NULL, '', 1),
(13255, 292, 770, '2016-01-21', 16, 1, 22, 8, NULL, '', 1),
(13276, 275, 723, '2016-01-20', 25, 1, 22, 14, NULL, '', 1),
(13277, 291, 769, '2016-01-20', 100, 1, 22, 14, NULL, '', 1),
(13280, 273, 721, '2016-01-21', 3, 0, 29, 12, NULL, '', 1),
(13281, 273, 721, '2016-01-21', 3, 1, 29, 12, NULL, '', 1),
(13282, 273, 720, '2016-01-20', 3, 1, 22, 14, NULL, '', 1),
(13283, 273, 720, '2016-01-20', 3, 1, 22, 8, NULL, '', 1),
(13284, 273, 721, '2016-01-21', 3, 1, 22, 14, NULL, '', 1),
(13302, 273, 721, '2016-01-21', 3, 1, 22, 8, NULL, '', 1),
(13303, 292, 771, '2016-01-21', 16, 1, 22, 14, NULL, '', 1),
(13304, 292, 770, '2016-01-21', 16, 1, 22, 14, NULL, '', 1),
(13635, 285, 747, '2016-02-01', 9, 1, 52, 6, '', '', 1),
(13306, 275, 757, '2016-01-21', 50, 1, 22, 14, NULL, '', 1),
(13318, 276, 727, '2016-01-27', 40, 0, 22, 8, '', '', 1),
(13319, 276, 728, '2016-01-28', 40, 0, 22, 8, '', '', 1),
(13320, 276, 726, '2016-01-26', 30, 0, 22, 14, '', '', 1),
(13321, 276, 727, '2016-01-28', 40, 0, 22, 14, '', '', 1),
(13322, 276, 728, '2016-01-28', 40, 0, 22, 14, '', '', 1),
(13323, 297, 781, '2016-01-20', 140, 0, 42, 6, NULL, '', 1),
(13324, 297, 781, '2016-01-22', 140, 1, 42, 6, NULL, '', 1),
(13496, 299, 792, '2016-01-28', 26, 0, 52, 3, '', '', 1),
(13335, 276, 726, '2016-01-26', 30, 1, 22, 8, NULL, '', 1),
(13336, 279, 765, '2016-01-25', 60, 1, 22, 8, NULL, '', 1),
(13337, 277, 729, '2016-01-25', 20, 1, 22, 8, NULL, '', 1),
(13338, 278, 731, '2016-01-25', 40, 1, 22, 8, NULL, '', 1),
(13631, 287, 788, '2016-02-01', 27, 1, 52, 6, '', '', 1),
(13629, 288, 763, '2016-02-01', 10, 1, 52, 6, '', '', 1),
(13628, 288, 780, '2016-02-01', 2, 1, 52, 6, '', '', 1),
(13475, 274, 790, '2016-01-25', 20, 0, 28, 15, '', '', 1),
(13349, 297, 782, '2016-01-22', 220, 1, 22, 8, NULL, '', 1),
(13350, 297, 781, '2016-01-22', 220, 1, 22, 8, NULL, '', 1),
(14063, 313, 831, '2016-02-25', 0, 0, 52, 6, '', '', 0),
(13613, 300, 795, '2016-02-12', 180, 0, 28, 15, '', '', 1),
(13614, 300, 796, '2016-02-17', 35, 0, 28, 15, '', '', 1),
(13627, 288, 761, '2016-02-01', 21, 1, 52, 6, '', '', 1),
(13357, 284, 745, '2016-02-01', 22, 1, 52, 7, NULL, '', 1),
(13626, 288, 760, '2016-02-01', 8, 1, 52, 6, '', '', 1),
(13605, 300, 795, '2016-02-11', 180, 0, 22, 8, '', '', 1),
(14607, 313, 832, '2016-02-15', 17, 0, 52, 4, NULL, '', 1),
(13364, 297, 782, '2016-01-25', 220, 1, 22, 14, NULL, '', 1),
(13365, 297, 781, '2016-01-25', 220, 1, 22, 14, NULL, '', 1),
(13396, 298, 786, '2016-01-26', 120, 0, 52, 3, '', '', 1),
(13387, 298, 0, '2016-01-25', 0, 2, 0, 1, '', '', 1),
(13388, 298, 786, '2016-01-27', 120, 0, 52, 4, '', '', 1),
(13386, 298, 0, '2016-01-25', 0, 2, 0, 0, '', '', 1),
(13392, 298, 0, '2016-01-25', 0, 2, 0, 11, '', '', 1),
(13391, 298, 0, '2016-01-25', 0, 2, 0, 9, '', '', 1),
(13397, 298, 786, '2016-01-28', 120, 0, 52, 6, '', '', 1),
(13393, 298, 0, '2016-01-25', 0, 2, 0, 12, '', '', 1),
(13394, 298, 0, '2016-01-25', 0, 2, 0, 13, '', '', 1),
(13395, 298, 786, '2016-01-25', 0, 0, 52, 2, '', '', 1),
(13390, 298, 0, '2016-01-25', 0, 2, 0, 7, '', '', 1),
(13389, 298, 0, '2016-01-25', 0, 2, 0, 5, '', '', 1),
(13481, 279, 764, '2016-01-27', 50, 1, 22, 8, NULL, '', 1),
(13480, 274, 790, '2016-01-26', 20, 1, 52, 3, NULL, '', 1),
(13519, 298, 786, '2016-01-28', 120, 1, 52, 4, NULL, '', 1),
(13399, 298, 786, '2016-02-02', 120, 0, 22, 8, '', '', 1),
(13400, 298, 786, '2016-02-02', 120, 0, 22, 14, '', '', 1),
(13401, 298, 786, '2016-02-02', 120, 0, 28, 15, '', '', 1),
(13497, 299, 791, '2016-01-28', 15, 0, 52, 3, '', '', 1),
(13498, 299, 793, '2016-01-28', 55, 0, 52, 3, '', '', 1),
(13499, 299, 792, '2016-01-30', 26, 0, 52, 4, '', '', 1),
(13500, 299, 791, '2016-01-30', 15, 0, 52, 4, '', '', 1),
(13501, 299, 793, '2016-01-30', 55, 0, 52, 4, '', '', 1),
(13502, 299, 792, '2016-02-03', 26, 0, 52, 6, '', '', 1),
(13503, 299, 791, '2016-02-03', 15, 0, 52, 6, '', '', 1),
(13504, 299, 793, '2016-02-04', 55, 0, 52, 6, '', '', 1),
(13505, 299, 792, '2016-02-16', 26, 0, 22, 8, '', '', 1),
(13506, 299, 791, '2016-02-16', 15, 0, 22, 8, '', '', 1),
(13507, 299, 793, '2016-02-16', 55, 0, 22, 8, '', '', 1),
(13508, 299, 792, '2016-02-17', 26, 0, 22, 14, '', '', 1),
(13509, 299, 791, '2016-02-17', 15, 0, 22, 14, '', '', 1),
(13510, 299, 793, '2016-02-17', 55, 0, 22, 14, '', '', 1),
(13511, 299, 792, '2016-02-16', 26, 0, 28, 15, '', '', 1),
(13512, 299, 791, '2016-02-16', 15, 0, 28, 15, '', '', 1),
(13513, 299, 793, '2016-02-16', 55, 0, 28, 15, '', '', 1),
(13514, 278, 731, '2016-01-26', 40, 1, 22, 14, NULL, '', 1),
(13515, 299, 793, '2016-01-28', 0, 0, 52, 2, NULL, '', 1),
(13528, 299, 793, '2016-01-29', 55, 1, 52, 3, NULL, '', 1),
(13517, 279, 764, '2016-01-27', 50, 1, 22, 14, NULL, '', 1),
(13518, 277, 730, '2016-01-27', 40, 1, 22, 14, NULL, '', 1),
(13520, 298, 786, '2016-01-27', 0, 2, 53, 10, NULL, '', 1),
(13606, 300, 796, '2016-02-17', 35, 0, 22, 8, '', '', 1),
(14608, 313, 832, '2016-02-25', 0, 1, 52, 4, NULL, '', 0),
(13601, 300, 795, '2016-02-04', 180, 0, 52, 6, '', '', 1),
(13583, 300, 797, '2016-01-29', 180, 0, 52, 3, '', '', 1),
(13582, 300, 796, '2016-02-03', 35, 0, 52, 3, '', '', 1),
(13579, 290, 0, '2016-01-28', 0, 2, 0, 13, '', '', 1),
(13529, 299, 792, '2016-01-29', 26, 1, 52, 3, NULL, '', 1),
(13530, 299, 791, '2016-01-29', 15, 1, 52, 3, NULL, '', 1),
(13531, 300, 0, '2016-01-28', 0, 2, 0, 0, '', '', 1),
(13532, 300, 0, '2016-01-28', 0, 2, 0, 1, '', '', 1),
(13533, 300, 796, '2016-02-03', 35, 0, 52, 2, '', 'AGUARDANDO RONALDO COMPRAR TECIDO TRICOLINE', 1),
(13534, 300, 0, '2016-01-28', 0, 2, 0, 9, '', '', 1),
(13535, 300, 0, '2016-01-28', 0, 2, 0, 10, '', '', 1),
(13536, 300, 0, '2016-01-28', 0, 2, 0, 11, '', '', 1),
(13537, 300, 0, '2016-01-28', 0, 2, 0, 12, '', '', 1),
(13538, 300, 0, '2016-01-28', 0, 2, 0, 13, '', '', 1),
(13581, 300, 795, '2016-01-29', 180, 0, 52, 3, '', '', 1),
(14060, 313, 831, '2016-02-14', 22, 0, 52, 4, '', '', 1),
(13544, 300, 795, '2016-02-02', 180, 0, 52, 4, '', '', 1),
(13546, 300, 797, '2016-02-02', 180, 0, 52, 4, '', '', 1),
(13602, 300, 796, '2016-02-17', 35, 0, 52, 6, '', '', 1),
(13603, 300, 797, '2016-02-04', 180, 0, 52, 6, '', '', 1),
(14364, 317, 839, '2016-02-11', 10, 0, 52, 3, '', '', 1),
(13553, 300, 796, '2016-02-17', 0, 0, 52, 7, '', '', 1),
(13979, 300, 795, '2016-02-12', 180, 1, 52, 6, NULL, '', 1),
(13556, 300, 796, '2016-02-04', 35, 0, 32, 5, '', '', 1),
(13607, 300, 797, '2016-02-11', 180, 0, 22, 8, '', '', 1),
(13609, 300, 795, '2016-02-11', 180, 0, 22, 14, '', '', 1),
(13610, 300, 796, '2016-02-17', 35, 0, 22, 14, '', '', 1),
(13611, 300, 797, '2016-02-11', 180, 0, 22, 14, '', '', 1),
(13618, 276, 728, '2016-01-28', 40, 1, 22, 14, NULL, '', 1),
(13622, 300, 795, '2016-02-02', 180, 1, 52, 3, NULL, '', 1),
(13641, 283, 743, '2016-02-01', 10, 1, 52, 6, '', '', 1),
(13657, 283, 741, '2016-02-01', 22, 0, 22, 8, '', '', 1),
(13658, 283, 742, '2016-02-01', 22, 0, 22, 8, '', '', 1),
(13659, 283, 743, '2016-02-01', 10, 0, 22, 8, '', '', 1),
(13759, 288, 758, '2016-02-02', 33, 1, 22, 8, '', '', 1),
(13760, 288, 759, '2016-02-02', 34, 1, 22, 8, '', '', 1),
(13761, 288, 760, '2016-02-02', 8, 1, 22, 8, '', '', 1),
(13762, 288, 761, '2016-02-02', 21, 1, 22, 8, '', '', 1),
(13763, 288, 780, '2016-02-02', 2, 1, 22, 8, '', '', 1),
(13764, 288, 763, '2016-02-02', 10, 1, 22, 8, '', '', 1),
(13765, 287, 789, '2016-02-02', 28, 1, 22, 8, '', '', 1),
(13766, 287, 788, '2016-02-02', 27, 1, 22, 8, '', '', 1),
(13767, 286, 749, '2016-02-02', 10, 1, 22, 8, '', '', 1),
(13768, 286, 751, '2016-02-02', 3, 1, 22, 8, '', '', 1),
(13769, 285, 746, '2016-02-02', 19, 1, 22, 8, '', '', 1),
(13770, 285, 747, '2016-02-02', 9, 1, 22, 8, '', '', 1),
(13678, 285, 747, '2016-02-01', 9, 1, 52, 7, NULL, '', 1),
(13679, 286, 751, '2016-02-01', 3, 1, 52, 7, NULL, '', 1),
(13682, 301, 798, '2016-02-02', 0, 0, 52, 0, '', '', 1),
(13683, 301, 799, '2016-02-02', 0, 0, 52, 0, '', '', 1),
(13684, 301, 798, '2016-02-02', 0, 2, 52, 1, '', '', 1),
(13685, 301, 799, '2016-02-02', 0, 2, 52, 1, '', '', 1),
(13686, 301, 798, '2016-02-03', 0, 0, 52, 2, '', '', 1),
(13687, 301, 799, '2016-02-03', 0, 0, 52, 2, '', '', 1),
(13688, 301, 798, '2016-02-03', 30, 0, 52, 3, '', '', 1),
(13689, 301, 799, '2016-02-03', 30, 0, 52, 3, '', '', 1),
(13690, 301, 798, '2016-02-05', 30, 0, 52, 4, '', '', 1),
(13691, 301, 799, '2016-02-05', 30, 0, 52, 4, '', '', 1),
(13692, 301, 798, '2016-02-10', 30, 0, 52, 6, '', '', 1),
(13693, 301, 799, '2016-02-10', 30, 0, 52, 6, '', '', 1),
(13694, 301, 0, '2016-02-01', 0, 2, 0, 5, '', '', 1),
(13695, 301, 0, '2016-02-01', 0, 2, 0, 7, '', '', 1),
(13696, 301, 0, '2016-02-01', 0, 2, 0, 9, '', '', 1),
(13697, 301, 0, '2016-02-01', 0, 2, 0, 10, '', '', 1),
(13698, 301, 0, '2016-02-01', 0, 2, 0, 11, '', '', 1),
(13699, 301, 0, '2016-02-01', 0, 2, 0, 12, '', '', 1),
(13700, 301, 0, '2016-02-01', 0, 2, 0, 13, '', '', 1),
(13701, 301, 798, '2016-02-17', 30, 0, 22, 8, '', '', 1),
(13702, 301, 799, '2016-02-17', 30, 0, 22, 8, '', '', 1),
(13703, 301, 798, '2016-02-17', 30, 0, 22, 14, '', '', 1),
(13704, 301, 799, '2016-02-17', 30, 0, 22, 14, '', '', 1),
(13705, 301, 798, '2016-02-17', 30, 0, 22, 15, '', '', 1),
(13706, 301, 799, '2016-02-17', 30, 0, 22, 15, '', '', 1),
(13707, 302, 800, '2016-02-02', 0, 0, 52, 2, '', '', 1),
(13708, 302, 800, '2016-02-03', 80, 0, 52, 3, '', '', 1),
(13709, 302, 800, '2016-02-05', 80, 0, 52, 6, '', '', 1),
(13710, 302, 0, '2016-02-01', 0, 2, 0, 5, '', '', 1),
(13711, 302, 0, '2016-02-01', 0, 2, 0, 7, '', '', 1),
(13712, 302, 0, '2016-02-01', 0, 2, 0, 9, '', '', 1);
INSERT INTO `fluxos` (`id`, `pedido_id`, `produto_id`, `data`, `quantidade`, `envio_retorno`, `quem`, `andamento`, `silk_bord`, `obs`, `status`) VALUES
(13713, 302, 0, '2016-02-01', 0, 2, 0, 10, '', '', 1),
(13714, 302, 0, '2016-02-01', 0, 2, 0, 11, '', '', 1),
(13715, 302, 0, '2016-02-01', 0, 2, 0, 12, '', '', 1),
(13716, 302, 0, '2016-02-01', 0, 2, 0, 13, '', '', 1),
(13717, 302, 801, '2016-02-02', 0, 0, 47, 0, '', '', 1),
(13718, 302, 801, '2016-02-04', 0, 2, 47, 1, '', '', 1),
(13719, 302, 801, '2016-02-06', 0, 0, 47, 2, '', '', 1),
(13720, 302, 801, '2016-02-03', 50, 0, 47, 3, '', '', 1),
(13721, 302, 801, '2016-02-10', 50, 0, 47, 4, '', '', 1),
(13722, 302, 800, '2016-02-12', 80, 0, 22, 8, '', '', 1),
(13723, 302, 801, '2016-02-10', 50, 0, 22, 8, '', '', 1),
(13724, 302, 800, '2016-02-10', 80, 0, 22, 14, '', '', 1),
(13725, 302, 801, '2016-02-10', 50, 0, 22, 14, '', '', 1),
(13726, 302, 800, '2016-02-10', 80, 0, 28, 15, '', '', 1),
(13727, 302, 801, '2016-02-10', 50, 0, 28, 15, '', '', 1),
(13728, 302, 801, '2016-02-05', 50, 0, 47, 6, NULL, '', 1),
(13729, 302, 801, '2016-02-10', 50, 1, 47, 6, NULL, '', 1),
(13748, 298, 786, '2016-02-02', 120, 1, 52, 8, NULL, '', 1),
(13750, 300, 795, '2016-02-01', 180, 0, 52, 2, NULL, '', 1),
(13751, 300, 795, '2016-02-01', 180, 1, 52, 2, NULL, '', 1),
(13752, 300, 797, '2016-02-02', 180, 0, 52, 2, NULL, '', 1),
(13753, 300, 797, '2016-02-02', 180, 1, 52, 2, NULL, '', 1),
(13754, 300, 795, '2016-02-04', 180, 1, 52, 4, NULL, '', 1),
(13755, 300, 797, '2016-02-04', 180, 1, 52, 4, NULL, '', 1),
(13757, 300, 796, '2016-02-04', 35, 1, 52, 3, NULL, '', 1),
(13758, 302, 800, '2016-02-05', 80, 1, 52, 3, NULL, '', 1),
(13771, 285, 748, '2016-02-02', 5, 1, 22, 8, '', '', 1),
(13772, 284, 744, '2016-02-02', 20, 1, 22, 8, '', '', 1),
(13773, 284, 745, '2016-02-02', 22, 1, 22, 8, '', '', 1),
(13774, 283, 741, '2016-02-02', 22, 1, 22, 8, '', '', 1),
(13775, 283, 742, '2016-02-02', 22, 1, 22, 8, '', '', 1),
(13776, 283, 743, '2016-02-02', 10, 1, 22, 8, '', '', 1),
(13790, 284, 744, '2016-02-02', 20, 0, 22, 14, '', '', 1),
(13791, 284, 745, '2016-02-02', 22, 0, 22, 14, '', '', 1),
(13792, 283, 741, '2016-02-02', 22, 0, 22, 14, '', '', 1),
(13793, 283, 742, '2016-02-02', 22, 0, 22, 14, '', '', 1),
(13794, 283, 743, '2016-02-02', 10, 0, 22, 14, '', '', 1),
(13795, 288, 758, '2016-02-02', 33, 1, 28, 14, '', '', 1),
(13796, 288, 759, '2016-02-02', 34, 1, 28, 14, '', '', 1),
(13797, 288, 760, '2016-02-02', 8, 1, 28, 14, '', '', 1),
(13798, 288, 761, '2016-02-02', 21, 1, 28, 14, '', '', 1),
(13799, 288, 780, '2016-02-02', 2, 1, 28, 14, '', '', 1),
(13800, 288, 763, '2016-02-02', 10, 1, 28, 14, '', '', 1),
(13801, 287, 789, '2016-02-02', 28, 1, 28, 14, '', '', 1),
(13802, 287, 788, '2016-02-02', 27, 1, 28, 14, '', '', 1),
(13803, 286, 749, '2016-02-02', 10, 1, 28, 14, '', '', 1),
(13804, 286, 751, '2016-02-02', 3, 1, 28, 14, '', '', 1),
(13805, 285, 746, '2016-02-02', 19, 1, 28, 14, '', '', 1),
(13806, 285, 747, '2016-02-02', 9, 1, 28, 14, '', '', 1),
(13807, 285, 748, '2016-02-02', 5, 1, 28, 14, '', '', 1),
(13808, 284, 744, '2016-02-02', 20, 1, 28, 14, '', '', 1),
(13809, 284, 745, '2016-02-02', 22, 1, 28, 14, '', '', 1),
(13810, 283, 741, '2016-02-02', 22, 1, 28, 14, '', '', 1),
(13811, 283, 742, '2016-02-02', 22, 1, 28, 14, '', '', 1),
(13812, 283, 743, '2016-02-02', 10, 1, 28, 14, '', '', 1),
(13825, 285, 748, '2016-02-02', 5, 0, 28, 15, '', '', 1),
(13826, 284, 744, '2016-02-02', 20, 0, 28, 15, '', '', 1),
(13827, 284, 745, '2016-02-02', 22, 0, 28, 15, '', '', 1),
(13828, 283, 741, '2016-02-02', 22, 0, 28, 15, '', '', 1),
(13829, 283, 742, '2016-02-02', 22, 0, 28, 15, '', '', 1),
(13830, 283, 743, '2016-02-02', 10, 0, 28, 15, '', '', 1),
(13831, 298, 786, '2016-02-02', 120, 1, 22, 14, NULL, '', 1),
(14056, 313, 833, '2016-02-10', 0, 0, 52, 2, '', '', 1),
(13832, 301, 799, '2016-02-05', 30, 1, 52, 3, NULL, '', 1),
(13833, 301, 798, '2016-02-05', 30, 1, 52, 3, NULL, '', 1),
(13834, 302, 801, '2016-02-05', 50, 1, 47, 3, NULL, '', 1),
(13835, 299, 793, '2016-02-16', 26, 1, 52, 6, NULL, '', 1),
(13836, 299, 792, '2016-02-16', 15, 1, 52, 6, NULL, '', 1),
(13837, 299, 791, '2016-02-16', 55, 1, 52, 6, NULL, '', 1),
(13838, 303, 0, '2016-02-03', 0, 2, 0, 0, '', '', 1),
(13839, 303, 0, '2016-02-03', 0, 2, 0, 1, '', '', 1),
(13840, 303, 0, '2016-02-03', 0, 2, 0, 4, '', '', 1),
(13841, 303, 0, '2016-02-03', 0, 2, 0, 5, '', '', 1),
(13842, 303, 0, '2016-02-03', 0, 2, 0, 9, '', '', 1),
(13843, 303, 0, '2016-02-03', 0, 2, 0, 10, '', '', 1),
(13844, 303, 0, '2016-02-03', 0, 2, 0, 11, '', '', 1),
(13845, 303, 0, '2016-02-03', 0, 2, 0, 12, '', '', 1),
(13846, 303, 0, '2016-02-03', 0, 2, 0, 13, '', '', 1),
(13847, 303, 802, '2016-02-03', 0, 0, 52, 2, '', '', 1),
(13848, 303, 803, '2016-02-03', 0, 0, 52, 2, '', '', 1),
(13849, 303, 804, '2016-02-03', 0, 0, 52, 2, '', '', 1),
(13850, 303, 805, '2016-02-03', 0, 0, 52, 2, '', '', 1),
(13851, 303, 802, '2016-02-05', 35, 0, 52, 3, '', '', 1),
(13852, 303, 803, '2016-02-05', 15, 0, 52, 3, '', '', 1),
(13853, 303, 804, '2016-02-05', 25, 0, 52, 3, '', '', 1),
(13854, 303, 805, '2016-02-05', 15, 0, 52, 3, '', '', 1),
(13855, 303, 802, '2016-02-15', 35, 0, 52, 6, '', '', 1),
(13856, 303, 803, '2016-02-15', 15, 0, 52, 6, '', '', 1),
(13857, 303, 804, '2016-02-15', 25, 0, 52, 6, '', '', 1),
(13858, 303, 805, '2016-02-15', 15, 0, 52, 6, '', '', 1),
(13861, 303, 804, '2016-02-15', 25, 0, 52, 7, '', '', 1),
(13862, 303, 805, '2016-02-15', 15, 0, 52, 7, '', '', 1),
(13863, 303, 802, '2016-02-17', 35, 0, 22, 8, '', '', 1),
(13864, 303, 803, '2016-02-17', 15, 0, 22, 8, '', '', 1),
(13865, 303, 804, '2016-02-17', 25, 0, 22, 8, '', '', 1),
(13866, 303, 805, '2016-02-17', 15, 0, 22, 8, '', '', 1),
(13874, 303, 805, '2016-02-17', 15, 0, 28, 15, '', '', 1),
(13873, 303, 804, '2016-02-17', 25, 0, 28, 15, '', '', 1),
(13872, 303, 803, '2016-02-17', 15, 0, 28, 15, '', '', 1),
(13871, 303, 802, '2016-02-17', 35, 0, 28, 15, '', '', 1),
(13875, 303, 802, '2016-02-17', 35, 0, 22, 14, '', '', 1),
(13876, 303, 803, '2016-02-17', 15, 0, 22, 14, '', '', 1),
(13877, 303, 804, '2016-02-17', 25, 0, 22, 14, '', '', 1),
(13878, 303, 805, '2016-02-17', 15, 0, 22, 14, '', '', 1),
(13879, 304, 0, '2016-02-03', 0, 2, 0, 0, '', '', 1),
(13880, 304, 0, '2016-02-03', 0, 2, 0, 1, '', '', 1),
(13881, 304, 0, '2016-02-03', 0, 2, 0, 7, '', '', 1),
(13882, 304, 0, '2016-02-03', 0, 2, 0, 9, '', '', 1),
(13883, 304, 0, '2016-02-03', 0, 2, 0, 10, '', '', 1),
(13884, 304, 0, '2016-02-03', 0, 2, 0, 11, '', '', 1),
(13885, 304, 0, '2016-02-03', 0, 2, 0, 12, '', '', 1),
(13886, 304, 0, '2016-02-03', 0, 2, 0, 13, '', '', 1),
(13887, 304, 806, '2016-02-03', 0, 0, 52, 2, '', '', 1),
(13888, 304, 807, '2016-02-03', 0, 0, 52, 2, '', '', 1),
(13889, 304, 806, '2016-02-05', 24, 0, 52, 3, '', '', 1),
(13890, 304, 807, '2016-02-05', 20, 0, 52, 3, '', '', 1),
(13891, 304, 806, '2016-02-15', 24, 0, 52, 4, '', '', 1),
(13892, 304, 807, '2016-02-15', 20, 0, 52, 4, '', '', 1),
(13893, 304, 806, '2016-02-22', 24, 0, 52, 6, '', '', 1),
(13894, 304, 807, '2016-02-22', 20, 0, 52, 6, '', '', 1),
(13895, 304, 806, '2016-02-29', 0, 0, 22, 8, '', '', 0),
(13896, 304, 807, '2016-02-29', 0, 0, 22, 8, '', '', 0),
(13897, 304, 806, '2016-02-29', 0, 0, 22, 14, '', '', 0),
(13898, 304, 807, '2016-02-29', 0, 0, 22, 14, '', '', 0),
(13899, 304, 806, '2016-02-29', 0, 0, 28, 15, '', '', 0),
(13900, 304, 807, '2016-02-29', 0, 0, 28, 15, '', '', 0),
(13901, 304, 806, '2016-02-03', 0, 2, 53, 5, NULL, '', 1),
(13902, 305, 0, '2016-02-03', 0, 2, 0, 0, '', '', 1),
(13903, 305, 0, '2016-02-03', 0, 2, 0, 1, '', '', 1),
(13904, 305, 0, '2016-02-03', 0, 2, 0, 5, '', '', 1),
(13905, 305, 0, '2016-02-03', 0, 2, 0, 7, '', '', 1),
(13906, 305, 0, '2016-02-03', 0, 2, 0, 9, '', '', 1),
(13907, 305, 0, '2016-02-03', 0, 2, 0, 10, '', '', 1),
(13908, 305, 0, '2016-02-03', 0, 2, 0, 11, '', '', 1),
(13909, 305, 0, '2016-02-03', 0, 2, 0, 12, '', '', 1),
(13910, 305, 0, '2016-02-03', 0, 2, 0, 13, '', '', 1),
(13911, 305, 808, '2016-02-04', 0, 0, 52, 2, '', '', 1),
(13912, 305, 809, '2016-02-04', 0, 0, 52, 2, '', '', 1),
(13913, 305, 808, '2016-02-05', 110, 0, 52, 3, '', '', 1),
(13914, 305, 809, '2016-02-05', 110, 0, 52, 3, '', '', 1),
(13915, 305, 808, '2016-02-10', 110, 0, 52, 4, '', '', 1),
(13916, 305, 809, '2016-02-10', 110, 0, 52, 4, '', '', 1),
(13917, 305, 808, '2016-02-12', 110, 0, 52, 6, '', '', 1),
(13918, 305, 809, '2016-02-12', 110, 0, 52, 6, '', '', 1),
(13919, 305, 808, '2016-02-16', 110, 0, 22, 8, '', '', 1),
(13920, 305, 809, '2016-02-16', 110, 0, 22, 8, '', '', 1),
(13921, 305, 808, '2016-02-16', 110, 0, 22, 14, '', '', 1),
(13922, 305, 809, '2016-02-16', 110, 0, 22, 14, '', '', 1),
(13923, 305, 808, '2016-02-17', 110, 0, 22, 15, '', '', 1),
(13924, 305, 809, '2016-02-17', 110, 0, 22, 15, '', '', 1),
(13925, 306, 0, '2016-02-04', 0, 2, 0, 0, '', '', 1),
(13926, 306, 0, '2016-02-04', 0, 2, 0, 1, '', '', 1),
(13927, 306, 0, '2016-02-04', 0, 2, 0, 5, '', '', 1),
(13928, 306, 0, '2016-02-04', 0, 2, 0, 9, '', '', 1),
(13929, 306, 0, '2016-02-04', 0, 2, 0, 10, '', '', 1),
(13930, 306, 0, '2016-02-04', 0, 2, 0, 11, '', '', 1),
(13931, 306, 0, '2016-02-04', 0, 2, 0, 12, '', '', 1),
(13932, 306, 0, '2016-02-04', 0, 2, 0, 13, '', '', 1),
(13933, 306, 810, '2016-02-10', 0, 0, 52, 2, '', '', 1),
(13934, 306, 810, '2016-02-10', 19, 0, 52, 3, '', '', 1),
(13935, 306, 810, '2016-02-15', 19, 0, 52, 4, '', '', 1),
(13936, 306, 810, '2016-02-23', 19, 0, 52, 6, '', '', 1),
(13937, 306, 810, '2016-02-24', 0, 0, 52, 7, '', '', 0),
(13938, 306, 810, '2016-02-29', 0, 0, 22, 8, '', '', 0),
(13939, 306, 810, '2016-02-29', 0, 0, 22, 14, '', '', 0),
(13940, 306, 810, '2016-02-29', 0, 0, 22, 15, '', '', 0),
(13941, 307, 0, '2016-02-04', 0, 2, 0, 0, '', '', 1),
(13942, 307, 0, '2016-02-04', 0, 2, 0, 1, '', '', 1),
(13945, 307, 0, '2016-02-04', 0, 2, 0, 9, '', '', 1),
(13946, 307, 0, '2016-02-04', 0, 2, 0, 10, '', '', 1),
(13947, 307, 0, '2016-02-04', 0, 2, 0, 11, '', '', 1),
(13948, 307, 0, '2016-02-04', 0, 2, 0, 12, '', '', 1),
(13949, 307, 0, '2016-02-04', 0, 2, 0, 13, '', '', 1),
(13950, 307, 811, '2016-02-04', 0, 0, 52, 2, '', '', 1),
(13951, 307, 812, '2016-02-04', 0, 0, 52, 2, '', '', 1),
(13952, 307, 814, '2016-02-04', 0, 0, 52, 2, '', '', 1),
(13955, 307, 814, '2016-02-15', 6, 0, 52, 4, '', '', 1),
(13956, 307, 811, '2016-02-15', 19, 0, 52, 5, '', '', 1),
(13957, 307, 812, '2016-02-15', 27, 0, 52, 5, '', '', 1),
(13959, 307, 811, '2016-02-23', 19, 0, 52, 6, '', '', 1),
(13960, 307, 812, '2016-02-23', 27, 0, 52, 6, '', '', 1),
(13961, 307, 814, '2016-02-23', 6, 0, 52, 6, '', '', 1),
(13962, 307, 811, '2016-02-23', 19, 0, 52, 7, '', '', 1),
(13963, 307, 812, '2016-02-23', 27, 0, 52, 7, '', '', 1),
(13964, 307, 814, '2016-02-23', 6, 0, 52, 7, '', '', 1),
(13965, 307, 811, '2016-02-25', 0, 0, 22, 8, '', '', 0),
(13966, 307, 812, '2016-02-25', 0, 0, 22, 8, '', '', 0),
(13967, 307, 814, '2016-02-25', 0, 0, 22, 8, '', '', 0),
(13968, 307, 811, '2016-02-24', 0, 0, 22, 14, '', '', 0),
(13969, 307, 812, '2016-02-24', 0, 0, 22, 14, '', '', 0),
(13970, 307, 814, '2016-02-24', 0, 0, 22, 14, '', '', 0),
(13971, 307, 811, '2016-02-24', 0, 0, 22, 15, '', '', 0),
(13972, 307, 812, '2016-02-24', 0, 0, 22, 15, '', '', 0),
(13973, 307, 814, '2016-02-24', 0, 0, 22, 15, '', '', 0),
(13974, 307, 811, '2016-02-05', 19, 0, 52, 3, '', '', 1),
(13975, 307, 812, '2016-02-05', 27, 0, 52, 3, '', '', 1),
(13976, 307, 814, '2016-02-05', 6, 0, 52, 3, '', '', 1),
(14055, 313, 832, '2016-02-10', 0, 0, 52, 2, '', '', 1),
(14365, 317, 840, '2016-02-11', 5, 0, 52, 3, '', '', 1),
(14054, 313, 831, '2016-02-10', 0, 0, 52, 2, '', '', 1),
(13978, 300, 796, '2016-02-17', 35, 1, 32, 5, NULL, '', 1),
(13980, 300, 797, '2016-02-12', 180, 1, 52, 6, NULL, '', 1),
(13981, 302, 800, '2016-02-10', 80, 1, 52, 6, NULL, '', 1),
(13982, 301, 799, '2016-02-10', 30, 1, 52, 4, NULL, '', 1),
(13983, 301, 798, '2016-02-10', 30, 1, 52, 4, NULL, '', 1),
(13984, 305, 809, '2016-02-10', 110, 1, 52, 3, NULL, '', 1),
(13985, 305, 808, '2016-02-10', 110, 1, 52, 3, NULL, '', 1),
(13986, 303, 802, '2016-02-12', 35, 1, 52, 3, NULL, '', 1),
(13987, 303, 803, '2016-02-12', 15, 1, 52, 3, NULL, '', 1),
(13988, 303, 804, '2016-02-12', 25, 1, 52, 3, NULL, '', 1),
(13989, 303, 805, '2016-02-12', 15, 1, 52, 3, NULL, '', 1),
(13990, 304, 806, '2016-02-15', 24, 1, 52, 3, NULL, '', 1),
(13991, 304, 807, '2016-02-15', 20, 1, 52, 3, NULL, '', 1),
(13992, 307, 811, '2016-02-15', 19, 1, 52, 3, NULL, '', 1),
(13993, 307, 812, '2016-02-15', 27, 1, 52, 3, NULL, '', 1),
(13994, 307, 814, '2016-02-15', 6, 1, 52, 3, NULL, '', 1),
(14022, 317, 0, '2016-02-05', 0, 2, 0, 13, '', '', 1),
(14021, 317, 0, '2016-02-05', 0, 2, 0, 12, '', '', 1),
(14020, 317, 0, '2016-02-05', 0, 2, 0, 11, '', '', 1),
(14019, 317, 0, '2016-02-05', 0, 2, 0, 10, '', '', 1),
(14018, 317, 0, '2016-02-05', 0, 2, 0, 9, '', '', 1),
(14017, 317, 0, '2016-02-05', 0, 2, 0, 1, '', '', 1),
(14016, 317, 0, '2016-02-05', 0, 2, 0, 0, '', '', 1),
(14052, 312, 0, '2016-02-05', 0, 2, 0, 12, '', '', 1),
(14051, 312, 0, '2016-02-05', 0, 2, 0, 11, '', '', 1),
(14050, 312, 0, '2016-02-05', 0, 2, 0, 10, '', '', 1),
(14049, 312, 0, '2016-02-05', 0, 2, 0, 9, '', '', 1),
(14048, 312, 0, '2016-02-05', 0, 2, 0, 1, '', '', 1),
(14047, 312, 0, '2016-02-05', 0, 2, 0, 0, '', '', 1),
(14046, 313, 0, '2016-02-05', 0, 2, 0, 13, '', '', 1),
(14045, 313, 0, '2016-02-05', 0, 2, 0, 12, '', '', 1),
(14044, 313, 0, '2016-02-05', 0, 2, 0, 11, '', '', 1),
(14043, 313, 0, '2016-02-05', 0, 2, 0, 10, '', '', 1),
(14042, 313, 0, '2016-02-05', 0, 2, 0, 9, '', '', 1),
(14041, 313, 0, '2016-02-05', 0, 2, 0, 1, '', '', 1),
(14040, 313, 0, '2016-02-05', 0, 2, 0, 0, '', '', 1),
(14023, 317, 839, '2016-02-10', 0, 0, 52, 2, '', '', 1),
(14024, 317, 840, '2016-02-10', 0, 0, 52, 2, '', '', 1),
(14366, 313, 831, '2016-02-11', 22, 0, 52, 3, '', '', 1),
(14027, 317, 839, '2016-02-14', 10, 0, 52, 4, '', '', 1),
(14028, 317, 840, '2016-02-14', 5, 0, 52, 4, '', '', 1),
(14029, 317, 839, '2016-02-25', 0, 0, 52, 6, '', '', 0),
(14030, 317, 840, '2016-02-25', 0, 0, 52, 6, '', '', 0),
(14031, 317, 839, '2016-02-24', 0, 0, 52, 7, '', '', 0),
(14032, 317, 840, '2016-02-24', 0, 0, 52, 7, '', '', 0),
(14033, 317, 0, '2016-02-05', 0, 2, 0, 5, '', '', 1),
(14034, 317, 839, '2016-02-29', 0, 0, 22, 8, '', '', 0),
(14035, 317, 840, '2016-02-29', 0, 0, 22, 8, '', '', 0),
(14036, 317, 839, '2016-03-03', 0, 0, 22, 14, '', '', 0),
(14037, 317, 840, '2016-03-03', 0, 0, 22, 14, '', '', 0),
(14038, 317, 839, '2016-03-03', 0, 0, 28, 15, '', '', 0),
(14039, 317, 840, '2016-03-03', 0, 0, 28, 15, '', '', 0),
(14053, 312, 0, '2016-02-05', 0, 2, 0, 13, '', '', 1),
(14064, 313, 832, '2016-02-25', 0, 0, 52, 6, '', '', 0),
(14065, 313, 833, '2016-02-20', 5, 0, 52, 6, '', '', 1),
(14066, 313, 831, '2016-02-24', 0, 0, 52, 7, '', '', 0),
(14067, 313, 832, '2016-02-24', 0, 0, 52, 7, '', '', 0),
(14068, 313, 833, '2016-02-24', 0, 0, 52, 7, '', '', 0),
(14069, 313, 831, '2016-03-03', 0, 0, 22, 8, '', '', 0),
(14070, 313, 832, '2016-03-03', 0, 0, 22, 8, '', '', 0),
(14071, 313, 833, '2016-03-03', 0, 0, 22, 8, '', '', 0),
(14072, 313, 831, '2016-02-24', 0, 0, 22, 14, '', '', 0),
(14073, 313, 832, '2016-02-24', 0, 0, 22, 14, '', '', 0),
(14074, 313, 833, '2016-02-24', 0, 0, 22, 14, '', '', 0),
(14075, 313, 831, '2016-02-24', 0, 0, 0, 15, '', '', 0),
(14076, 313, 832, '2016-02-24', 0, 0, 0, 15, '', '', 0),
(14077, 313, 833, '2016-02-24', 0, 0, 0, 15, '', '', 0),
(14078, 313, 0, '2016-02-05', 0, 2, 0, 5, '', '', 1),
(14079, 312, 828, '2016-02-10', 0, 0, 52, 2, '', '', 1),
(14080, 312, 829, '2016-02-10', 0, 0, 52, 2, '', '', 1),
(14081, 312, 830, '2016-02-10', 0, 0, 52, 2, '', '', 1),
(14349, 312, 830, '2016-02-11', 16, 0, 52, 3, '', '', 1),
(14085, 312, 828, '2016-02-15', 26, 0, 52, 4, '', '', 1),
(14087, 312, 830, '2016-02-15', 16, 0, 52, 4, '', '', 1),
(14088, 312, 828, '2016-02-25', 0, 0, 52, 6, '', '', 0),
(14089, 312, 829, '2016-02-25', 0, 0, 52, 6, '', '', 0),
(14090, 312, 830, '2016-02-25', 0, 0, 52, 6, '', '', 0),
(14092, 312, 829, '2016-02-25', 0, 0, 52, 7, '', '', 0),
(14094, 312, 829, '2016-02-18', 2, 0, 32, 5, '', '', 1),
(14096, 312, 828, '2016-02-24', 0, 0, 28, 8, '', '', 0),
(14097, 312, 829, '2016-02-24', 0, 0, 28, 8, '', '', 0),
(14098, 312, 830, '2016-02-24', 0, 0, 28, 8, '', '', 0),
(14099, 312, 828, '2016-02-24', 0, 0, 28, 14, '', '', 0),
(14100, 312, 829, '2016-02-24', 0, 0, 28, 14, '', '', 0),
(14101, 312, 830, '2016-02-24', 0, 0, 28, 14, '', '', 0),
(14102, 312, 828, '2016-02-24', 0, 0, 28, 15, '', '', 0),
(14103, 312, 829, '2016-02-24', 0, 0, 28, 15, '', '', 0),
(14104, 312, 830, '2016-02-24', 0, 0, 28, 15, '', '', 0),
(14105, 311, 0, '2016-02-05', 0, 2, 0, 0, '', '', 1),
(14106, 311, 0, '2016-02-05', 0, 2, 0, 1, '', '', 1),
(14107, 311, 0, '2016-02-05', 0, 2, 0, 9, '', '', 1),
(14108, 311, 0, '2016-02-05', 0, 2, 0, 10, '', '', 1),
(14109, 311, 0, '2016-02-05', 0, 2, 0, 11, '', '', 1),
(14110, 311, 0, '2016-02-05', 0, 2, 0, 12, '', '', 1),
(14111, 311, 0, '2016-02-05', 0, 2, 0, 13, '', '', 1),
(14112, 311, 826, '2016-02-10', 0, 0, 52, 2, '', '', 1),
(14113, 311, 827, '2016-02-10', 0, 0, 52, 2, '', '', 1),
(14114, 311, 841, '2016-02-10', 0, 0, 52, 2, '', '', 1),
(14351, 311, 827, '2016-02-11', 10, 0, 52, 3, '', '', 1),
(14350, 311, 826, '2016-02-11', 23, 0, 52, 3, '', '', 1),
(14118, 311, 826, '2016-02-14', 23, 0, 52, 4, '', '', 1),
(14119, 311, 827, '2016-02-15', 10, 0, 52, 4, '', '', 1),
(14120, 311, 841, '2016-02-14', 5, 0, 52, 4, '', '', 1),
(14121, 311, 826, '2016-02-24', 0, 0, 52, 6, '', '', 0),
(14122, 311, 827, '2016-02-24', 0, 0, 52, 6, '', '', 0),
(14123, 311, 841, '2016-02-24', 0, 0, 52, 6, '', '', 0),
(14948, 331, 874, '2016-02-25', 0, 1, 52, 3, NULL, '', 0),
(14127, 311, 826, '2016-03-03', 0, 0, 22, 8, '', '', 0),
(14128, 311, 827, '2016-03-03', 0, 0, 22, 8, '', '', 0),
(14129, 311, 841, '2016-03-03', 0, 0, 22, 8, '', '', 0),
(14130, 311, 826, '2016-02-24', 0, 0, 22, 14, '', '', 0),
(14131, 311, 827, '2016-02-24', 0, 0, 22, 14, '', '', 0),
(14132, 311, 841, '2016-02-24', 0, 0, 22, 14, '', '', 0),
(14133, 311, 0, '2016-02-05', 0, 2, 0, 5, '', '', 1),
(14134, 311, 826, '2016-02-24', 0, 0, 28, 15, '', '', 0),
(14135, 311, 827, '2016-02-24', 0, 0, 28, 15, '', '', 0),
(14136, 311, 841, '2016-02-24', 0, 0, 28, 15, '', '', 0),
(14137, 310, 0, '2016-02-05', 0, 2, 0, 0, '', '', 1),
(14138, 310, 0, '2016-02-05', 0, 2, 0, 1, '', '', 1),
(14140, 310, 0, '2016-02-05', 0, 2, 0, 9, '', '', 1),
(14141, 310, 0, '2016-02-05', 0, 2, 0, 10, '', '', 1),
(14142, 310, 0, '2016-02-05', 0, 2, 0, 11, '', '', 1),
(14143, 310, 0, '2016-02-05', 0, 2, 0, 12, '', '', 1),
(14144, 310, 0, '2016-02-05', 0, 2, 0, 13, '', '', 1),
(14145, 310, 823, '2016-02-10', 0, 0, 52, 2, '', '', 1),
(14146, 310, 824, '2016-02-10', 0, 0, 52, 2, '', '', 1),
(14147, 310, 825, '2016-02-10', 0, 0, 52, 2, '', '', 1),
(14358, 309, 822, '2016-02-11', 10, 0, 52, 3, '', '', 1),
(14357, 309, 821, '2016-02-11', 21, 0, 52, 3, '', '', 1),
(14151, 310, 823, '2016-02-14', 28, 0, 52, 4, '', '', 1),
(14152, 310, 824, '2016-02-14', 26, 0, 52, 4, '', '', 1),
(14154, 310, 823, '2016-02-24', 0, 0, 52, 6, '', '', 0),
(14155, 310, 824, '2016-02-24', 0, 0, 52, 6, '', '', 0),
(14156, 310, 825, '2016-02-20', 15, 0, 52, 6, '', '', 1),
(14157, 310, 823, '2016-02-24', 0, 0, 52, 7, '', '', 0),
(14158, 310, 824, '2016-02-24', 0, 0, 52, 7, '', '', 0),
(14159, 310, 825, '2016-02-24', 0, 0, 52, 7, '', '', 0),
(14160, 310, 0, '2016-02-05', 0, 2, 0, 5, '', '', 1),
(14161, 310, 823, '2016-02-25', 0, 0, 0, 8, '', '', 0),
(14162, 310, 824, '2016-02-25', 0, 0, 0, 8, '', '', 0),
(14163, 310, 825, '2016-02-25', 0, 0, 0, 8, '', '', 0),
(14164, 310, 823, '2016-02-26', 0, 0, 0, 14, '', '', 0),
(14165, 310, 824, '2016-02-26', 0, 0, 0, 14, '', '', 0),
(14166, 310, 825, '2016-02-26', 0, 0, 0, 14, '', '', 0),
(14167, 310, 823, '2016-02-25', 0, 0, 28, 15, '', '', 0),
(14168, 310, 824, '2016-02-25', 0, 0, 28, 15, '', '', 0),
(14169, 310, 825, '2016-02-25', 0, 0, 28, 15, '', '', 0),
(14170, 301, 799, '2016-02-17', 30, 1, 52, 6, NULL, '', 1),
(14171, 301, 798, '2016-02-17', 30, 1, 52, 6, NULL, '', 1),
(14172, 309, 0, '2016-02-10', 0, 2, 0, 0, '', '', 1),
(14173, 309, 0, '2016-02-10', 0, 2, 0, 1, '', '', 1),
(14174, 309, 0, '2016-02-10', 0, 2, 0, 9, '', '', 1),
(14175, 309, 0, '2016-02-10', 0, 2, 0, 10, '', '', 1),
(14176, 309, 0, '2016-02-10', 0, 2, 0, 11, '', '', 1),
(14177, 309, 0, '2016-02-10', 0, 2, 0, 12, '', '', 1),
(14178, 309, 0, '2016-02-10', 0, 2, 0, 13, '', '', 1),
(14179, 308, 0, '2016-02-10', 0, 2, 0, 0, '', '', 1),
(14180, 308, 0, '2016-02-10', 0, 2, 0, 1, '', '', 1),
(14181, 308, 0, '2016-02-10', 0, 2, 0, 9, '', '', 1),
(14182, 308, 0, '2016-02-10', 0, 2, 0, 10, '', '', 1),
(14183, 308, 0, '2016-02-10', 0, 2, 0, 11, '', '', 1),
(14184, 308, 0, '2016-02-10', 0, 2, 0, 12, '', '', 1),
(14185, 308, 0, '2016-02-10', 0, 2, 0, 13, '', '', 1),
(14186, 309, 820, '2016-02-11', 0, 0, 52, 2, '', '', 1),
(14187, 309, 821, '2016-02-11', 0, 0, 52, 2, '', '', 1),
(14188, 309, 822, '2016-02-11', 0, 0, 52, 2, '', '', 1),
(14356, 309, 820, '2016-02-11', 22, 0, 52, 3, '', '', 1),
(14192, 309, 820, '2016-02-15', 22, 0, 52, 4, '', '', 1),
(14193, 309, 821, '2016-02-15', 21, 0, 52, 4, '', '', 1),
(14598, 309, 820, '2016-02-24', 0, 1, 52, 4, NULL, '', 0),
(14195, 309, 820, '2016-02-24', 0, 0, 52, 6, '', '', 0),
(14196, 309, 821, '2016-02-24', 0, 0, 52, 6, '', '', 0),
(14197, 309, 822, '2016-02-18', 10, 0, 52, 6, '', '', 1),
(14198, 309, 0, '2016-02-10', 0, 2, 0, 5, '', '', 1),
(14199, 309, 0, '2016-02-10', 0, 2, 0, 7, '', '', 1),
(14200, 309, 820, '2016-03-02', 0, 0, 22, 8, '', '', 0),
(14201, 309, 821, '2016-03-02', 0, 0, 22, 8, '', '', 0),
(14202, 309, 822, '2016-03-02', 0, 0, 22, 8, '', '', 0),
(14203, 309, 820, '2016-03-04', 0, 0, 22, 14, '', '', 0),
(14204, 309, 821, '2016-03-04', 0, 0, 22, 14, '', '', 0),
(14205, 309, 822, '2016-03-04', 0, 0, 22, 14, '', '', 0),
(14206, 309, 820, '2016-03-04', 0, 0, 28, 15, '', '', 0),
(14207, 309, 821, '2016-03-04', 0, 0, 28, 15, '', '', 0),
(14208, 309, 822, '2016-03-04', 0, 0, 28, 15, '', '', 0),
(14209, 308, 815, '2016-02-11', 0, 0, 52, 2, '', '', 1),
(14210, 308, 816, '2016-02-11', 0, 0, 52, 2, '', '', 1),
(14211, 308, 817, '2016-02-11', 0, 0, 52, 2, '', '', 1),
(14212, 308, 818, '2016-02-11', 0, 0, 52, 2, '', '', 1),
(14213, 308, 819, '2016-02-11', 0, 0, 52, 2, '', '', 1),
(14355, 310, 825, '2016-02-11', 15, 0, 52, 3, '', '', 1),
(14354, 310, 824, '2016-02-11', 26, 0, 52, 3, '', '', 1),
(14353, 310, 823, '2016-02-11', 28, 0, 52, 3, '', '', 1),
(14219, 308, 815, '2016-02-15', 37, 0, 52, 4, '', '', 1),
(14220, 308, 816, '2016-02-15', 24, 0, 52, 4, '', '', 1),
(14221, 308, 817, '2016-02-15', 12, 0, 52, 4, '', '', 1),
(14223, 308, 819, '2016-02-15', 24, 0, 52, 4, '', '', 1),
(14224, 308, 815, '2016-02-24', 0, 0, 52, 6, '', '', 0),
(14225, 308, 816, '2016-02-24', 0, 0, 52, 6, '', '', 0),
(14226, 308, 817, '2016-02-24', 0, 0, 52, 6, '', '', 0),
(14227, 308, 818, '2016-02-24', 10, 0, 52, 6, '', '', 1),
(14228, 308, 819, '2016-02-24', 0, 0, 52, 6, '', '', 0),
(14229, 308, 815, '2016-02-24', 0, 0, 52, 7, '', '', 0),
(14230, 308, 816, '2016-02-24', 0, 0, 52, 7, '', '', 0),
(14231, 308, 817, '2016-02-24', 0, 0, 52, 7, '', '', 0),
(14233, 308, 819, '2016-02-24', 0, 0, 52, 7, '', '', 0),
(14234, 308, 0, '2016-02-10', 0, 2, 0, 5, '', '', 1),
(14235, 308, 815, '2016-03-02', 0, 0, 22, 8, '', '', 0),
(14236, 308, 816, '2016-03-02', 0, 0, 22, 8, '', '', 0),
(14237, 308, 817, '2016-03-02', 0, 0, 22, 8, '', '', 0),
(14238, 308, 818, '2016-03-02', 0, 0, 22, 8, '', '', 0),
(14239, 308, 819, '2016-03-02', 0, 0, 22, 8, '', '', 0),
(14240, 308, 815, '2016-03-03', 0, 0, 22, 14, '', '', 0),
(14241, 308, 816, '2016-03-03', 0, 0, 22, 14, '', '', 0),
(14242, 308, 817, '2016-03-03', 0, 0, 22, 14, '', '', 0),
(14243, 308, 818, '2016-03-03', 0, 0, 22, 14, '', '', 0),
(14244, 308, 819, '2016-03-03', 0, 0, 22, 14, '', '', 0),
(14245, 308, 815, '2016-03-04', 0, 0, 28, 15, '', '', 0),
(14246, 308, 816, '2016-03-04', 0, 0, 28, 15, '', '', 0),
(14247, 308, 817, '2016-03-04', 0, 0, 28, 15, '', '', 0),
(14248, 308, 818, '2016-03-04', 0, 0, 28, 15, '', '', 0),
(14249, 308, 819, '2016-03-04', 0, 0, 28, 15, '', '', 0),
(14250, 316, 0, '2016-02-10', 0, 2, 0, 0, '', '', 1),
(14251, 316, 0, '2016-02-10', 0, 2, 0, 1, '', '', 1),
(14252, 316, 0, '2016-02-10', 0, 2, 0, 4, '', '', 1),
(14253, 316, 0, '2016-02-10', 0, 2, 0, 5, '', '', 1),
(14254, 316, 0, '2016-02-10', 0, 2, 0, 9, '', '', 1),
(14255, 316, 0, '2016-02-10', 0, 2, 0, 10, '', '', 1),
(14256, 316, 0, '2016-02-10', 0, 2, 0, 11, '', '', 1),
(14257, 316, 0, '2016-02-10', 0, 2, 0, 12, '', '', 1),
(14258, 316, 0, '2016-02-10', 0, 2, 0, 13, '', '', 1),
(14259, 316, 838, '2016-02-12', 0, 0, 52, 2, '', '', 1),
(14260, 316, 838, '2016-02-12', 30, 0, 52, 3, '', '', 1),
(14261, 316, 838, '2016-02-16', 30, 0, 52, 6, '', '', 1),
(14262, 316, 838, '2016-02-23', 30, 0, 52, 7, '', '', 1),
(14263, 316, 838, '2016-02-23', 30, 0, 22, 8, '', '', 1),
(14264, 316, 838, '2016-02-23', 30, 0, 22, 14, '', '', 1),
(14265, 316, 838, '2016-02-23', 30, 0, 28, 15, '', '', 1),
(14266, 314, 0, '2016-02-10', 0, 2, 0, 1, '', '', 1),
(14267, 314, 835, '2016-02-22', 24, 0, 32, 5, '', '', 1),
(14268, 314, 0, '2016-02-10', 0, 2, 0, 9, '', '', 1),
(14269, 314, 0, '2016-02-10', 0, 2, 0, 10, '', '', 1),
(14270, 314, 0, '2016-02-10', 0, 2, 0, 11, '', '', 1),
(14271, 314, 0, '2016-02-10', 0, 2, 0, 12, '', '', 1),
(14272, 314, 0, '2016-02-10', 0, 2, 0, 13, '', '', 1),
(14273, 314, 834, '2016-02-16', 0, 0, 52, 2, '', '', 1),
(14274, 314, 835, '2016-02-16', 0, 0, 52, 2, '', '', 1),
(14275, 314, 834, '2016-02-01', 20, 0, 52, 3, '', '', 1),
(14276, 314, 835, '2016-02-16', 24, 0, 52, 3, '', '', 1),
(14277, 314, 834, '2016-02-20', 20, 0, 52, 4, '', '', 1),
(14279, 314, 834, '2016-02-24', 0, 0, 52, 6, '', '', 0),
(14280, 314, 835, '2016-02-24', 0, 0, 52, 6, '', '', 0),
(14282, 314, 835, '2016-02-25', 0, 0, 52, 7, '', '', 0),
(14283, 314, 834, '2016-02-29', 0, 0, 22, 8, '', '', 0),
(14284, 314, 835, '2016-02-29', 0, 0, 22, 8, '', '', 0),
(14285, 314, 834, '2016-02-29', 0, 0, 22, 14, '', '', 0),
(14286, 314, 835, '2016-02-29', 0, 0, 22, 14, '', '', 0),
(14287, 318, 0, '2016-02-10', 0, 2, 0, 0, '', '', 1),
(14288, 318, 0, '2016-02-10', 0, 2, 0, 1, '', '', 1),
(14289, 318, 0, '2016-02-10', 0, 2, 0, 4, '', '', 1),
(14290, 318, 0, '2016-02-10', 0, 2, 0, 9, '', '', 1),
(14291, 318, 0, '2016-02-10', 0, 2, 0, 10, '', '', 1),
(14293, 318, 0, '2016-02-10', 0, 2, 0, 12, '', '', 1),
(14294, 318, 0, '2016-02-10', 0, 2, 0, 13, '', '', 1),
(14295, 318, 842, '2016-02-11', 0, 0, 52, 2, '', '', 1),
(14296, 318, 843, '2016-02-11', 0, 0, 52, 2, '', '', 1),
(14297, 318, 842, '2016-02-11', 4, 0, 52, 3, '', '', 1),
(14298, 318, 843, '2016-02-11', 3, 0, 52, 3, '', '', 1),
(14299, 318, 842, '2016-02-15', 4, 0, 32, 5, '', '', 1),
(14300, 318, 843, '2016-02-15', 3, 0, 32, 5, '', '', 1),
(14301, 318, 842, '2016-02-23', 4, 0, 52, 6, '', '', 1),
(14302, 318, 843, '2016-02-23', 3, 0, 52, 6, '', '', 1),
(14303, 318, 842, '2016-02-25', 0, 0, 52, 7, '', '', 0),
(14304, 318, 843, '2016-02-25', 0, 0, 52, 7, '', '', 0),
(14305, 318, 842, '2016-02-26', 0, 0, 52, 8, '', '', 0),
(14306, 318, 843, '2016-02-26', 0, 0, 52, 8, '', '', 0),
(14307, 318, 842, '2016-02-29', 0, 0, 52, 15, '', '', 0),
(14308, 318, 843, '2016-02-29', 0, 0, 52, 15, '', '', 0),
(14309, 314, 834, '2016-02-11', 0, 0, 52, 0, '', '', 1),
(14310, 314, 835, '2016-02-11', 0, 0, 52, 0, '', '', 1),
(14311, 314, 834, '2016-02-29', 0, 0, 28, 15, '', '', 0),
(14312, 314, 835, '2016-02-29', 0, 0, 28, 15, '', '', 0),
(14313, 315, 0, '2016-02-10', 0, 2, 0, 0, '', '', 1),
(14314, 315, 0, '2016-02-10', 0, 2, 0, 1, '', '', 1),
(14315, 315, 0, '2016-02-10', 0, 2, 0, 2, '', '', 1),
(14316, 315, 0, '2016-02-10', 0, 2, 0, 5, '', '', 1),
(14317, 315, 0, '2016-02-10', 0, 2, 0, 7, '', '', 1),
(14318, 315, 0, '2016-02-10', 0, 2, 0, 9, '', '', 1),
(14319, 315, 0, '2016-02-10', 0, 2, 0, 10, '', '', 1),
(14320, 315, 0, '2016-02-10', 0, 2, 0, 11, '', '', 1),
(14321, 315, 0, '2016-02-10', 0, 2, 0, 12, '', '', 1),
(14322, 315, 0, '2016-02-10', 0, 2, 0, 13, '', '', 1),
(14323, 315, 836, '2016-02-11', 30, 0, 52, 3, '', '', 1),
(14324, 315, 837, '2016-02-11', 100, 0, 52, 3, '', '', 1),
(14325, 315, 836, '2016-02-15', 30, 0, 52, 4, '', '', 1),
(14326, 315, 837, '2016-02-15', 100, 0, 52, 4, '', '', 1),
(14327, 315, 836, '2016-02-22', 30, 0, 57, 6, '', '', 1),
(14328, 315, 837, '2016-02-22', 100, 0, 44, 6, '', '', 1),
(14329, 315, 836, '2016-02-23', 30, 0, 22, 8, '', '', 1),
(14330, 315, 837, '2016-02-23', 100, 0, 22, 8, '', '', 1),
(14331, 315, 836, '2016-02-23', 30, 0, 22, 14, '', '', 1),
(14332, 315, 837, '2016-02-23', 100, 0, 22, 14, '', '', 1),
(14333, 315, 836, '2016-02-23', 30, 0, 28, 15, '', '', 1),
(14334, 315, 837, '2016-02-23', 100, 0, 28, 15, '', '', 1),
(14335, 318, 842, '2016-02-26', 0, 0, 22, 14, NULL, '', 0),
(14336, 318, 842, '2016-02-26', 0, 1, 22, 14, NULL, '', 0),
(14337, 318, 843, '2016-02-26', 0, 0, 37, 14, NULL, '', 0),
(14338, 318, 843, '2016-02-26', 0, 1, 37, 14, NULL, '', 0),
(14343, 306, 810, '2016-02-15', 19, 1, 52, 3, NULL, '', 1),
(14341, 305, 809, '2016-02-12', 110, 1, 52, 4, NULL, '', 1),
(14342, 305, 808, '2016-02-12', 110, 1, 52, 4, NULL, '', 1),
(14348, 312, 829, '2016-02-11', 2, 0, 52, 3, '', '', 1),
(14347, 312, 828, '2016-02-11', 26, 0, 52, 3, '', '', 1),
(14352, 311, 841, '2016-02-11', 5, 0, 52, 3, '', '', 1),
(14359, 308, 815, '2016-02-11', 37, 0, 52, 3, '', '', 1),
(14360, 308, 816, '2016-02-11', 24, 0, 52, 3, '', '', 1),
(14361, 308, 817, '2016-02-11', 12, 0, 52, 3, '', '', 1),
(14362, 308, 818, '2016-02-11', 10, 0, 52, 3, '', '', 1),
(14363, 308, 819, '2016-02-11', 24, 0, 52, 3, '', '', 1),
(14367, 313, 832, '2016-02-11', 17, 0, 52, 3, '', '', 1),
(14368, 313, 833, '2016-02-11', 5, 0, 52, 3, '', '', 1),
(14369, 302, 801, '2016-02-10', 50, 1, 47, 4, NULL, '', 1),
(14370, 302, 801, '2016-02-10', 50, 1, 22, 8, NULL, '', 1),
(14371, 302, 800, '2016-02-10', 80, 1, 22, 8, NULL, '', 1),
(14372, 302, 800, '2016-02-10', 80, 1, 22, 14, NULL, '', 1),
(14373, 302, 801, '2016-02-10', 50, 1, 22, 14, NULL, '', 1),
(14374, 319, 0, '2016-02-11', 0, 2, 0, 0, '', '', 1),
(14375, 319, 0, '2016-02-11', 0, 2, 0, 1, '', '', 1),
(14376, 319, 0, '2016-02-11', 0, 2, 0, 5, '', '', 1),
(14377, 319, 0, '2016-02-11', 0, 2, 0, 7, '', '', 1),
(14378, 319, 0, '2016-02-11', 0, 2, 0, 9, '', '', 1),
(14379, 319, 0, '2016-02-11', 0, 2, 0, 10, '', '', 1),
(14380, 319, 0, '2016-02-11', 0, 2, 0, 11, '', '', 1),
(14381, 319, 0, '2016-02-11', 0, 2, 0, 12, '', '', 1),
(14382, 319, 0, '2016-02-11', 0, 2, 0, 13, '', '', 1),
(14383, 319, 844, '2016-02-11', 0, 0, 52, 2, '', '', 1),
(14384, 319, 845, '2016-02-11', 0, 0, 52, 2, '', '', 1),
(14385, 319, 844, '2016-02-13', 4, 0, 52, 3, '', '', 1),
(14386, 319, 845, '2016-02-13', 2, 0, 52, 3, '', '', 1),
(14387, 319, 844, '2016-02-15', 4, 0, 52, 4, '', '', 1),
(14388, 319, 845, '2016-02-15', 2, 0, 52, 4, '', '', 1),
(14389, 319, 844, '2016-02-24', 0, 0, 52, 6, '', '', 0),
(14390, 319, 845, '2016-02-24', 0, 0, 52, 6, '', '', 0),
(14391, 319, 844, '2016-02-26', 0, 0, 22, 8, '', '', 0),
(14392, 319, 845, '2016-02-26', 0, 0, 22, 8, '', '', 0),
(14393, 319, 844, '2016-02-27', 0, 0, 22, 14, '', '', 0),
(14394, 319, 845, '2016-02-27', 0, 0, 22, 14, '', '', 0),
(14395, 319, 844, '2016-03-04', 0, 0, 28, 15, '', '', 0),
(14396, 319, 845, '2016-03-04', 0, 0, 28, 15, '', '', 0),
(14563, 324, 856, '2016-02-17', 28, 1, 52, 3, '', '', 1),
(14579, 312, 830, '2016-02-15', 16, 1, 52, 3, '', '', 1),
(14580, 311, 826, '2016-02-15', 23, 1, 52, 3, '', '', 1),
(14576, 313, 833, '2016-02-15', 5, 1, 52, 3, '', '', 1),
(14575, 313, 832, '2016-02-15', 17, 1, 52, 3, '', '', 1),
(14588, 309, 822, '2016-02-15', 10, 1, 52, 3, '', '', 1),
(14589, 308, 815, '2016-02-15', 37, 1, 52, 3, '', '', 1),
(14577, 312, 828, '2016-02-15', 26, 1, 52, 3, '', '', 1),
(14578, 312, 829, '2016-02-15', 2, 1, 52, 3, '', '', 1),
(14583, 310, 823, '2016-02-15', 28, 1, 52, 3, '', '', 1),
(14584, 310, 824, '2016-02-15', 26, 1, 52, 3, '', '', 1),
(14585, 310, 825, '2016-02-15', 15, 1, 52, 3, '', '', 1),
(14586, 309, 820, '2016-02-15', 22, 1, 52, 3, '', '', 1),
(14587, 309, 821, '2016-02-15', 21, 1, 52, 3, '', '', 1),
(14419, 315, 837, '2016-02-15', 100, 1, 52, 3, NULL, '', 1),
(14420, 315, 836, '2016-02-15', 30, 1, 52, 3, NULL, '', 1),
(14421, 318, 842, '2016-02-15', 4, 1, 52, 3, NULL, '', 1),
(14422, 318, 843, '2016-02-15', 3, 1, 52, 3, NULL, '', 1),
(14423, 320, 0, '2016-02-11', 0, 2, 0, 0, '', '', 1),
(14424, 320, 0, '2016-02-11', 0, 2, 0, 1, '', '', 1),
(14425, 320, 0, '2016-02-11', 0, 2, 0, 5, '', '', 1),
(14426, 320, 0, '2016-02-11', 0, 2, 0, 7, '', '', 1),
(14427, 320, 0, '2016-02-11', 0, 2, 0, 9, '', '', 1),
(14428, 320, 0, '2016-02-11', 0, 2, 0, 10, '', '', 1),
(14429, 320, 0, '2016-02-11', 0, 2, 0, 11, '', '', 1),
(14430, 320, 0, '2016-02-11', 0, 2, 0, 12, '', '', 1),
(14431, 320, 0, '2016-02-11', 0, 2, 0, 13, '', '', 1),
(14432, 320, 846, '2016-02-11', 0, 0, 52, 2, '', '', 1),
(14433, 320, 847, '2016-02-11', 0, 0, 52, 2, '', '', 1),
(14434, 320, 846, '2016-02-13', 100, 0, 52, 3, '', '', 1),
(14435, 320, 847, '2016-02-13', 240, 0, 52, 3, '', '', 1),
(14436, 320, 846, '2016-02-24', 0, 0, 52, 4, '', '', 0),
(14437, 320, 847, '2016-02-24', 0, 0, 52, 4, '', '', 0),
(14438, 320, 846, '2016-02-17', 100, 0, 57, 6, '', '', 1),
(14439, 320, 847, '2016-02-17', 240, 0, 44, 6, '', '', 1),
(14440, 316, 838, '2016-02-16', 30, 1, 52, 3, NULL, '', 1),
(14441, 300, 795, '2016-02-11', 180, 1, 22, 8, NULL, '', 1),
(14442, 300, 797, '2016-02-11', 180, 1, 22, 8, NULL, '', 1),
(14443, 300, 795, '2016-02-11', 180, 1, 22, 14, NULL, '', 1),
(14444, 300, 797, '2016-02-11', 180, 1, 22, 14, NULL, '', 1),
(14445, 320, 846, '2016-02-23', 100, 0, 22, 8, '', '', 1),
(14446, 320, 847, '2016-02-23', 240, 0, 22, 8, '', '', 1),
(14447, 320, 846, '2016-02-23', 100, 0, 22, 14, '', '', 1),
(14448, 320, 847, '2016-02-26', 240, 0, 22, 14, '', '', 1),
(14449, 320, 846, '2016-02-23', 100, 0, 28, 15, '', '', 1),
(14450, 320, 847, '2016-02-23', 240, 0, 28, 15, '', '', 1),
(14451, 321, 0, '2016-02-11', 0, 2, 0, 0, '', '', 1),
(14452, 321, 0, '2016-02-11', 0, 2, 0, 1, '', '', 1),
(14453, 321, 0, '2016-02-11', 0, 2, 0, 5, '', '', 1),
(14454, 321, 0, '2016-02-11', 0, 2, 0, 9, '', '', 1),
(14455, 321, 0, '2016-02-11', 0, 2, 0, 10, '', '', 1),
(14456, 321, 0, '2016-02-11', 0, 2, 0, 11, '', '', 1),
(14457, 321, 0, '2016-02-11', 0, 2, 0, 12, '', '', 1),
(14458, 321, 0, '2016-02-11', 0, 2, 0, 13, '', '', 1),
(14459, 321, 848, '2016-02-11', 0, 0, 52, 2, '', '', 1),
(14460, 321, 849, '2016-02-11', 0, 0, 52, 2, '', '', 1),
(14461, 321, 850, '2016-02-11', 0, 0, 52, 2, '', '', 1),
(14462, 321, 851, '2016-02-11', 0, 0, 52, 2, '', '', 1),
(14463, 321, 848, '2016-02-13', 26, 0, 52, 3, '', '', 1),
(14464, 321, 849, '2016-02-13', 6, 0, 52, 3, '', '', 1),
(14465, 321, 850, '2016-02-13', 20, 0, 52, 3, '', '', 1),
(14466, 321, 851, '2016-02-13', 6, 0, 52, 3, '', '', 1),
(14467, 321, 848, '2016-02-17', 26, 0, 52, 4, '', '', 1),
(14468, 321, 849, '2016-02-17', 6, 0, 52, 4, '', '', 1),
(14469, 321, 850, '2016-02-17', 20, 0, 52, 4, '', '', 1),
(14470, 321, 851, '2016-02-19', 6, 0, 52, 4, '', '', 1),
(14471, 321, 848, '2016-02-23', 26, 0, 52, 6, '', '', 1),
(14472, 321, 849, '2016-02-23', 6, 0, 52, 6, '', '', 1),
(14473, 321, 850, '2016-02-23', 20, 0, 57, 6, '', '', 1),
(14474, 321, 851, '2016-02-23', 6, 0, 52, 6, '', '', 1),
(14475, 321, 848, '2016-02-24', 0, 0, 52, 7, '', '', 0),
(14476, 321, 849, '2016-02-24', 0, 0, 52, 7, '', '', 0),
(14478, 321, 851, '2016-02-24', 0, 0, 52, 7, '', '', 0),
(14479, 321, 848, '2016-02-25', 0, 0, 22, 8, '', '', 0),
(14480, 321, 849, '2016-02-25', 0, 0, 22, 8, '', '', 0),
(14481, 321, 850, '2016-02-25', 0, 0, 22, 8, '', '', 0),
(14482, 321, 851, '2016-02-25', 0, 0, 22, 8, '', '', 0),
(14483, 321, 848, '2016-02-26', 0, 0, 22, 14, '', '', 0),
(14484, 321, 849, '2016-02-26', 0, 0, 22, 14, '', '', 0),
(14485, 321, 850, '2016-02-26', 0, 0, 22, 14, '', '', 0),
(14486, 321, 851, '2016-02-26', 0, 0, 22, 14, '', '', 0),
(14487, 321, 848, '2016-02-26', 0, 0, 28, 15, '', '', 0),
(14488, 321, 849, '2016-02-26', 0, 0, 28, 15, '', '', 0),
(14489, 321, 850, '2016-02-26', 0, 0, 28, 15, '', '', 0),
(14490, 321, 851, '2016-02-26', 0, 0, 28, 15, '', '', 0),
(14491, 322, 0, '2016-02-12', 0, 2, 0, 0, '', '', 1),
(14492, 322, 0, '2016-02-12', 0, 2, 0, 1, '', '', 1),
(14493, 322, 0, '2016-02-12', 0, 2, 0, 9, '', '', 1),
(14494, 322, 0, '2016-02-12', 0, 2, 0, 10, '', '', 1),
(14495, 322, 0, '2016-02-12', 0, 2, 0, 11, '', '', 1),
(14496, 322, 0, '2016-02-12', 0, 2, 0, 12, '', '', 1),
(14497, 322, 0, '2016-02-12', 0, 2, 0, 13, '', '', 1),
(14498, 322, 852, '2016-02-15', 0, 0, 52, 2, '', '', 1),
(14543, 303, 805, '2016-02-17', 25, 1, 52, 6, NULL, '', 1),
(14500, 322, 852, '2016-02-15', 80, 0, 52, 3, '', '', 1),
(14542, 303, 804, '2016-02-17', 15, 1, 52, 6, NULL, '', 1),
(14502, 322, 852, '2016-02-17', 80, 0, 52, 4, '', '', 1),
(14541, 303, 803, '2016-02-17', 15, 1, 52, 6, NULL, '', 1),
(14504, 322, 852, '2016-02-19', 80, 0, 52, 6, '', '', 1),
(14506, 322, 0, '2016-02-12', 0, 2, 0, 5, '', '', 1),
(14507, 322, 0, '2016-02-12', 0, 2, 0, 7, '', '', 1),
(14508, 322, 852, '2016-02-22', 80, 0, 52, 8, '', '', 1),
(14540, 303, 802, '2016-02-17', 35, 1, 52, 6, NULL, '', 1),
(14510, 322, 852, '2016-02-22', 80, 0, 52, 14, '', '', 1),
(14512, 322, 852, '2016-02-23', 80, 0, 28, 15, '', '', 1),
(14514, 305, 809, '2016-02-16', 110, 1, 52, 6, NULL, '', 1),
(14515, 305, 808, '2016-02-16', 110, 1, 52, 6, NULL, '', 1),
(14574, 313, 831, '2016-02-15', 22, 1, 52, 3, '', '', 1),
(14544, 303, 804, '2016-02-17', 25, 1, 52, 7, NULL, '', 1),
(14545, 303, 805, '2016-02-17', 15, 1, 52, 7, NULL, '', 1),
(14546, 304, 806, '2016-02-22', 24, 1, 52, 4, NULL, '', 1),
(14547, 304, 807, '2016-02-22', 20, 1, 52, 4, NULL, '', 1),
(14548, 306, 810, '2016-02-22', 19, 1, 52, 4, NULL, '', 1),
(14549, 307, 814, '2016-02-22', 6, 1, 52, 4, NULL, '', 1),
(14550, 307, 811, '2016-02-23', 19, 1, 32, 5, NULL, '', 1),
(14551, 307, 812, '2016-02-23', 27, 1, 32, 5, NULL, '', 1),
(14552, 315, 837, '2016-02-23', 100, 1, 52, 4, NULL, '', 1),
(14553, 315, 836, '2016-02-23', 30, 1, 52, 4, NULL, '', 1),
(14554, 320, 847, '2016-02-17', 240, 1, 52, 3, NULL, '', 1),
(14555, 320, 846, '2016-02-17', 100, 1, 52, 3, NULL, '', 1),
(14556, 321, 848, '2016-02-17', 26, 1, 52, 3, NULL, '', 1),
(14557, 321, 849, '2016-02-17', 6, 1, 52, 3, NULL, '', 1),
(14558, 321, 850, '2016-02-17', 20, 1, 52, 3, NULL, '', 1),
(14559, 321, 851, '2016-02-17', 6, 1, 52, 3, NULL, '', 1),
(14560, 322, 854, '2016-02-15', 60, 0, 52, 3, NULL, '', 1),
(14561, 322, 854, '2016-02-17', 60, 1, 52, 3, NULL, '', 1),
(14562, 322, 852, '2016-02-17', 80, 1, 52, 3, NULL, '', 1),
(14564, 324, 857, '2016-02-17', 31, 1, 52, 3, '', '', 1),
(14565, 319, 844, '2016-02-15', 4, 1, 52, 3, '', '', 1),
(14566, 319, 845, '2016-02-15', 2, 1, 52, 3, '', '', 1),
(14573, 317, 840, '2016-02-15', 5, 1, 52, 3, '', '', 1),
(14572, 317, 839, '2016-02-15', 10, 1, 52, 3, '', '', 1),
(14581, 311, 827, '2016-02-15', 10, 1, 52, 3, '', '', 1),
(14582, 311, 841, '2016-02-15', 5, 1, 52, 3, '', '', 1),
(14590, 308, 816, '2016-02-15', 24, 1, 52, 3, '', '', 1),
(14591, 308, 817, '2016-02-15', 12, 1, 52, 3, '', '', 1),
(14592, 308, 818, '2016-02-15', 10, 1, 52, 3, '', '', 1),
(14593, 308, 819, '2016-02-15', 24, 1, 52, 3, '', '', 1),
(14594, 308, 815, '2016-02-24', 0, 1, 52, 4, NULL, '', 0),
(14595, 308, 816, '2016-02-24', 0, 1, 52, 4, NULL, '', 0),
(14596, 308, 819, '2016-02-24', 0, 1, 52, 4, NULL, '', 0),
(14597, 308, 817, '2016-02-24', 0, 1, 52, 4, NULL, '', 0),
(14599, 309, 821, '2016-02-24', 0, 1, 52, 4, NULL, '', 0),
(14600, 310, 824, '2016-02-24', 0, 1, 52, 4, NULL, '', 0),
(14601, 310, 823, '2016-02-24', 0, 1, 52, 4, NULL, '', 0),
(14602, 311, 826, '2016-02-24', 0, 1, 52, 4, NULL, '', 0),
(14603, 311, 827, '2016-02-24', 0, 1, 52, 4, NULL, '', 0),
(14604, 311, 841, '2016-02-24', 0, 1, 52, 4, NULL, '', 0),
(14605, 312, 828, '2016-02-24', 0, 1, 52, 4, NULL, '', 0),
(14606, 312, 830, '2016-02-24', 0, 1, 52, 4, NULL, '', 0),
(14609, 313, 831, '2016-02-25', 0, 1, 52, 4, NULL, '', 0),
(14610, 317, 840, '2016-02-25', 0, 1, 52, 4, NULL, '', 0),
(14611, 317, 839, '2016-02-25', 0, 1, 52, 4, NULL, '', 0),
(14612, 319, 844, '2016-02-24', 0, 1, 52, 4, NULL, '', 0),
(14613, 319, 845, '2016-02-24', 0, 1, 52, 4, NULL, '', 0),
(14614, 318, 842, '2016-02-23', 4, 1, 32, 5, NULL, '', 1),
(14615, 318, 843, '2016-02-23', 3, 1, 32, 5, NULL, '', 1),
(14616, 325, 0, '2016-02-15', 0, 2, 0, 0, '', '', 1),
(14617, 325, 0, '2016-02-15', 0, 2, 0, 1, '', '', 1),
(14618, 325, 0, '2016-02-15', 0, 2, 0, 5, '', '', 1),
(14619, 325, 0, '2016-02-15', 0, 2, 0, 9, '', '', 1),
(14620, 325, 0, '2016-02-15', 0, 2, 0, 10, '', '', 1),
(14621, 325, 0, '2016-02-15', 0, 2, 0, 11, '', '', 1),
(14622, 325, 0, '2016-02-15', 0, 2, 0, 12, '', '', 1),
(14623, 325, 0, '2016-02-15', 0, 2, 0, 13, '', '', 1),
(14624, 325, 858, '2016-02-15', 0, 0, 52, 2, '', '', 1),
(14625, 325, 859, '2016-02-15', 0, 0, 52, 2, '', '', 1),
(14626, 325, 860, '2016-02-15', 0, 0, 52, 2, '', '', 1),
(14627, 325, 861, '2016-02-15', 0, 0, 52, 2, '', '', 1),
(14628, 325, 858, '2016-02-15', 28, 0, 52, 3, '', '', 1),
(14629, 325, 859, '2016-02-15', 16, 0, 52, 3, '', '', 1),
(14630, 325, 860, '2016-02-15', 500, 0, 52, 3, '', '', 1),
(14631, 325, 861, '2016-02-15', 500, 0, 52, 3, '', '', 1),
(14632, 325, 858, '2016-02-25', 0, 0, 52, 4, '', '', 0),
(14633, 325, 859, '2016-02-24', 0, 0, 52, 4, '', '', 0),
(14634, 325, 860, '2016-02-25', 0, 0, 52, 4, '', '', 0),
(14635, 325, 861, '2016-02-25', 0, 0, 52, 4, '', '', 0),
(14636, 325, 858, '2016-02-21', 28, 0, 52, 6, '', '', 1),
(14637, 325, 859, '2016-02-21', 16, 0, 52, 6, '', '', 1),
(14638, 325, 860, '2016-02-21', 500, 0, 52, 6, '', '', 1),
(14639, 325, 861, '2016-02-21', 295, 0, 58, 6, '', '', 1),
(14640, 325, 858, '2016-02-23', 28, 0, 52, 7, '', '', 1),
(14641, 325, 859, '2016-02-23', 16, 0, 52, 7, '', '', 1),
(14644, 325, 858, '2016-03-02', 0, 0, 22, 8, '', '', 0),
(14645, 325, 859, '2016-03-02', 0, 0, 22, 8, '', '', 0),
(14646, 325, 860, '2016-03-02', 0, 0, 22, 8, '', '', 0),
(14647, 325, 861, '2016-03-02', 0, 0, 22, 8, '', '', 0),
(14648, 325, 858, '2016-03-03', 0, 0, 22, 14, '', '', 0),
(14649, 325, 859, '2016-03-03', 0, 0, 22, 14, '', '', 0),
(14650, 325, 860, '2016-03-03', 0, 0, 22, 14, '', '', 0),
(14651, 325, 861, '2016-03-03', 0, 0, 22, 14, '', '', 0),
(14652, 325, 858, '2016-03-04', 0, 0, 28, 15, '', '', 0),
(14653, 325, 859, '2016-03-04', 0, 0, 28, 15, '', '', 0),
(14654, 325, 860, '2016-03-04', 0, 0, 28, 15, '', '', 0),
(14655, 325, 861, '2016-03-04', 0, 0, 28, 15, '', '', 0),
(14656, 326, 862, '2016-02-15', 0, 0, 52, 2, '', '', 1),
(14657, 326, 863, '2016-02-15', 0, 0, 52, 2, '', '', 1),
(14658, 326, 862, '2016-02-16', 120, 0, 52, 3, '', '', 1),
(14659, 326, 863, '2016-02-16', 320, 0, 38, 3, '', '', 1),
(14660, 326, 862, '2016-02-24', 0, 0, 52, 4, '', '', 0),
(14661, 326, 863, '2016-02-24', 0, 0, 38, 4, '', '', 0),
(14662, 326, 862, '2016-02-21', 120, 0, 57, 6, '', '', 1),
(14663, 326, 863, '2016-02-21', 320, 0, 38, 6, '', '', 1),
(14664, 323, 855, '2016-02-15', 0, 0, 52, 2, '', '', 1),
(14665, 323, 855, '2016-02-16', 15, 0, 52, 3, '', '', 1),
(14666, 323, 855, '2016-02-22', 15, 0, 52, 4, '', '', 1),
(14667, 323, 855, '2016-02-17', 15, 0, 44, 6, '', '', 1),
(14668, 326, 862, '2016-02-29', 0, 0, 22, 8, '', '', 0),
(14669, 326, 863, '2016-02-29', 0, 0, 22, 8, '', '', 0),
(14670, 326, 862, '2016-03-01', 0, 0, 22, 14, '', '', 0),
(14671, 326, 863, '2016-03-01', 0, 0, 22, 14, '', '', 0),
(14672, 323, 855, '2016-02-29', 0, 0, 22, 8, '', '', 0),
(14673, 323, 855, '2016-03-01', 0, 0, 22, 14, '', '', 0),
(14674, 326, 862, '2016-03-01', 0, 0, 28, 15, '', '', 0),
(14675, 326, 863, '2016-03-01', 0, 0, 28, 15, '', '', 0),
(14676, 323, 855, '2016-03-01', 0, 0, 28, 15, '', '', 0),
(14677, 326, 0, '2016-02-15', 0, 2, 0, 0, '', '', 1),
(14678, 326, 0, '2016-02-15', 0, 2, 0, 1, '', '', 1),
(14679, 326, 0, '2016-02-15', 0, 2, 0, 5, '', '', 1),
(14680, 326, 0, '2016-02-15', 0, 2, 0, 7, '', '', 1),
(14681, 326, 0, '2016-02-15', 0, 2, 0, 9, '', '', 1),
(14682, 326, 0, '2016-02-15', 0, 2, 0, 10, '', '', 1),
(14683, 326, 0, '2016-02-15', 0, 2, 0, 11, '', '', 1),
(14684, 326, 0, '2016-02-15', 0, 2, 0, 12, '', '', 1),
(14685, 326, 0, '2016-02-15', 0, 2, 0, 13, '', '', 1),
(14686, 323, 0, '2016-02-15', 0, 2, 0, 0, '', '', 1),
(14687, 323, 0, '2016-02-15', 0, 2, 0, 1, '', '', 1),
(14688, 323, 0, '2016-02-15', 0, 2, 0, 5, '', '', 1),
(14689, 323, 0, '2016-02-15', 0, 2, 0, 7, '', '', 1),
(14690, 323, 0, '2016-02-15', 0, 2, 0, 9, '', '', 1),
(14691, 323, 0, '2016-02-15', 0, 2, 0, 10, '', '', 1),
(14692, 323, 0, '2016-02-15', 0, 2, 0, 11, '', '', 1),
(14693, 323, 0, '2016-02-15', 0, 2, 0, 12, '', '', 1),
(14694, 323, 0, '2016-02-15', 0, 2, 0, 13, '', '', 1),
(14695, 324, 0, '2016-02-15', 0, 2, 0, 0, '', '', 1),
(14696, 324, 0, '2016-02-15', 0, 2, 0, 1, '', '', 1),
(14697, 324, 0, '2016-02-15', 0, 2, 0, 9, '', '', 1),
(14698, 324, 0, '2016-02-15', 0, 2, 0, 10, '', '', 1),
(14699, 324, 0, '2016-02-15', 0, 2, 0, 11, '', '', 1),
(14700, 324, 0, '2016-02-15', 0, 2, 0, 12, '', '', 1),
(14701, 324, 0, '2016-02-15', 0, 2, 0, 13, '', '', 1),
(14702, 324, 856, '2016-02-15', 0, 0, 52, 2, '', '', 1),
(14703, 324, 857, '2016-02-15', 0, 0, 52, 2, '', '', 1),
(14704, 324, 856, '2016-02-15', 28, 0, 52, 3, '', '', 1),
(14705, 324, 857, '2016-02-15', 31, 0, 52, 3, '', '', 1),
(14706, 324, 856, '2016-02-17', 28, 0, 52, 4, '', '', 1),
(14707, 324, 857, '2016-02-17', 31, 0, 52, 4, '', '', 1),
(14708, 324, 856, '2016-02-25', 0, 0, 52, 6, '', '', 0),
(14709, 324, 857, '2016-02-25', 0, 0, 52, 6, '', '', 0),
(14710, 324, 856, '2016-02-25', 0, 0, 52, 7, '', '', 0),
(14711, 324, 857, '2016-02-25', 0, 0, 52, 7, '', '', 0),
(14712, 324, 0, '2016-02-15', 0, 2, 0, 5, '', '', 1),
(14713, 324, 856, '2016-02-29', 0, 0, 22, 8, '', '', 0),
(14714, 324, 857, '2016-02-29', 0, 0, 22, 8, '', '', 0),
(14715, 324, 856, '2016-03-02', 0, 0, 22, 14, '', '', 0),
(14716, 324, 857, '2016-03-02', 0, 0, 22, 14, '', '', 0),
(14717, 324, 856, '2016-03-03', 0, 0, 28, 15, '', '', 0),
(14718, 324, 857, '2016-03-03', 0, 0, 28, 15, '', '', 0),
(14719, 327, 0, '2016-02-15', 0, 2, 0, 0, '', '', 1),
(14720, 327, 0, '2016-02-15', 0, 2, 0, 1, '', '', 1),
(14721, 327, 0, '2016-02-15', 0, 2, 0, 5, '', '', 1),
(14722, 327, 0, '2016-02-15', 0, 2, 0, 9, '', '', 1),
(14723, 327, 0, '2016-02-15', 0, 2, 0, 10, '', '', 1),
(14724, 327, 0, '2016-02-15', 0, 2, 0, 11, '', '', 1),
(14725, 327, 0, '2016-02-15', 0, 2, 0, 12, '', '', 1),
(14726, 327, 0, '2016-02-15', 0, 2, 0, 13, '', '', 1),
(14727, 327, 864, '2016-02-15', 0, 0, 52, 2, '', '', 1),
(14728, 327, 864, '2016-02-16', 40, 0, 52, 3, '', '', 1),
(14729, 327, 864, '2016-02-22', 40, 0, 52, 4, '', '', 1),
(14730, 327, 864, '2016-02-25', 0, 0, 52, 6, '', '', 0),
(14731, 327, 864, '2016-02-25', 0, 0, 52, 7, '', '', 0),
(14732, 327, 864, '2016-02-29', 0, 0, 22, 8, '', '', 0),
(14733, 327, 864, '2016-03-02', 0, 0, 22, 14, '', '', 0),
(14734, 327, 864, '2016-03-01', 0, 0, 28, 15, '', '', 0),
(14735, 323, 855, '2016-02-17', 15, 1, 52, 3, NULL, '', 1),
(14740, 325, 858, '2016-02-19', 28, 1, 52, 3, NULL, '', 1),
(14741, 325, 859, '2016-02-19', 16, 1, 52, 3, NULL, '', 1),
(14742, 325, 860, '2016-02-19', 500, 1, 52, 3, NULL, '', 1),
(14743, 325, 861, '2016-02-19', 500, 1, 52, 3, NULL, '', 1),
(14744, 326, 863, '2016-02-19', 320, 1, 38, 3, NULL, '', 1),
(14745, 326, 862, '2016-02-19', 120, 1, 52, 3, NULL, '', 1),
(14746, 327, 864, '2016-02-20', 40, 1, 52, 3, NULL, '', 1),
(14747, 329, 0, '2016-02-15', 0, 2, 0, 0, '', '', 1),
(14748, 329, 0, '2016-02-15', 0, 2, 0, 1, '', '', 1),
(14749, 329, 0, '2016-02-15', 0, 2, 0, 9, '', '', 1),
(14750, 329, 0, '2016-02-15', 0, 2, 0, 10, '', '', 1),
(14751, 329, 0, '2016-02-15', 0, 2, 0, 11, '', '', 1),
(14752, 329, 0, '2016-02-15', 0, 2, 0, 12, '', '', 1),
(14753, 329, 0, '2016-02-15', 0, 2, 0, 13, '', '', 1),
(14754, 329, 869, '2016-02-22', 0, 0, 52, 2, '', '', 1),
(14755, 329, 870, '2016-02-22', 0, 0, 52, 2, '', '', 1),
(14756, 329, 871, '2016-02-22', 0, 0, 52, 2, '', '', 1),
(14757, 329, 869, '2016-02-20', 6, 0, 52, 3, '', '', 1),
(14758, 329, 870, '2016-02-20', 20, 0, 52, 3, '', '', 1),
(14759, 329, 871, '2016-02-20', 66, 0, 52, 3, '', '', 1),
(14761, 329, 870, '2016-02-22', 20, 0, 52, 4, '', '', 1),
(14762, 329, 871, '2016-02-22', 66, 0, 52, 4, '', '', 1),
(14763, 329, 869, '2016-02-22', 6, 0, 32, 5, '', '', 1),
(14946, 329, 869, '2016-02-25', 0, 1, 32, 5, NULL, '', 0),
(14766, 329, 869, '2016-02-26', 0, 0, 52, 6, '', '', 0),
(14767, 329, 870, '2016-02-26', 0, 0, 52, 6, '', '', 0),
(14768, 329, 871, '2016-02-26', 0, 0, 52, 6, '', '', 0),
(14769, 329, 869, '2016-02-28', 0, 0, 52, 7, '', '', 0),
(14770, 329, 870, '2016-02-28', 0, 0, 52, 7, '', '', 0),
(14771, 329, 871, '2016-02-28', 0, 0, 52, 7, '', '', 0),
(14772, 329, 869, '2016-03-05', 0, 0, 22, 8, '', '', 0),
(14773, 329, 870, '2016-03-05', 0, 0, 22, 8, '', '', 0),
(14774, 329, 871, '2016-03-05', 0, 0, 22, 8, '', '', 0),
(14775, 329, 869, '2016-03-05', 0, 0, 22, 14, '', '', 0),
(14776, 329, 870, '2016-03-05', 0, 0, 22, 14, '', '', 0),
(14777, 329, 871, '2016-03-05', 0, 0, 22, 14, '', '', 0),
(14778, 329, 869, '2016-03-05', 0, 0, 22, 15, '', '', 0),
(14779, 329, 870, '2016-03-05', 0, 0, 22, 15, '', '', 0),
(14780, 329, 871, '2016-03-05', 0, 0, 22, 15, '', '', 0),
(14949, 332, 0, '2016-02-22', 0, 2, 0, 0, '', '', 1),
(14947, 311, 826, '2016-02-22', 0, 2, 53, 7, NULL, '', 1),
(14781, 314, 834, '2016-02-22', 20, 1, 52, 3, NULL, '', 1),
(14782, 314, 835, '2016-02-22', 24, 1, 52, 3, NULL, '', 1),
(14783, 316, 838, '2016-02-23', 30, 1, 52, 6, NULL, '', 1),
(14784, 320, 847, '2016-02-23', 240, 1, 44, 6, NULL, '', 1),
(14785, 320, 846, '2016-02-23', 100, 1, 57, 6, NULL, '', 1),
(14786, 321, 848, '2016-02-23', 26, 1, 52, 4, NULL, '', 1),
(14787, 321, 849, '2016-02-23', 6, 1, 52, 4, NULL, '', 1),
(14788, 321, 850, '2016-02-23', 20, 1, 52, 4, NULL, '', 1),
(14789, 321, 851, '2016-02-23', 6, 1, 52, 4, NULL, '', 1),
(14790, 322, 854, '2016-02-17', 60, 0, 52, 4, NULL, '', 1),
(14791, 322, 854, '2016-02-22', 60, 1, 52, 4, NULL, '', 1),
(14792, 322, 852, '2016-02-22', 80, 1, 52, 4, NULL, '', 1),
(14793, 323, 855, '2016-02-22', 15, 1, 44, 6, NULL, '', 1),
(14794, 324, 856, '2016-02-24', 0, 1, 52, 4, NULL, '', 0),
(14795, 324, 857, '2016-02-24', 0, 1, 52, 4, NULL, '', 0),
(14796, 299, 792, '2016-02-17', 26, 1, 22, 8, NULL, '', 1),
(14797, 299, 791, '2016-02-17', 15, 1, 52, 8, NULL, '', 1),
(14798, 299, 793, '2016-02-17', 55, 1, 22, 8, NULL, '', 1),
(14799, 299, 792, '2016-02-17', 26, 1, 22, 14, NULL, '', 1),
(14800, 299, 791, '2016-02-17', 15, 1, 22, 14, NULL, '', 1),
(14801, 299, 793, '2016-02-17', 55, 1, 22, 14, NULL, '', 1),
(14802, 305, 809, '2016-02-17', 110, 1, 22, 14, NULL, '', 1),
(14803, 305, 808, '2016-02-17', 110, 1, 22, 14, NULL, '', 1),
(14804, 303, 802, '2016-02-17', 35, 1, 22, 8, NULL, '', 1),
(14805, 303, 803, '2016-02-17', 15, 1, 22, 8, NULL, '', 1),
(14806, 303, 804, '2016-02-17', 25, 1, 22, 8, NULL, '', 1),
(14807, 303, 805, '2016-02-17', 15, 1, 22, 8, NULL, '', 1),
(14808, 303, 802, '2016-02-17', 35, 1, 22, 14, NULL, '', 1),
(14809, 303, 803, '2016-02-17', 15, 1, 22, 14, NULL, '', 1),
(14810, 303, 804, '2016-02-17', 25, 1, 22, 14, NULL, '', 1),
(14811, 303, 805, '2016-02-17', 15, 1, 22, 14, NULL, '', 1),
(14812, 301, 799, '2016-02-17', 30, 1, 22, 14, NULL, '', 1),
(14813, 301, 798, '2016-02-17', 30, 1, 22, 14, NULL, '', 1),
(14814, 300, 796, '2016-02-17', 35, 1, 22, 14, NULL, '', 1),
(14815, 300, 796, '2016-02-17', 35, 1, 52, 6, NULL, '', 1),
(14816, 300, 796, '2016-02-17', 35, 1, 22, 8, NULL, '', 1);
INSERT INTO `fluxos` (`id`, `pedido_id`, `produto_id`, `data`, `quantidade`, `envio_retorno`, `quem`, `andamento`, `silk_bord`, `obs`, `status`) VALUES
(14817, 328, 0, '2016-02-17', 0, 2, 0, 0, '', '', 1),
(14818, 328, 0, '2016-02-17', 0, 2, 0, 1, '', '', 1),
(14819, 328, 0, '2016-02-17', 0, 2, 0, 5, '', '', 1),
(14820, 328, 0, '2016-02-17', 0, 2, 0, 7, '', '', 1),
(14821, 328, 0, '2016-02-17', 0, 2, 0, 9, '', '', 1),
(14822, 328, 0, '2016-02-17', 0, 2, 0, 10, '', '', 1),
(14823, 328, 0, '2016-02-17', 0, 2, 0, 11, '', '', 1),
(14824, 328, 0, '2016-02-17', 0, 2, 0, 12, '', '', 1),
(14825, 328, 0, '2016-02-17', 0, 2, 0, 13, '', '', 1),
(14826, 328, 865, '2016-02-17', 0, 0, 52, 2, '', '', 1),
(14827, 328, 866, '2016-02-17', 0, 0, 38, 2, '', '', 1),
(14828, 328, 867, '2016-02-17', 0, 0, 38, 2, '', '', 1),
(14829, 328, 868, '2016-02-17', 0, 0, 38, 2, '', '', 1),
(14830, 328, 865, '2016-02-19', 630, 0, 52, 3, '', '', 1),
(14831, 328, 866, '2016-02-19', 406, 0, 38, 3, '', '', 1),
(14832, 328, 867, '2016-02-19', 184, 0, 38, 3, '', '', 1),
(14833, 328, 868, '2016-02-19', 300, 0, 38, 3, '', '', 1),
(14834, 328, 865, '2016-02-24', 0, 0, 52, 4, '', '', 0),
(14835, 328, 866, '2016-02-24', 0, 0, 52, 4, '', '', 0),
(14836, 328, 867, '2016-02-24', 0, 0, 52, 4, '', '', 0),
(14837, 328, 868, '2016-02-24', 0, 0, 52, 4, '', '', 0),
(14838, 328, 865, '2016-02-26', 0, 0, 52, 6, '', '', 0),
(14839, 328, 866, '2016-02-26', 0, 0, 38, 6, '', '', 0),
(14840, 328, 867, '2016-02-26', 0, 0, 38, 6, '', '', 0),
(14841, 328, 868, '2016-02-26', 0, 0, 38, 6, '', '', 0),
(14842, 328, 865, '2016-03-03', 0, 0, 22, 8, '', '', 0),
(14843, 328, 866, '2016-03-03', 0, 0, 22, 8, '', '', 0),
(14844, 328, 867, '2016-03-03', 0, 0, 22, 8, '', '', 0),
(14845, 328, 868, '2016-03-03', 0, 0, 22, 8, '', '', 0),
(14846, 328, 865, '2016-03-05', 0, 0, 22, 14, '', '', 0),
(14847, 328, 866, '2016-03-05', 0, 0, 22, 14, '', '', 0),
(14848, 328, 867, '2016-03-05', 0, 0, 22, 14, '', '', 0),
(14849, 328, 868, '2016-03-05', 0, 0, 22, 14, '', '', 0),
(14850, 301, 799, '2016-02-17', 30, 1, 22, 8, NULL, '', 1),
(14851, 301, 798, '2016-02-17', 30, 1, 22, 8, NULL, '', 1),
(14852, 328, 866, '2016-02-24', 0, 1, 38, 3, NULL, '', 0),
(14853, 328, 865, '2016-02-24', 0, 1, 52, 3, NULL, '', 0),
(14854, 328, 868, '2016-02-24', 0, 1, 38, 3, NULL, '', 0),
(14855, 328, 867, '2016-02-24', 0, 1, 38, 3, NULL, '', 0),
(14856, 300, 796, '2016-02-03', 35, 1, 52, 2, NULL, '', 1),
(14857, 328, 865, '2016-03-03', 0, 0, 28, 15, '', '', 0),
(14858, 328, 866, '2016-03-03', 0, 0, 28, 15, '', '', 0),
(14859, 328, 867, '2016-03-03', 0, 0, 28, 15, '', '', 0),
(14860, 328, 868, '2016-03-03', 0, 0, 28, 15, '', '', 0),
(14861, 308, 818, '2016-02-26', 0, 1, 52, 6, NULL, '', 0),
(14862, 309, 822, '2016-02-26', 0, 1, 52, 6, NULL, '', 0),
(14863, 310, 825, '2016-02-26', 0, 1, 52, 6, NULL, '', 0),
(14864, 312, 829, '2016-02-24', 0, 1, 52, 5, NULL, '', 0),
(14865, 313, 833, '2016-02-26', 0, 1, 52, 6, NULL, '', 0),
(14866, 329, 870, '2016-02-22', 20, 1, 52, 3, NULL, '', 1),
(14867, 329, 869, '2016-02-22', 6, 1, 52, 3, NULL, '', 1),
(14868, 329, 871, '2016-02-22', 66, 1, 52, 3, NULL, '', 1),
(14869, 329, 871, '2016-02-20', 14, 0, 22, 8, NULL, '', 1),
(14870, 329, 871, '2016-02-20', 14, 1, 22, 8, NULL, '', 1),
(14871, 329, 871, '2016-02-18', 14, 0, 22, 14, NULL, '', 1),
(14872, 329, 871, '2016-02-18', 14, 1, 22, 14, NULL, '', 1),
(14873, 329, 871, '2016-02-18', 14, 0, 28, 15, NULL, '', 1),
(14874, 325, 858, '2016-02-24', 0, 1, 52, 6, NULL, '', 0),
(14875, 325, 859, '2016-02-24', 0, 1, 52, 6, NULL, '', 0),
(14876, 325, 860, '2016-02-24', 0, 1, 52, 6, NULL, '', 0),
(14877, 325, 861, '2016-02-24', 205, 1, 57, 6, NULL, '', 1),
(14878, 326, 863, '2016-02-26', 0, 1, 38, 6, NULL, '', 0),
(14879, 326, 862, '2016-02-26', 0, 1, 57, 6, NULL, '', 0),
(14880, 330, 0, '2016-02-19', 0, 2, 0, 0, '', '', 1),
(14881, 330, 0, '2016-02-19', 0, 2, 0, 1, '', '', 1),
(14882, 330, 0, '2016-02-19', 0, 2, 0, 4, '', '', 1),
(14883, 330, 0, '2016-02-19', 0, 2, 0, 5, '', '', 1),
(14884, 330, 0, '2016-02-19', 0, 2, 0, 7, '', '', 1),
(14885, 330, 0, '2016-02-19', 0, 2, 0, 9, '', '', 1),
(14886, 330, 0, '2016-02-19', 0, 2, 0, 11, '', '', 1),
(14887, 330, 0, '2016-02-19', 0, 2, 0, 12, '', '', 1),
(14888, 330, 0, '2016-02-19', 0, 2, 0, 13, '', '', 1),
(14889, 330, 872, '2016-02-22', 0, 0, 52, 2, '', '', 1),
(14890, 330, 873, '2016-02-22', 0, 0, 52, 2, '', '', 1),
(14891, 330, 872, '2016-02-22', 150, 0, 52, 3, '', '', 1),
(14892, 330, 873, '2016-02-22', 190, 0, 38, 3, '', '', 1),
(14893, 330, 872, '2016-02-26', 0, 0, 52, 6, '', '', 0),
(14894, 330, 873, '2016-02-26', 0, 0, 52, 6, '', '', 0),
(14895, 330, 872, '2016-03-01', 0, 0, 52, 10, '', '', 0),
(14896, 330, 873, '2016-03-01', 0, 0, 52, 10, '', '', 0),
(14897, 330, 872, '2016-03-04', 0, 0, 22, 8, '', '', 0),
(14898, 330, 873, '2016-03-04', 0, 0, 22, 8, '', '', 0),
(14899, 330, 872, '2016-03-07', 0, 0, 22, 14, '', '', 0),
(14900, 330, 873, '2016-03-07', 0, 0, 22, 14, '', '', 0),
(14901, 330, 872, '2016-03-04', 0, 0, 28, 15, '', '', 0),
(14902, 330, 873, '2016-03-04', 0, 0, 28, 15, '', '', 0),
(14903, 331, 0, '2016-02-19', 0, 2, 0, 0, '', '', 1),
(14904, 331, 0, '2016-02-19', 0, 2, 0, 1, '', '', 1),
(14905, 331, 0, '2016-02-19', 0, 2, 0, 4, '', '', 1),
(14906, 331, 0, '2016-02-19', 0, 2, 0, 9, '', '', 1),
(14907, 331, 0, '2016-02-19', 0, 2, 0, 10, '', '', 1),
(14908, 331, 0, '2016-02-19', 0, 2, 0, 11, '', '', 1),
(14909, 331, 0, '2016-02-19', 0, 2, 0, 12, '', '', 1),
(14910, 331, 0, '2016-02-19', 0, 2, 0, 13, '', '', 1),
(14911, 331, 874, '2016-02-22', 0, 0, 52, 2, '', '', 1),
(14912, 331, 874, '2016-02-22', 20, 0, 52, 3, '', '', 1),
(14913, 331, 874, '2016-03-02', 0, 0, 52, 5, '', '', 0),
(14914, 331, 874, '2016-03-04', 0, 0, 52, 6, '', '', 0),
(14915, 331, 874, '2016-03-08', 0, 0, 52, 7, '', '', 0),
(14916, 331, 874, '2016-03-04', 0, 0, 22, 8, '', '', 0),
(14917, 331, 874, '2016-03-07', 0, 0, 22, 14, '', '', 0),
(14918, 331, 874, '2016-03-04', 0, 0, 28, 15, '', '', 0),
(14919, 325, 861, '2016-02-24', 0, 1, 58, 6, NULL, '', 0),
(14920, 325, 861, '2016-02-19', 205, 0, 57, 6, NULL, '', 1),
(14922, 327, 864, '2016-02-25', 0, 1, 52, 4, NULL, '', 0),
(14923, 322, 854, '2016-02-19', 60, 0, 52, 6, NULL, '', 1),
(14924, 322, 854, '2016-02-22', 60, 1, 52, 6, NULL, '', 1),
(14925, 322, 852, '2016-02-22', 80, 1, 52, 6, NULL, '', 1),
(14926, 322, 854, '2016-02-22', 60, 0, 52, 8, NULL, '', 1),
(14927, 322, 854, '2016-02-22', 60, 1, 52, 8, NULL, '', 1),
(14928, 322, 852, '2016-02-22', 80, 1, 52, 8, NULL, '', 1),
(14929, 322, 854, '2016-02-22', 60, 0, 52, 14, NULL, '', 1),
(14930, 322, 854, '2016-02-22', 60, 1, 52, 14, NULL, '', 1),
(14931, 322, 852, '2016-02-22', 80, 1, 52, 14, NULL, '', 1),
(14932, 322, 854, '2016-02-23', 60, 0, 28, 15, NULL, '', 1),
(14933, 314, 834, '2016-02-24', 0, 1, 52, 4, NULL, '', 0),
(14934, 314, 835, '2016-02-24', 0, 1, 52, 5, NULL, '', 0),
(14935, 315, 837, '2016-02-22', 100, 1, 44, 6, NULL, '', 1),
(14936, 315, 836, '2016-02-22', 30, 1, 57, 6, NULL, '', 1),
(14937, 307, 814, '2016-02-26', 0, 1, 52, 6, NULL, '', 0),
(14938, 323, 855, '2016-02-24', 0, 1, 52, 4, NULL, '', 0),
(14939, 330, 873, '2016-02-24', 0, 1, 38, 3, NULL, '', 0),
(14940, 330, 872, '2016-02-24', 0, 1, 52, 3, NULL, '', 0),
(14941, 304, 806, '2016-02-25', 0, 1, 52, 6, NULL, '', 0),
(14942, 304, 807, '2016-02-25', 0, 1, 52, 6, NULL, '', 0),
(14943, 306, 810, '2016-02-25', 0, 1, 52, 6, NULL, '', 0),
(14945, 329, 871, '2016-02-25', 0, 1, 52, 4, NULL, '', 0),
(14944, 329, 870, '2016-02-25', 0, 1, 52, 4, NULL, '', 0),
(14950, 332, 0, '2016-02-22', 0, 2, 0, 1, '', '', 1),
(14952, 332, 0, '2016-02-22', 0, 2, 0, 7, '', '', 1),
(14994, 332, 0, '2016-02-23', 0, 2, 0, 9, '', '', 1),
(14993, 332, 0, '2016-02-23', 0, 2, 0, 5, '', '', 1),
(14955, 332, 0, '2016-02-22', 0, 2, 0, 12, '', '', 1),
(14956, 332, 0, '2016-02-22', 0, 2, 0, 13, '', '', 1),
(14957, 307, 811, '2016-02-26', 0, 1, 52, 6, NULL, '', 0),
(14958, 307, 812, '2016-02-26', 0, 1, 51, 6, NULL, '', 0),
(14959, 307, 811, '2016-02-26', 0, 1, 52, 7, NULL, '', 0),
(14960, 307, 812, '2016-02-26', 0, 1, 52, 7, NULL, '', 0),
(14961, 307, 814, '2016-02-26', 0, 1, 52, 7, NULL, '', 0),
(14962, 315, 837, '2016-02-23', 100, 1, 22, 8, NULL, '', 1),
(14963, 315, 836, '2016-02-23', 30, 1, 22, 8, NULL, '', 1),
(14964, 315, 837, '2016-02-23', 100, 1, 22, 14, NULL, '', 1),
(14965, 315, 836, '2016-02-23', 30, 1, 22, 14, NULL, '', 1),
(14966, 316, 838, '2016-02-23', 30, 1, 52, 8, NULL, '', 1),
(14967, 316, 838, '2016-02-23', 30, 1, 52, 14, NULL, '', 1),
(14973, 318, 842, '2016-02-24', 0, 2, 53, 11, NULL, '', 1),
(14974, 318, 842, '2016-02-26', 0, 1, 52, 6, NULL, '', 0),
(14975, 318, 843, '2016-02-26', 0, 1, 52, 6, NULL, '', 0),
(14976, 320, 847, '2016-02-23', 240, 1, 22, 8, NULL, '', 1),
(14977, 320, 846, '2016-02-23', 100, 1, 22, 8, NULL, '', 1),
(14978, 320, 846, '2016-02-23', 100, 1, 22, 14, NULL, '', 1),
(14979, 320, 847, '2016-02-23', 240, 1, 22, 14, NULL, '', 1),
(14980, 321, 848, '2016-02-25', 0, 1, 52, 6, NULL, '', 0),
(14981, 321, 849, '2016-02-25', 0, 1, 52, 6, NULL, '', 0),
(14982, 321, 850, '2016-02-25', 20, 1, 57, 6, NULL, '', 1),
(14983, 321, 851, '2016-02-25', 0, 1, 52, 6, NULL, '', 0),
(14984, 325, 858, '2016-02-23', 28, 1, 52, 7, NULL, '', 1),
(14985, 325, 859, '2016-02-23', 16, 1, 52, 7, NULL, '', 1),
(14986, 332, 875, '2016-02-23', 0, 0, 38, 2, '', '', 1),
(14987, 332, 875, '2016-02-23', 50, 0, 38, 3, '', '', 1),
(14988, 332, 875, '2016-03-02', 0, 0, 38, 4, '', '', 0),
(14989, 332, 875, '2016-03-04', 0, 0, 38, 6, '', '', 0),
(14990, 332, 875, '2016-03-05', 0, 0, 22, 8, '', '', 0),
(14991, 332, 875, '2016-03-05', 0, 0, 22, 14, '', '', 0),
(14992, 332, 875, '2016-03-05', 0, 0, 28, 15, '', '', 0),
(14995, 332, 0, '2016-02-23', 0, 2, 0, 10, '', '', 1),
(14996, 332, 0, '2016-02-23', 0, 2, 0, 11, '', '', 1),
(14997, 332, 875, '2016-02-25', 0, 1, 38, 3, NULL, '', 0);

-- --------------------------------------------------------

--
-- Estrutura da tabela `fornecedor_pedido_produto`
--

CREATE TABLE IF NOT EXISTS `fornecedor_pedido_produto` (
  `id` int(11) NOT NULL,
  `produto_pedido_id` int(11) DEFAULT NULL,
  `fornecedor_id` int(11) DEFAULT NULL
) ENGINE=InnoDB AUTO_INCREMENT=71 DEFAULT CHARSET=latin1;

--
-- Extraindo dados da tabela `fornecedor_pedido_produto`
--

INSERT INTO `fornecedor_pedido_produto` (`id`, `produto_pedido_id`, `fornecedor_id`) VALUES
(1, 721, 67),
(2, 723, 67),
(3, 724, 67),
(4, 725, 67),
(5, 726, 67),
(6, 727, 67),
(7, 728, 67),
(8, 729, 67),
(9, 730, 67),
(10, 731, 67),
(11, 732, 67),
(12, 733, 67),
(13, 734, 67),
(14, 735, 67),
(15, 743, 67),
(16, 752, 67),
(17, 756, 67),
(18, 757, 67),
(19, 762, 67),
(20, 764, 67),
(21, 765, 67),
(22, 772, 68),
(23, 773, 67),
(24, 774, 67),
(25, 777, 67),
(26, 778, 67),
(27, 780, 67),
(28, 788, 67),
(29, 789, 67),
(30, 790, 67),
(31, 791, 67),
(32, 792, 67),
(33, 793, 67),
(34, 794, 67),
(35, 798, 67),
(36, 799, 67),
(37, 800, 67),
(38, 801, 67),
(39, 811, 67),
(40, 813, 67),
(41, 814, 67),
(42, 822, 67),
(43, 823, 67),
(44, 824, 67),
(45, 825, 67),
(46, 830, 67),
(47, 834, 67),
(48, 835, 67),
(49, 840, 67),
(50, 841, 67),
(51, 843, 67),
(52, 794, 67),
(53, 844, 67),
(54, 845, 67),
(55, 848, 67),
(56, 849, 67),
(57, 850, 67),
(58, 851, 67),
(59, 858, 67),
(60, 859, 67),
(61, 860, 67),
(62, 861, 67),
(63, 864, 67),
(64, 865, 67),
(65, 866, 67),
(66, 867, 67),
(67, 868, 67),
(68, 870, 67),
(69, 871, 67),
(70, 874, 67);

-- --------------------------------------------------------

--
-- Estrutura da tabela `log`
--

CREATE TABLE IF NOT EXISTS `log` (
  `id` int(11) NOT NULL,
  `usuarios_id` int(11) NOT NULL,
  `data` datetime NOT NULL,
  `acao` varchar(10) NOT NULL,
  `item` varchar(20) NOT NULL,
  `tabela` varchar(20) NOT NULL,
  `permite_leitura` varchar(3) NOT NULL
) ENGINE=MyISAM DEFAULT CHARSET=latin1;

-- --------------------------------------------------------

--
-- Estrutura da tabela `parte_acrescimo_aviamento`
--

CREATE TABLE IF NOT EXISTS `parte_acrescimo_aviamento` (
  `id` int(11) NOT NULL,
  `quantidade` int(11) DEFAULT NULL,
  `aviamento_id` int(11) DEFAULT NULL,
  `produto_parte_acrescimo_id` int(11) DEFAULT NULL
) ENGINE=InnoDB AUTO_INCREMENT=143 DEFAULT CHARSET=latin1;

--
-- Extraindo dados da tabela `parte_acrescimo_aviamento`
--

INSERT INTO `parte_acrescimo_aviamento` (`id`, `quantidade`, `aviamento_id`, `produto_parte_acrescimo_id`) VALUES
(1, 2, 1, 10212),
(2, 3, 1, 10212),
(3, 2, 7, 10213),
(4, 0, 6, 10214),
(5, 0, 17, 10231),
(6, 5, 2, 10232),
(7, 1, 13, 10233),
(8, 0, 7, 10234),
(9, 1, 2, 10235),
(10, 1, 13, 10235),
(11, 2, 2, 10236),
(12, 5, 2, 10275),
(13, 1, 24, 10284),
(14, 1, 1, 10285),
(15, 5, 1, 10286),
(16, 0, 5, 10287),
(17, 0, 6, 10290),
(18, 0, 7, 10294),
(19, 5, 2, 10298),
(20, 0, 7, 10304),
(21, 0, 7, 10305),
(22, 0, 6, 10323),
(23, 0, 5, 10331),
(24, 2, 1, 10333),
(25, 5, 1, 10334),
(26, 0, 10, 10366),
(27, 0, 10, 10367),
(28, 0, 24, 10368),
(29, 0, 6, 10375),
(30, 0, 6, 10378),
(31, 0, 37, 10379),
(32, 0, 18, 10381),
(33, 0, 7, 10382),
(34, 0, 7, 10383),
(35, 0, 6, 10384),
(36, 0, 7, 10385),
(37, 0, 7, 10386),
(38, 0, 6, 10387),
(39, 0, 7, 10388),
(40, 0, 18, 10389),
(41, 0, 7, 10390),
(42, 0, 7, 10391),
(43, 0, 6, 10396),
(44, 0, 6, 10401),
(45, 5, 2, 10406),
(46, 2, 2, 10408),
(47, 0, 2, 10414),
(48, 2, 2, 10415),
(49, 0, 6, 10421),
(50, 1, 1, 10430),
(51, 0, 18, 10437),
(52, 0, 6, 10438),
(53, 5, 2, 10447),
(54, 2, 1, 10450),
(55, 5, 1, 10451),
(56, 0, 5, 10454),
(57, 0, 5, 10458),
(58, 1, 1, 10459),
(59, 5, 1, 10460),
(60, 0, 6, 10473),
(61, 0, 40, 10486),
(62, 0, 27, 10493),
(63, 0, 20, 10494),
(64, 0, 6, 10501),
(65, 0, 27, 10509),
(66, 0, 10, 10518),
(67, 5, 2, 10520),
(68, 0, 6, 10523),
(69, 0, 10, 10527),
(70, 0, 40, 10528),
(71, 0, 6, 10534),
(72, 0, 8, 10535),
(73, 0, 8, 10542),
(74, 5, 2, 10543),
(75, 0, 8, 10546),
(76, 0, 6, 10552),
(77, 0, 8, 10553),
(78, 0, 5, 10555),
(79, 5, 1, 10557),
(80, 0, 19, 10560),
(81, 0, 27, 10562),
(82, 0, 8, 10566),
(83, 0, 8, 10567),
(84, 0, 6, 10574),
(85, 5, 2, 10583),
(86, 0, 7, 10597),
(87, 0, 7, 10598),
(88, 0, 18, 10599),
(89, 0, 6, 10604),
(90, 0, 7, 10605),
(91, 0, 13, 10611),
(92, 0, 27, 10617),
(93, 0, 19, 10618),
(94, 0, 8, 10619),
(95, 5, 2, 10622),
(96, 0, 19, 10631),
(97, 0, 27, 10633),
(98, 0, 5, 10642),
(99, 1, 1, 10643),
(100, 5, 1, 10644),
(101, 0, 5, 10645),
(102, 5, 1, 10648),
(103, 0, 40, 10651),
(104, 0, 40, 10657),
(105, 0, 7, 10667),
(106, 0, 7, 10668),
(107, 0, 6, 10671),
(108, 0, 7, 10673),
(109, 0, 6, 10674),
(110, 0, 17, 10675),
(111, 5, 2, 10690),
(112, 0, 6, 10701),
(113, 0, 7, 10703),
(114, 0, 8, 10709),
(115, 0, 6, 10710),
(116, 5, 2, 10720),
(117, 0, 8, 10721),
(118, 0, 6, 10722),
(119, 0, 17, 10723),
(120, 0, 6, 10727),
(121, 0, 17, 10728),
(122, 0, 6, 10732),
(123, 0, 7, 10742),
(124, 0, 7, 10743),
(125, 0, 6, 10747),
(126, 0, 7, 10749),
(127, 2, 1, 10751),
(128, 0, 6, 10758),
(129, 0, 6, 10761),
(130, 0, 5, 10769),
(131, 2, 1, 10770),
(132, 5, 1, 10771),
(133, 0, 14, 10777),
(134, 5, 2, 10779),
(135, 0, 7, 10789),
(136, 0, 7, 10790),
(137, 0, 6, 10794),
(138, 0, 7, 10796),
(139, 0, 5, 10797),
(140, 5, 1, 10799),
(141, 0, 6, 10805),
(142, 0, 7, 10807);

-- --------------------------------------------------------

--
-- Estrutura da tabela `parte_acrescimo_has_tipo_aviamento`
--

CREATE TABLE IF NOT EXISTS `parte_acrescimo_has_tipo_aviamento` (
  `id` int(11) NOT NULL,
  `id_parte_acrescimo` int(11) NOT NULL,
  `id_tipo_aviamento` int(11) NOT NULL,
  `consumo_materia_prima` decimal(8,2) NOT NULL DEFAULT '0.00'
) ENGINE=InnoDB AUTO_INCREMENT=102 DEFAULT CHARSET=latin1;

--
-- Extraindo dados da tabela `parte_acrescimo_has_tipo_aviamento`
--

INSERT INTO `parte_acrescimo_has_tipo_aviamento` (`id`, `id_parte_acrescimo`, `id_tipo_aviamento`, `consumo_materia_prima`) VALUES
(1, 90, 133, '1.00'),
(2, 90, 163, '1.00'),
(3, 233, 240, '0.00'),
(5, 188, 122, '1.00'),
(6, 100, 137, '1.00'),
(7, 97, 138, '1.00'),
(8, 101, 122, '1.00'),
(9, 99, 139, '0.40'),
(12, 125, 132, '1.00'),
(13, 125, 234, '1.00'),
(15, 86, 89, '0.80'),
(16, 232, 240, '0.00'),
(17, 201, 164, '0.05'),
(18, 102, 240, '0.00'),
(19, 230, 240, '0.00'),
(20, 220, 122, '0.40'),
(21, 187, 240, '0.00'),
(22, 193, 240, '0.00'),
(23, 192, 139, '0.50'),
(24, 143, 240, '0.00'),
(25, 144, 240, '0.00'),
(27, 175, 240, '0.00'),
(28, 175, 139, '0.80'),
(29, 105, 240, '0.00'),
(30, 105, 139, '0.60'),
(31, 96, 240, '0.00'),
(32, 106, 240, '0.00'),
(33, 170, 240, '1.00'),
(34, 145, 139, '0.40'),
(35, 146, 135, '0.40'),
(36, 226, 241, '1.00'),
(38, 228, 164, '0.05'),
(39, 228, 122, '0.40'),
(40, 207, 240, '0.00'),
(42, 191, 140, '0.80'),
(43, 197, 239, '1.00'),
(44, 92, 240, '0.00'),
(45, 173, 240, '0.00'),
(47, 166, 238, '0.80'),
(48, 231, 240, '0.00'),
(49, 94, 240, '0.00'),
(50, 222, 240, '0.00'),
(51, 211, 140, '0.80'),
(52, 93, 240, '0.00'),
(53, 221, 240, '0.00'),
(54, 206, 140, '0.40'),
(55, 172, 240, '0.00'),
(57, 185, 240, '0.00'),
(58, 200, 135, '0.80'),
(59, 195, 240, '0.00'),
(60, 196, 140, '0.80'),
(61, 203, 240, '0.00'),
(62, 203, 88, '1.00'),
(63, 203, 164, '0.05'),
(64, 160, 134, '0.80'),
(65, 160, 236, '0.80'),
(66, 160, 237, '0.80'),
(67, 159, 134, '0.80'),
(68, 159, 236, '0.80'),
(69, 159, 237, '0.80'),
(70, 162, 134, '1.20'),
(71, 162, 236, '1.20'),
(72, 162, 237, '1.20'),
(73, 161, 134, '0.80'),
(74, 161, 236, '0.80'),
(75, 161, 237, '0.80'),
(76, 90, 88, '1.00'),
(78, 127, 239, '1.00'),
(79, 199, 132, '1.00'),
(80, 228, 132, '1.00'),
(81, 91, 132, '1.00'),
(82, 91, 88, '1.00'),
(83, 91, 234, '1.00'),
(84, 125, 88, '1.00'),
(85, 166, 164, '0.80'),
(86, 184, 142, '1.00'),
(87, 231, 88, '1.00'),
(88, 217, 246, '1.00'),
(89, 224, 121, '1.00'),
(90, 225, 120, '1.00'),
(92, 247, 132, '1.00'),
(93, 247, 88, '1.00'),
(94, 247, 234, '1.00'),
(95, 247, 241, '1.00'),
(96, 247, 122, '0.40'),
(97, 247, 164, '0.10'),
(98, 145, 135, '0.40'),
(99, 126, 140, '0.30'),
(101, 199, 164, '0.02');

-- --------------------------------------------------------

--
-- Estrutura da tabela `pedidos`
--

CREATE TABLE IF NOT EXISTS `pedidos` (
  `id` int(11) NOT NULL,
  `data_criacao` date NOT NULL,
  `clientes_id` int(11) NOT NULL,
  `status_id` int(11) NOT NULL,
  `vendedor_id` int(11) NOT NULL,
  `numero` varchar(10) DEFAULT NULL,
  `tipo` varchar(1) NOT NULL,
  `contato` varchar(20) DEFAULT NULL,
  `telefone` varchar(15) DEFAULT NULL,
  `obs` varchar(100) DEFAULT NULL,
  `data_conclusao` date NOT NULL,
  `data_faturamento` date NOT NULL,
  `data_entrega` date NOT NULL,
  `data_pgto` date NOT NULL,
  `data_agenda` date NOT NULL,
  `aba_andamento` int(11) DEFAULT NULL,
  `data_previsao_entrega` date NOT NULL,
  `obs_dia` text NOT NULL,
  `tipo_tamanho` int(11) NOT NULL,
  `data_start_fluxo` date NOT NULL
) ENGINE=MyISAM AUTO_INCREMENT=333 DEFAULT CHARSET=latin1;

--
-- Extraindo dados da tabela `pedidos`
--

INSERT INTO `pedidos` (`id`, `data_criacao`, `clientes_id`, `status_id`, `vendedor_id`, `numero`, `tipo`, `contato`, `telefone`, `obs`, `data_conclusao`, `data_faturamento`, `data_entrega`, `data_pgto`, `data_agenda`, `aba_andamento`, `data_previsao_entrega`, `obs_dia`, `tipo_tamanho`, `data_start_fluxo`) VALUES
(1, '2014-08-18', 150, 2, 42, 'V14081', 'V', NULL, NULL, '', '0001-01-01', '0001-01-01', '0001-01-01', '0001-01-01', '0001-01-01', 5, '0001-01-01', '', 1, '0001-01-01'),
(2, '2014-10-29', 240, 2, 45, 'V14102', 'V', NULL, NULL, '', '0001-01-01', '0001-01-01', '0001-01-01', '0001-01-01', '0001-01-01', 5, '0001-01-01', '', 1, '0001-01-01'),
(3, '2014-10-29', 208, 2, 45, 'V14103', 'V', NULL, NULL, '', '0001-01-01', '0001-01-01', '0001-01-01', '0001-01-01', '0001-01-01', 5, '0001-01-01', '', 1, '0001-01-01'),
(4, '2014-11-10', 241, 2, 40, 'V14114', 'V', NULL, NULL, '', '0001-01-01', '0001-01-01', '0001-01-01', '0001-01-01', '0001-01-01', 5, '0001-01-01', '', 1, '0001-01-01'),
(5, '2014-11-12', 60, 8, 42, 'V14115', 'V', NULL, NULL, '', '0001-01-01', '0001-01-01', '0001-01-01', '0001-01-01', '0001-01-01', 5, '0001-01-01', '', 1, '0001-01-01'),
(6, '2014-11-13', 150, 2, 40, 'V14116', 'V', NULL, NULL, '', '0001-01-01', '0001-01-01', '0001-01-01', '0001-01-01', '0001-01-01', 5, '0001-01-01', '', 1, '0001-01-01'),
(8, '2014-11-13', 59, 2, 40, 'V14118', 'V', NULL, NULL, '', '0001-01-01', '0001-01-01', '0001-01-01', '0001-01-01', '0001-01-01', 5, '0001-01-01', '', 1, '0001-01-01'),
(9, '2014-11-17', 59, 2, 40, 'V14119', 'V', NULL, NULL, '', '0001-01-01', '0001-01-01', '0001-01-01', '0001-01-01', '0001-01-01', 2, '0001-01-01', '', 1, '0001-01-01'),
(10, '2014-11-17', 59, 2, 40, 'V141110', 'V', NULL, NULL, '', '0001-01-01', '0001-01-01', '0001-01-01', '0001-01-01', '0001-01-01', 5, '0001-01-01', '', 1, '0001-01-01'),
(11, '2014-11-27', 59, 2, 40, 'V141111', 'V', NULL, NULL, '', '0001-01-01', '0001-01-01', '0001-01-01', '0001-01-01', '0001-01-01', 5, '0001-01-01', '', 1, '0001-01-01'),
(14, '2015-01-14', 242, 8, 45, 'V150114', 'V', NULL, NULL, '', '0001-01-01', '0001-01-01', '0001-01-01', '0001-01-01', '0001-01-01', 4, '2015-02-05', '', 1, '0001-01-01'),
(15, '2015-01-20', 243, 2, 40, 'V150115', 'V', NULL, NULL, '', '0001-01-01', '0001-01-01', '0001-01-01', '0001-01-01', '0001-01-01', 5, '2015-02-20', '', 1, '0001-01-01'),
(16, '2015-01-20', 242, 8, 45, 'V150116', 'V', NULL, NULL, '135', '0001-01-01', '0001-01-01', '0001-01-01', '0001-01-01', '0001-01-01', 1, '2015-02-18', '', 1, '0001-01-01'),
(17, '2015-01-29', 242, 2, 45, 'V150117', 'V', NULL, NULL, '8321/8319/8460', '0001-01-01', '0001-01-01', '0001-01-01', '0001-01-01', '0001-01-01', 5, '2015-02-18', '', 1, '0001-01-01'),
(18, '2015-01-14', 242, 2, 45, 'V150118', 'V', NULL, NULL, '8318', '0001-01-01', '0001-01-01', '0001-01-01', '0001-01-01', '0001-01-01', 4, '2015-02-17', '', 1, '0001-01-01'),
(19, '2015-01-20', 246, 2, 45, 'V150119', 'V', NULL, NULL, '135/1141', '0001-01-01', '0001-01-01', '0001-01-01', '0001-01-01', '0001-01-01', 4, '2015-02-18', '', 1, '0001-01-01'),
(20, '2015-01-27', 242, 8, 45, 'V150120', 'V', NULL, NULL, '4/UBERLÂNDIA', '0001-01-01', '0001-01-01', '0001-01-01', '0001-01-01', '0001-01-01', 1, '2015-03-10', '', 1, '0001-01-01'),
(21, '2015-01-27', 242, 2, 45, 'V150121', 'V', NULL, NULL, '4-uberlandia', '0001-01-01', '0001-01-01', '0001-01-01', '0001-01-01', '0001-01-01', 5, '2015-03-10', '', 1, '0001-01-01'),
(22, '2015-01-23', 247, 2, 45, 'V150122', 'V', NULL, NULL, '8-transcon', '0001-01-01', '0001-01-01', '0001-01-01', '0001-01-01', '0001-01-01', 5, '2015-03-06', '', 1, '0001-01-01'),
(23, '2015-01-21', 247, 8, 45, 'V150123', 'V', NULL, NULL, '7-porteiro', '0001-01-01', '0001-01-01', '0001-01-01', '0001-01-01', '0001-01-01', 1, '2015-02-27', '', 1, '0001-01-01'),
(24, '2015-01-21', 247, 8, 45, 'V150124', 'V', NULL, NULL, '7-porteiro', '0001-01-01', '0001-01-01', '0001-01-01', '0001-01-01', '0001-01-01', 1, '2015-01-27', '', 1, '0001-01-01'),
(25, '2015-01-21', 247, 2, 45, 'V150125', 'V', NULL, NULL, '7-porteiro', '0001-01-01', '0001-01-01', '0001-01-01', '0001-01-01', '0001-01-01', 5, '2015-02-27', '', 1, '0001-01-01'),
(26, '2015-01-20', 242, 2, 45, 'V150126', 'V', NULL, NULL, '8320/pedregulhos-sp/urgente', '0001-01-01', '0001-01-01', '0001-01-01', '0001-01-01', '0001-01-01', 5, '2015-02-18', '', 1, '0001-01-01'),
(27, '2015-02-03', 249, 8, 40, 'V150227', 'V', NULL, NULL, '', '0001-01-01', '0001-01-01', '0001-01-01', '0001-01-01', '0001-01-01', 1, '2015-02-17', '', 1, '0001-01-01'),
(28, '2015-02-03', 249, 2, 40, 'V150228', 'V', NULL, NULL, '', '0001-01-01', '0001-01-01', '0001-01-01', '0001-01-01', '0001-01-01', 5, '2015-02-17', '', 1, '0001-01-01'),
(29, '2015-02-03', 250, 2, 45, 'V150229', 'V', NULL, NULL, '', '0001-01-01', '0001-01-01', '0001-01-01', '0001-01-01', '0001-01-01', 5, '2015-03-03', '', 1, '0001-01-01'),
(30, '2015-01-28', 251, 2, 40, 'V150230', 'V', NULL, NULL, '', '0001-01-01', '0001-01-01', '0001-01-01', '0001-01-01', '0001-01-01', 5, '2015-02-27', '', 1, '0001-01-01'),
(31, '2015-01-26', 248, 2, 40, 'V150231', 'V', NULL, NULL, 'LICITAÇÃO, ETIQUETA NOVA NO DEGOLO, EMBALAGEM INDIVIDUAL', '0001-01-01', '0001-01-01', '0001-01-01', '0001-01-01', '0001-01-01', 5, '2015-02-12', '', 1, '0001-01-01'),
(32, '2015-02-09', 249, 2, 40, 'V150232', 'V', NULL, NULL, '41528', '0001-01-01', '0001-01-01', '0001-01-01', '0001-01-01', '0001-01-01', 5, '2015-03-02', '', 1, '0001-01-01'),
(33, '2015-02-09', 242, 2, 40, 'V150233', 'V', NULL, NULL, 'OC 8690', '0001-01-01', '0001-01-01', '0001-01-01', '0001-01-01', '0001-01-01', 5, '2015-03-23', '', 1, '0001-01-01'),
(34, '2015-02-09', 242, 2, 40, 'V150234', 'V', NULL, NULL, 'OC 8689', '0001-01-01', '0001-01-01', '0001-01-01', '0001-01-01', '0001-01-01', 5, '2015-03-23', '', 1, '0001-01-01'),
(35, '2015-02-12', 252, 2, 45, 'V150235', 'V', NULL, NULL, 'OC 150-OBRA 014o RESID M CASTELO', '0001-01-01', '0001-01-01', '0001-01-01', '0001-01-01', '0001-01-01', 5, '2015-02-16', '', 1, '0001-01-01'),
(36, '2015-02-19', 252, 2, 45, 'V150236', 'V', NULL, NULL, 'oc 152 ', '0001-01-01', '0001-01-01', '0001-01-01', '0001-01-01', '0001-01-01', 5, '2015-03-02', '', 1, '0001-01-01'),
(37, '2015-02-12', 253, 8, 45, 'V150337', 'V', NULL, NULL, '', '0001-01-01', '0001-01-01', '0001-01-01', '0001-01-01', '0001-01-01', 5, '2015-03-12', '', 1, '0001-01-01'),
(38, '2015-03-09', 256, 8, 40, 'V150338', 'V', NULL, NULL, '', '0001-01-01', '0001-01-01', '0001-01-01', '0001-01-01', '0001-01-01', 1, '2015-03-31', '', 1, '0001-01-01'),
(39, '2015-03-10', 254, 2, 40, 'V150339', 'V', NULL, NULL, '', '0001-01-01', '0001-01-01', '0001-01-01', '0001-01-01', '0001-01-01', 5, '2015-04-10', '', 1, '0001-01-01'),
(40, '2015-03-03', 257, 2, 45, 'V150340', 'V', NULL, NULL, 'METADE LARANJA(EM CIMA), METADE CINZA (EM BAIXO)', '0001-01-01', '0001-01-01', '0001-01-01', '0001-01-01', '0001-01-01', 5, '2015-03-31', '', 1, '0001-01-01'),
(41, '2015-03-06', 242, 2, 45, 'V150341', 'V', NULL, NULL, 'OC 9120', '0001-01-01', '0001-01-01', '0001-01-01', '0001-01-01', '0001-01-01', 5, '2015-02-04', '', 1, '0001-01-01'),
(42, '2015-03-06', 242, 8, 45, 'V150342', 'V', NULL, NULL, 'OC 9120', '0001-01-01', '0001-01-01', '0001-01-01', '0001-01-01', '0001-01-01', 1, '2015-02-04', '', 1, '0001-01-01'),
(43, '2015-03-06', 242, 2, 45, 'V150343', 'V', NULL, NULL, 'OC 9126', '0001-01-01', '0001-01-01', '0001-01-01', '0001-01-01', '0001-01-01', 4, '2015-03-04', '', 1, '0001-01-01'),
(44, '2015-03-06', 242, 8, 45, 'V150344', 'V', NULL, NULL, ' OC 9119', '0001-01-01', '0001-01-01', '0001-01-01', '0001-01-01', '0001-01-01', 1, '2015-04-06', '', 1, '0001-01-01'),
(45, '2015-03-09', 242, 2, 45, 'V150345', 'V', NULL, NULL, 'OC 9171', '0001-01-01', '0001-01-01', '0001-01-01', '0001-01-01', '0001-01-01', 5, '2015-04-08', '', 1, '0001-01-01'),
(46, '2015-03-09', 242, 2, 45, 'V150346', 'V', NULL, NULL, 'OC 9170', '0001-01-01', '0001-01-01', '0001-01-01', '0001-01-01', '0001-01-01', 5, '2015-04-08', '', 1, '0001-01-01'),
(47, '2015-03-06', 242, 2, 45, 'V150347', 'V', NULL, NULL, 'OC 9119', '0001-01-01', '0001-01-01', '0001-01-01', '0001-01-01', '0001-01-01', 5, '2015-04-05', '', 1, '0001-01-01'),
(48, '2015-03-12', 258, 2, 40, 'V150348', 'V', NULL, NULL, '', '0001-01-01', '0001-01-01', '0001-01-01', '0001-01-01', '0001-01-01', 5, '0001-01-01', '', 1, '0001-01-01'),
(49, '2015-03-12', 252, 2, 40, 'V150349', 'V', NULL, NULL, '', '0001-01-01', '0001-01-01', '0001-01-01', '0001-01-01', '0001-01-01', 5, '0001-01-01', '', 1, '0001-01-01'),
(50, '2015-03-13', 260, 2, 40, 'V150350', 'V', NULL, NULL, '', '0001-01-01', '0001-01-01', '0001-01-01', '0001-01-01', '0001-01-01', 5, '0001-01-01', '', 1, '0001-01-01'),
(51, '2015-03-14', 261, 2, 40, 'V150351', 'V', NULL, NULL, 'LICITAÇÃO', '0001-01-01', '0001-01-01', '0001-01-01', '0001-01-01', '0001-01-01', 3, '2015-03-16', '', 1, '0001-01-01'),
(52, '2015-03-16', 263, 2, 45, 'V150352', 'V', NULL, NULL, '', '0001-01-01', '0001-01-01', '0001-01-01', '0001-01-01', '0001-01-01', 5, '0001-01-01', '', 1, '0001-01-01'),
(53, '2015-03-16', 262, 2, 40, 'V150353', 'V', NULL, NULL, '', '0001-01-01', '0001-01-01', '0001-01-01', '0001-01-01', '0001-01-01', 5, '0001-01-01', '', 1, '0001-01-01'),
(54, '2015-03-16', 253, 2, 40, 'V150354', 'V', NULL, NULL, '', '0001-01-01', '0001-01-01', '0001-01-01', '0001-01-01', '0001-01-01', 5, '0001-01-01', '', 1, '0001-01-01'),
(55, '2015-03-16', 242, 2, 45, 'V150355', 'V', NULL, NULL, '', '0001-01-01', '0001-01-01', '0001-01-01', '0001-01-01', '0001-01-01', 5, '0001-01-01', '', 1, '0001-01-01'),
(56, '2015-03-17', 254, 2, 40, 'V150356', 'V', NULL, NULL, '', '0001-01-01', '0001-01-01', '0001-01-01', '0001-01-01', '0001-01-01', 2, '0001-01-01', '', 1, '0001-01-01'),
(57, '2015-03-18', 252, 2, 40, 'V150357', 'V', NULL, NULL, '', '0001-01-01', '0001-01-01', '0001-01-01', '0001-01-01', '0001-01-01', 5, '0001-01-01', '', 1, '0001-01-01'),
(58, '2015-03-19', 151, 2, 40, 'V150358', 'V', NULL, NULL, '', '0001-01-01', '0001-01-01', '0001-01-01', '0001-01-01', '0001-01-01', 5, '0001-01-01', '', 1, '0001-01-01'),
(59, '2015-03-19', 264, 2, 45, 'V150359', 'V', NULL, NULL, '', '0001-01-01', '0001-01-01', '0001-01-01', '0001-01-01', '0001-01-01', 5, '0001-01-01', '', 1, '0001-01-01'),
(60, '2015-03-19', 266, 2, 40, 'V150360', 'V', NULL, NULL, 'ELETRICISTA: NR 10 PROT.  ARCO ELÉTRICO, FOGO REPENTINO. LINHA RETARDANTE A CHAMA 100% META ARAMIDA', '0001-01-01', '0001-01-01', '0001-01-01', '0001-01-01', '0001-01-01', 5, '0001-01-01', '', 1, '0001-01-01'),
(61, '2015-03-19', 147, 2, 45, 'V150361', 'V', NULL, NULL, '', '0001-01-01', '0001-01-01', '0001-01-01', '0001-01-01', '0001-01-01', 5, '2015-04-19', '', 1, '0001-01-01'),
(62, '2015-03-20', 267, 8, 40, 'V150362', 'V', NULL, NULL, '', '0001-01-01', '0001-01-01', '0001-01-01', '0001-01-01', '0001-01-01', 1, '2015-03-31', '', 1, '0001-01-01'),
(63, '2015-03-24', 248, 2, 40, 'V150363', 'V', NULL, NULL, 'PARTE LICITAÇAO(PRETO COM CINZA)', '0001-01-01', '0001-01-01', '0001-01-01', '0001-01-01', '0001-01-01', 5, '0001-01-01', '', 1, '0001-01-01'),
(64, '2015-03-26', 242, 2, 45, 'V150364', 'V', NULL, NULL, 'referencia pedido anterior (V150343)', '0001-01-01', '0001-01-01', '0001-01-01', '0001-01-01', '0001-01-01', 5, '0001-01-01', '', 1, '0001-01-01'),
(65, '2015-03-30', 268, 2, 45, 'V150365', 'V', NULL, NULL, '', '0001-01-01', '0001-01-01', '0001-01-01', '0001-01-01', '0001-01-01', 5, '0001-01-01', '', 1, '0001-01-01'),
(66, '2015-04-05', 269, 2, 45, 'V150466', 'V', NULL, NULL, 'ENTREGA 06/05', '0001-01-01', '0001-01-01', '0001-01-01', '0001-01-01', '0001-01-01', 5, '2015-04-15', 'EMBALAR E FATURAR', 1, '0001-01-01'),
(67, '2015-04-07', 270, 2, 40, 'V150467', 'V', NULL, NULL, '', '0001-01-01', '0001-01-01', '0001-01-01', '0001-01-01', '0001-01-01', 5, '2015-04-14', '', 1, '0001-01-01'),
(68, '2015-04-10', 59, 2, 40, 'V150468', 'V', NULL, NULL, '', '0001-01-01', '0001-01-01', '0001-01-01', '0001-01-01', '0001-01-01', 5, '2015-05-08', '', 1, '0001-01-01'),
(69, '2015-04-10', 271, 2, 40, 'V150469', 'V', NULL, NULL, '', '0001-01-01', '0001-01-01', '0001-01-01', '0001-01-01', '0001-01-01', 5, '2015-05-08', '', 1, '0001-01-01'),
(70, '2015-04-13', 266, 2, 40, 'V150470', 'V', NULL, NULL, '', '0001-01-01', '0001-01-01', '0001-01-01', '0001-01-01', '0001-01-01', 5, '2015-05-01', '', 1, '0001-01-01'),
(71, '2015-04-13', 251, 2, 40, 'V150471', 'V', NULL, NULL, '', '0001-01-01', '0001-01-01', '0001-01-01', '0001-01-01', '0001-01-01', 5, '2015-05-08', '', 1, '0001-01-01'),
(72, '2015-04-15', 272, 2, 40, 'V150472', 'V', NULL, NULL, 'ROGÉRIO ', '0001-01-01', '0001-01-01', '0001-01-01', '0001-01-01', '0001-01-01', 5, '2015-05-08', '19/06 - BUSCAR - jalecos - FERNANDO - obs ()', 1, '0001-01-01'),
(73, '2015-04-15', 272, 2, 40, 'V150473', 'V', NULL, NULL, 'ROGÉRIO ', '0001-01-01', '0001-01-01', '0001-01-01', '0001-01-01', '0001-01-01', 5, '2015-05-08', ' ', 1, '0001-01-01'),
(215, '2015-11-03', 59, 2, 40, 'V1511215', 'V', NULL, NULL, '', '0001-01-01', '0001-01-01', '0001-01-01', '0001-01-01', '0001-01-01', 8, '2015-11-30', ' ', 1, '2015-11-03'),
(74, '2015-04-15', 272, 2, 40, 'V150474', 'V', NULL, NULL, 'MATHEUS ', '0001-01-01', '0001-01-01', '0001-01-01', '0001-01-01', '0001-01-01', 5, '2015-05-08', '', 1, '0001-01-01'),
(75, '2015-04-15', 272, 2, 40, 'V150475', 'V', NULL, NULL, 'MATHEUS ', '0001-01-01', '0001-01-01', '0001-01-01', '0001-01-01', '0001-01-01', 4, '2015-05-08', '', 1, '0001-01-01'),
(76, '2015-04-16', 273, 8, 40, 'V150476', 'V', NULL, NULL, 'SITRAN', '0001-01-01', '0001-01-01', '0001-01-01', '0001-01-01', '0001-01-01', 1, '2015-04-24', '', 1, '0001-01-01'),
(77, '2015-04-16', 274, 2, 40, 'V150477', 'V', NULL, NULL, 'SITRAN V150364', '0001-01-01', '0001-01-01', '0001-01-01', '0001-01-01', '0001-01-01', 5, '2015-04-23', '', 1, '0001-01-01'),
(78, '2015-04-16', 274, 2, 40, 'V150478', 'V', NULL, NULL, 'UNIVIDAS', '0001-01-01', '0001-01-01', '0001-01-01', '0001-01-01', '0001-01-01', 5, '2015-04-23', '', 1, '0001-01-01'),
(79, '2015-04-16', 274, 8, 40, 'V150479', 'V', NULL, NULL, 'ROMAG V150361', '0001-01-01', '0001-01-01', '0001-01-01', '0001-01-01', '0001-01-01', 3, '2015-04-23', '', 1, '0001-01-01'),
(80, '2015-04-17', 255, 2, 40, 'V150480', 'V', NULL, NULL, '', '0001-01-01', '0001-01-01', '0001-01-01', '0001-01-01', '0001-01-01', 5, '2015-05-18', '', 1, '0001-01-01'),
(81, '2015-04-20', 249, 2, 40, 'V150481', 'V', NULL, NULL, 'Acrescentar vale de lavanderia ', '0001-01-01', '0001-01-01', '0001-01-01', '0001-01-01', '0001-01-01', 5, '2015-05-01', '', 1, '0001-01-01'),
(82, '2015-04-22', 274, 2, 40, 'V150482', 'V', NULL, NULL, 'TRACTEL', '0001-01-01', '0001-01-01', '0001-01-01', '0001-01-01', '0001-01-01', 3, '2015-05-01', '', 1, '0001-01-01'),
(83, '2015-04-23', 59, 2, 40, 'V150483', 'V', NULL, NULL, '', '0001-01-01', '0001-01-01', '0001-01-01', '0001-01-01', '0001-01-01', 3, '2015-04-30', '', 1, '0001-01-01'),
(84, '2015-03-19', 266, 2, 40, 'V150484', 'V', NULL, NULL, '', '0001-01-01', '0001-01-01', '0001-01-01', '0001-01-01', '0001-01-01', 5, '2015-04-20', '', 1, '0001-01-01'),
(85, '2015-04-17', 275, 8, 45, 'V150485', 'V', NULL, NULL, '', '0001-01-01', '0001-01-01', '0001-01-01', '0001-01-01', '0001-01-01', 1, '2015-06-12', '', 1, '0001-01-01'),
(86, '2015-04-27', 275, 8, 45, 'V150486', 'V', NULL, NULL, '', '0001-01-01', '0001-01-01', '0001-01-01', '0001-01-01', '0001-01-01', 1, '2015-05-12', '26/06 - RESOLVER - pendência - ANTÔNIO - (para cliente definir numeração AGUARDANDO DESDE 03/06)', 1, '0001-01-01'),
(87, '2015-04-27', 274, 2, 40, 'V150487', 'V', NULL, NULL, 'UNIVIDAS', '0001-01-01', '0001-01-01', '0001-01-01', '0001-01-01', '0001-01-01', 4, '2015-05-12', '', 1, '0001-01-01'),
(88, '2015-04-28', 274, 2, 40, 'V150488', 'V', NULL, NULL, 'PREFEITURA BORDA DA MATA', '0001-01-01', '0001-01-01', '0001-01-01', '0001-01-01', '0001-01-01', 5, '2015-05-28', '', 1, '0001-01-01'),
(89, '2015-04-28', 277, 2, 40, 'V150489', 'V', NULL, NULL, 'UTILIZAR AS CALÇA DE PRONTA ENTREGA', '0001-01-01', '0001-01-01', '0001-01-01', '0001-01-01', '0001-01-01', 5, '2015-04-28', '', 1, '0001-01-01'),
(90, '2015-04-28', 178, 2, 40, 'V150490', 'V', NULL, NULL, '', '0001-01-01', '0001-01-01', '0001-01-01', '0001-01-01', '0001-01-01', 5, '2015-04-07', '', 1, '0001-01-01'),
(91, '2015-04-29', 272, 2, 40, 'V150491', 'V', NULL, NULL, 'ROGERIO', '0001-01-01', '0001-01-01', '0001-01-01', '0001-01-01', '0001-01-01', 5, '2015-05-20', ' ', 1, '0001-01-01'),
(92, '2015-04-29', 59, 2, 40, 'V150492', 'V', NULL, NULL, 'REFERENTE OC 18698\\15', '0001-01-01', '0001-01-01', '0001-01-01', '0001-01-01', '0001-01-01', 5, '2015-05-28', 'entregue em 27-05-2015', 1, '0001-01-01'),
(93, '2015-04-29', 59, 2, 40, 'V150493', 'V', NULL, NULL, 'REFERENTE OC 18699\\15', '0001-01-01', '0001-01-01', '0001-01-01', '0001-01-01', '0001-01-01', 5, '2015-05-28', 'entregue em 27-05-2015', 1, '0001-01-01'),
(94, '2015-05-05', 278, 2, 40, 'V150594', 'V', NULL, NULL, '', '0001-01-01', '0001-01-01', '0001-01-01', '0001-01-01', '0001-01-01', 5, '2015-05-26', '', 1, '0001-01-01'),
(95, '2015-05-05', 59, 8, 40, 'V150595', 'V', NULL, NULL, '', '0001-01-01', '0001-01-01', '0001-01-01', '0001-01-01', '0001-01-01', 5, '2015-05-07', '', 1, '0001-01-01'),
(96, '2015-05-07', 272, 2, 40, 'V150596', 'V', NULL, NULL, 'AMÁLIA ', '0001-01-01', '0001-01-01', '0001-01-01', '0001-01-01', '0001-01-01', 5, '2015-05-08', '', 1, '0001-01-01'),
(97, '2015-05-11', 280, 2, 40, 'V150597', 'V', NULL, NULL, '', '0001-01-01', '0001-01-01', '0001-01-01', '0001-01-01', '0001-01-01', 5, '2015-05-29', '12/06 - CONTAR - p/ entrega total - obs (FALTA 9G, 1M )TRANSPORTADORA - obs ()', 1, '0001-01-01'),
(98, '2015-05-12', 268, 2, 45, 'V150598', 'V', NULL, NULL, '', '0001-01-01', '0001-01-01', '0001-01-01', '0001-01-01', '0001-01-01', 5, '2015-06-08', '30/08 - RESOLVER - pendência - ANTÔNIO - obs (desde 17/06 não aceitaram as de manga curta, parada produção das de manga longa).', 1, '0001-01-01'),
(99, '2015-05-19', 281, 8, 40, 'V150599', 'V', NULL, NULL, '', '0001-01-01', '0001-01-01', '0001-01-01', '0001-01-01', '0001-01-01', 4, '2015-05-25', '', 1, '0001-01-01'),
(100, '2015-05-14', 242, 2, 45, 'V1505100', 'V', NULL, NULL, '', '0001-01-01', '0001-01-01', '0001-01-01', '0001-01-01', '0001-01-01', 5, '2015-06-15', 'RONALDO 05/06 buscar as camisetes na SIDNEIA e entregar o pedido', 1, '0001-01-01'),
(101, '2015-05-20', 274, 8, 40, 'V1505101', 'V', NULL, NULL, 'GALAPAGOS ENGENHARIA ', '0001-01-01', '0001-01-01', '0001-01-01', '0001-01-01', '0001-01-01', 1, '2015-06-01', '', 1, '0001-01-01'),
(102, '2015-05-20', 282, 2, 40, 'V1505102', 'V', NULL, NULL, 'GALAPAGOS ENGENHARIA ', '0001-01-01', '0001-01-01', '0001-01-01', '0001-01-01', '0001-01-01', 5, '2015-06-01', '17/06 entrega prevista p/ CLIENTE - obs () ', 1, '0001-01-01'),
(103, '2015-05-21', 269, 2, 45, 'V1505103', 'V', NULL, NULL, 'TIPO 5', '0001-01-01', '0001-01-01', '0001-01-01', '0001-01-01', '0001-01-01', 5, '2015-05-27', 'EMBALAR E FATURAR', 1, '0001-01-01'),
(104, '2015-05-21', 59, 2, 40, 'V1505104', 'V', NULL, NULL, '', '0001-01-01', '0001-01-01', '0001-01-01', '0001-01-01', '0001-01-01', 5, '2015-06-02', 'AMALIA buscar, embalar lá e entregar 01-06        Rafael buscou e entregou direto s\\ passa na segura antes', 1, '0001-01-01'),
(105, '2015-05-22', 283, 2, 40, 'V1505105', 'V', NULL, NULL, '', '0001-01-01', '0001-01-01', '0001-01-01', '0001-01-01', '0001-01-01', 5, '2015-06-19', '17/06 ENTREGUE', 1, '0001-01-01'),
(106, '2015-05-26', 150, 8, 40, 'V1505106', 'V', NULL, NULL, '', '0001-01-01', '0001-01-01', '0001-01-01', '0001-01-01', '0001-01-01', 1, '2015-05-26', '', 1, '0001-01-01'),
(108, '2015-05-29', 285, 2, 40, 'V1505108', 'V', NULL, NULL, '', '0001-01-01', '0001-01-01', '0001-01-01', '0001-01-01', '0001-01-01', 5, '2015-06-12', 'João- jaleco ML fica pronto 01-06 - MC utilizar pronta entrega       ', 1, '0001-01-01'),
(107, '2015-05-27', 284, 2, 46, 'V1505107', 'V', NULL, NULL, '', '0001-01-01', '0001-01-01', '0001-01-01', '0001-01-01', '0001-01-01', 5, '2015-06-26', 'ag nf devolução, nova nf p/ assinar e devolução amostra', 1, '0001-01-01'),
(109, '2015-06-01', 286, 2, 45, 'V1506109', 'V', NULL, NULL, '', '0001-01-01', '0001-01-01', '0001-01-01', '0001-01-01', '0001-01-01', 5, '2015-06-26', '19/06 entrega prevista p/ CLIENTE - obs ()', 1, '0001-01-01'),
(112, '2015-06-08', 242, 2, 45, 'V1506112', 'V', NULL, NULL, '', '0001-01-01', '0001-01-01', '0001-01-01', '0001-01-01', '0001-01-01', 3, '2015-06-19', '12/06 - BUSCAR - amostra do conjunto - MAURO - obs (). 12/06 - LEVAR - amostra - SIDNÉIA - obs (p/ pregar botão). 12/06 - LEVAR - amostra pronta - CLIENTE - obs (foram Ronaldo e Antônio?)', 1, '0001-01-01'),
(111, '2015-06-08', 274, 2, 45, 'V1506111', 'V', NULL, NULL, 'reforma galapagos', '0001-01-01', '0001-01-01', '0001-01-01', '0001-01-01', '0001-01-01', 5, '2015-06-15', '17/06 entrega prevista p/ CLIENTE - obs ()', 1, '0001-01-01'),
(120, '2015-06-22', 288, 2, 40, 'V1506120', 'V', NULL, NULL, '', '0001-01-01', '0001-01-01', '0001-01-01', '0001-01-01', '0001-01-01', 4, '2015-07-22', ' 19/08 - RETORNO -  Costura  - ADRIANO - obs(item 6  ). 20/08 - ENVIO  - entrega  - CLIENTE - obs( ).', 1, '0001-01-01'),
(126, '2015-07-02', 240, 2, 40, 'V1507126', 'V', NULL, NULL, '', '0001-01-01', '0001-01-01', '0001-01-01', '0001-01-01', '0001-01-01', 5, '2015-07-30', '06-07 - ENTREGA -prevista - CLIENTE - obs ().', 1, '0001-01-01'),
(125, '2015-07-02', 249, 2, 40, 'V1507125', 'V', NULL, NULL, 'OC 42013', '0001-01-01', '0001-01-01', '0001-01-01', '0001-01-01', '0001-01-01', 5, '2015-07-31', ' 23/07 - ENTREGA - previsto entrega - CLIENTE obs ()', 1, '0001-01-01'),
(110, '2015-06-03', 249, 2, 40, 'V1506110', 'V', NULL, NULL, '', '0001-01-01', '0001-01-01', '0001-01-01', '0001-01-01', '0001-01-01', 5, '2015-06-29', '26/06 enviar nf por email - ROBERTO - obs ()', 1, '0001-01-01'),
(113, '2015-06-10', 269, 2, 45, 'V1506113', 'V', NULL, NULL, '', '0001-01-01', '0001-01-01', '0001-01-01', '0001-01-01', '0001-01-01', 5, '2015-06-30', '29/06 - ENTREGA - prevista - CLIENTE - obs ()', 1, '0001-01-01'),
(114, '2015-06-10', 59, 2, 40, 'V1506114', 'V', NULL, NULL, '', '0001-01-01', '0001-01-01', '0001-01-01', '0001-01-01', '0001-01-01', 5, '2015-06-30', ' 01/07 - ENTREGAR - jaquetas - CLIENTE - obs(RAFAEL).', 1, '0001-01-01'),
(123, '2015-06-29', 242, 2, 45, 'V1506123', 'V', NULL, NULL, 'DER-MG (UBERLÂNDIA)', '0001-01-01', '0001-01-01', '0001-01-01', '0001-01-01', '0001-01-01', 5, '2015-07-24', '17/07 - ENTREGA - buscar Sidneia -RAFAEL', 1, '0001-01-01'),
(115, '2015-06-12', 282, 2, 40, 'V1506115', 'V', NULL, NULL, 'SEGURA UNIFORMES ', '0001-01-01', '0001-01-01', '0001-01-01', '0001-01-01', '0001-01-01', 5, '2015-07-01', '16/06 - BUSCA - moleton -  HELENA - obs:()', 1, '0001-01-01'),
(124, '2015-07-02', 249, 2, 40, 'V1507124', 'V', NULL, NULL, 'OC 42012', '0001-01-01', '0001-01-01', '0001-01-01', '0001-01-01', '0001-01-01', 5, '2015-07-31', '23/07 - ENTREGA - previsto entrega - CLIENTE obs ()', 1, '0001-01-01'),
(127, '2015-07-06', 272, 2, 40, 'V1507127', 'V', NULL, NULL, 'Rogerio ', '0001-01-01', '0001-01-01', '0001-01-01', '0001-01-01', '0001-01-01', 5, '2015-07-31', '31/07 - CONFERENCIA - camisas - SEGURA - obs()', 1, '0001-01-01'),
(117, '2015-06-18', 147, 2, 45, 'V1506117', 'V', NULL, NULL, '', '0001-01-01', '0001-01-01', '0001-01-01', '0001-01-01', '0001-01-01', 5, '2015-06-30', '30/06 - ENTREGAR - camisa - CLIENTE - obs()', 1, '0001-01-01'),
(118, '2015-06-18', 134, 2, 40, 'V1506118', 'V', NULL, NULL, '', '0001-01-01', '0001-01-01', '0001-01-01', '0001-01-01', '0001-01-01', 5, '2015-07-06', '01/07 - ENTREGAR - camisas - CLIENTE - obs(RONALDO).', 1, '0001-01-01'),
(116, '2015-06-15', 287, 2, 40, 'V1506116', 'V', NULL, NULL, 'UTILIZAR PRONTA ENTREGA ', '0001-01-01', '0001-01-01', '0001-01-01', '0001-01-01', '0001-01-01', 5, '2015-07-06', '07-07 - BUSCAR - jaleco - MAURO obs ( para substituir os que vieram com defeito ). 07-07 - ENTREGA - jalecos e calças - CLIENTE - obs (transportadora sete lagos)', 1, '0001-01-01'),
(121, '2015-06-23', 274, 2, 40, 'V1506121', 'V', NULL, NULL, 'SATEL', '0001-01-01', '0001-01-01', '0001-01-01', '0001-01-01', '0001-01-01', 5, '2015-07-03', '29/06 - ENTREGAR - jaleco - CLIENTE - obs().', 1, '0001-01-01'),
(122, '2015-06-23', 274, 2, 45, 'V1506122', 'V', NULL, NULL, 'HORIZONTE FRIOS', '0001-01-01', '0001-01-01', '0001-01-01', '0001-01-01', '0001-01-01', 5, '2015-06-26', '', 1, '0001-01-01'),
(119, '2015-06-19', 274, 8, 45, 'V1506119', 'V', NULL, NULL, 'STRATURA ', '0001-01-01', '0001-01-01', '0001-01-01', '0001-01-01', '0001-01-01', 1, '2015-06-26', '22/06 - DEFINIR - se pode por bolso - CLIENTE - obs (Ronaldo) - 22/06 - COMPRAR - matéria prima - RONALDO - obs (não tem nem na Amália, nem na Segura).  - 22/06 -LEVAR - mat prima - Amália - obs(pedir p/ ela cortar na hora bolso ou parte da frente). 22/06 - LEVAR - peça p/ bordar - CLASSE A - obs ( cor errada). - 23/06 - BUSCAR - parte bordada - CLASSE A - obs() - 23/06 - LEVAR - parte bordada - AMÁLIA - obs()', 1, '0001-01-01'),
(128, '2015-07-06', 289, 2, 45, 'V1507128', 'V', NULL, NULL, 'COM AZUL ROYAL', '0001-01-01', '0001-01-01', '0001-01-01', '0001-01-01', '0001-01-01', 5, '2015-07-31', '04/08 - ENTREGA - calça e camisa - CLIENTE - obs ()', 1, '0001-01-01'),
(129, '2015-07-06', 290, 2, 40, 'V1507129', 'V', NULL, NULL, '', '0001-01-01', '0001-01-01', '0001-01-01', '0001-01-01', '0001-01-01', 5, '2015-07-10', '10-07 - RETORNO - jaleco e calça  - SIDNEIA- obs ( )', 1, '0001-01-01'),
(130, '2015-07-06', 271, 2, 40, 'V1507130', 'V', NULL, NULL, 'OC 19553/15', '0001-01-01', '0001-01-01', '0001-01-01', '0001-01-01', '0001-01-01', 5, '2015-07-29', '29/07 - ENTREGA - previsto entrega - CLIENTE obs ()', 1, '0001-01-01'),
(131, '2015-07-07', 269, 2, 45, 'V1507131', 'V', NULL, NULL, '', '0001-01-01', '0001-01-01', '0001-01-01', '0001-01-01', '0001-01-01', 4, '2015-07-31', '28/07 - ENTREGA - cliente - ANTÔNIO - obs ()', 1, '0001-01-01'),
(133, '2015-07-14', 291, 2, 40, 'V1507133', 'V', NULL, NULL, 'UTILIZAR PRONTA ENTREGA ', '0001-01-01', '0001-01-01', '0001-01-01', '0001-01-01', '0001-01-01', 5, '2015-07-16', '16/07 - BUSCAR - camisas e calças - MAURO - obs ().16/07 - ENTREGA - calça e camisa - CLIENTE - obs (entregar no ceasa)', 1, '0001-01-01'),
(132, '2015-07-10', 169, 2, 40, 'V1507132', 'V', NULL, NULL, '', '0001-01-01', '0001-01-01', '0001-01-01', '0001-01-01', '0001-01-01', 5, '2015-07-14', '15/07 - ENTREGA - previsto entrega - CLIENTE obs ()', 1, '0001-01-01'),
(134, '2015-07-16', 287, 2, 40, 'V1507134', 'V', NULL, NULL, 'modelo pronta entrega ', '0001-01-01', '0001-01-01', '0001-01-01', '0001-01-01', '0001-01-01', 5, '2015-08-01', '20/08 -  ENTREGA  - calça e jaleco - CLIENTE - obs (disponível desde 11/08)', 1, '0001-01-01'),
(145, '2015-08-03', 287, 2, 40, 'V1508145', 'V', NULL, NULL, '', '0001-01-01', '0001-01-01', '0001-01-01', '0001-01-01', '0001-01-01', 5, '2015-08-21', '20/08 -  ENTREGA  - calça e jaleco - CLIENTE - obs (disponível desde 13/08)', 1, '2015-08-03'),
(135, '2015-07-16', 292, 2, 45, 'V1507135', 'V', NULL, NULL, '', '0001-01-01', '0001-01-01', '0001-01-01', '0001-01-01', '0001-01-01', 5, '2015-08-14', '14/08 - RETORNO  - jalecos, camisas e calças - MAURO - obs (). 14/08 - ENTRGA  -   CLIENTE - obs ()', 1, '0001-01-01'),
(136, '2015-07-21', 293, 2, 40, 'V1507136', 'V', NULL, NULL, '', '0001-01-01', '0001-01-01', '0001-01-01', '0001-01-01', '0001-01-01', 5, '2015-08-07', '14/08 - RETORNO - camisas - MAURO - obs (). 14/08 - ENTREGA - CLIENTE obs ()', 1, '2015-07-21'),
(137, '2015-07-21', 294, 2, 45, 'V1507137', 'V', NULL, NULL, '', '0001-01-01', '0001-01-01', '0001-01-01', '0001-01-01', '0001-01-01', 5, '2015-08-14', '18/09 - ENTREGA - CLIENTE', 1, '2015-07-23'),
(138, '2015-07-21', 59, 2, 40, 'V1507138', 'V', NULL, NULL, 'OC: 19677/15', '0001-01-01', '0001-01-01', '0001-01-01', '0001-01-01', '0001-01-01', 5, '2015-08-14', '07/08 - ENTREGA -calças e camisas - CLIENTE - obs ()', 1, '2015-07-22'),
(139, '2015-07-21', 59, 2, 40, 'V1507139', 'V', NULL, NULL, 'OC: 19685/15', '0001-01-01', '0001-01-01', '0001-01-01', '0001-01-01', '0001-01-01', 5, '2015-08-14', '07/08 - RETORNO - calças - MAURO - obs ()07/08 - ENTREGA -calças e camisas - CLIENTE - obs ()', 1, '2015-07-22'),
(140, '2015-07-21', 59, 2, 40, 'V1507140', 'V', NULL, NULL, 'OC: 19718/15', '0001-01-01', '0001-01-01', '0001-01-01', '0001-01-01', '0001-01-01', 5, '2015-08-14', '07/08 - RETORNO  - costura - SIDNEIA - obs (social). 07/08 - ENTREGA - camisas - CLIENTE - obs ()', 1, '2015-07-22'),
(141, '2015-07-29', 249, 2, 40, 'V1507141', 'V', NULL, NULL, '', '0001-01-01', '0001-01-01', '0001-01-01', '0001-01-01', '0001-01-01', 5, '2015-08-25', '19/08 - RETORNO - costura - MARC ANTONIO - obs (). 19/08 - ENVIO - entrega - CLIENTE - obs ()', 1, '2015-07-29'),
(142, '2015-07-29', 271, 2, 40, 'V1507142', 'V', NULL, NULL, '', '0001-01-01', '0001-01-01', '0001-01-01', '0001-01-01', '0001-01-01', 5, '2015-08-21', '21/08 - RETORNO - costura - MARCO ANTONIO - obs().', 1, '2015-07-29'),
(148, '2015-08-13', 271, 2, 40, 'V1508148', 'V', NULL, NULL, 'OC 19974/15', '0001-01-01', '0001-01-01', '0001-01-01', '0001-01-01', '0001-01-01', 4, '2015-08-28', ' 09/09 - ENTREGA -  CLIENTE - obs ()', 1, '2015-08-13'),
(143, '2015-07-29', 295, 2, 40, 'V1507143', 'V', NULL, NULL, '', '0001-01-01', '0001-01-01', '0001-01-01', '0001-01-01', '0001-01-01', 5, '2015-08-21', '28/08 - ENTREGA - CLIENTE obs ()', 1, '2015-07-31'),
(144, '2015-07-30', 260, 2, 40, 'V1507144', 'V', NULL, NULL, 'utilizar pronta entrega ', '0001-01-01', '0001-01-01', '0001-01-01', '0001-01-01', '0001-01-01', 5, '2015-07-30', '', 1, '2015-07-30'),
(154, '2015-08-17', 289, 2, 45, 'V1508154', 'V', NULL, NULL, '', '0001-01-01', '0001-01-01', '0001-01-01', '0001-01-01', '0001-01-01', 5, '2015-09-18', ' 09/09 - RETONO - costura -  ADRIANO- obs ().  09/09 - ENTREGA - CLIENTE - obs ()', 1, '2015-08-19'),
(147, '2015-08-10', 297, 2, 40, 'V1508147', 'V', NULL, NULL, '', '0001-01-01', '0001-01-01', '0001-01-01', '0001-01-01', '0001-01-01', 5, '2015-09-04', '19/08 - RETORNO - costura - CLEUBER - obs (). 19/08 - ENTREGA - CLIENTE - obs ()', 1, '2015-08-11'),
(149, '2015-08-13', 271, 2, 40, 'V1508149', 'V', NULL, NULL, 'OC 19975/15', '0001-01-01', '0001-01-01', '0001-01-01', '0001-01-01', '0001-01-01', 5, '2015-08-28', ' 09/09 - ENTREGA -  CLIENTE - obs ()', 1, '2015-08-13'),
(155, '2015-08-18', 59, 2, 40, 'V1508155', 'V', NULL, NULL, '', '0001-01-01', '0001-01-01', '0001-01-01', '0001-01-01', '0001-01-01', 5, '2015-10-16', '31/08 - RETORNO - jaquetas - MARCO ANTONIO - obs ()', 1, '2015-08-19'),
(156, '2015-08-18', 289, 2, 45, 'V1508156', 'V', NULL, NULL, '', '0001-01-01', '0001-01-01', '0001-01-01', '0001-01-01', '0001-01-01', 5, '2015-09-18', ' 09/09 - RETONO - costura -  ADRIANO- obs ().  09/09 - ENTREGA - CLIENTE - obs ()', 1, '2015-08-19'),
(146, '2015-08-10', 296, 2, 40, 'V1508146', 'V', NULL, NULL, '', '0001-01-01', '0001-01-01', '0001-01-01', '0001-01-01', '0001-01-01', 1, '2015-09-04', '28/08 - ENTREGA - CLIENTE obs ()', 1, '2015-08-11'),
(160, '2015-08-21', 289, 2, 45, 'V1508160', 'V', NULL, NULL, 'MOSAIC (são dois pedido faturar junto mas embalar separado )', '0001-01-01', '0001-01-01', '0001-01-01', '0001-01-01', '0001-01-01', 5, '2015-09-25', ' 09/09 - RETONO - costura -  ADRIANO- obs ().  09/09 - ENTREGA - CLIENTE - obs ()', 1, '2015-08-24'),
(150, '2015-08-13', 271, 2, 40, 'V1508150', 'V', NULL, NULL, 'OC 19976/15', '0001-01-01', '0001-01-01', '0001-01-01', '0001-01-01', '0001-01-01', 4, '2015-08-28', ' 09/09 - ENTREGA -  CLIENTE - obs ()', 1, '2015-08-13'),
(151, '2015-08-13', 252, 2, 45, 'V1508151', 'V', NULL, NULL, '', '0001-01-01', '0001-01-01', '0001-01-01', '0001-01-01', '0001-01-01', 5, '2015-09-01', '31/08 - RETORNO - silk -MAURO - obs ()', 1, '2015-08-13'),
(152, '2015-08-14', 289, 2, 45, 'V1508152', 'V', NULL, NULL, '', '0001-01-01', '0001-01-01', '0001-01-01', '0001-01-01', '0001-01-01', 5, '2015-09-04', ' 09/09 - RETONO - costura -  ADRIANO- obs ().  09/09 - ENTREGA - CLIENTE - obs ()', 1, '2015-08-19'),
(153, '2015-08-14', 289, 2, 45, 'V1508153', 'V', NULL, NULL, '', '0001-01-01', '0001-01-01', '0001-01-01', '0001-01-01', '0001-01-01', 5, '2015-09-04', ' 09/09 - RETONO - costura -  ADRIANO- obs ().  09/09 - ENTREGA - CLIENTE - obs ()', 1, '2015-08-19'),
(157, '2015-08-20', 299, 2, 40, 'V1508157', 'V', NULL, NULL, '', '0001-01-01', '0001-01-01', '0001-01-01', '0001-01-01', '0001-01-01', 5, '2015-09-04', '28/08 - ENTREGA - CLIENTE obs ()', 1, '2015-08-24'),
(158, '2015-08-20', 298, 2, 40, 'V1508158', 'V', NULL, NULL, '', '0001-01-01', '0001-01-01', '0001-01-01', '0001-01-01', '0001-01-01', 5, '2015-09-18', '10/09 - ENTREGA - CLIENTE - obs ()', 1, '2015-08-24'),
(159, '2015-08-21', 249, 2, 40, 'V1508159', 'V', NULL, NULL, 'OC 42218', '0001-01-01', '0001-01-01', '0001-01-01', '0001-01-01', '0001-01-01', 5, '2015-09-02', '8/09 - RETORNO - costura - MARCO ANTONIO - obs (jalecos que faltarão faixa)', 1, '2015-08-24'),
(161, '2015-08-21', 289, 2, 45, 'V1508161', 'V', NULL, NULL, 'MOSAIC (são dois pedido faturar junto mas embalar separado )', '0001-01-01', '0001-01-01', '0001-01-01', '0001-01-01', '0001-01-01', 5, '2015-09-25', ' 08/09 - RETONO - costura -  ADRIANO- obs ()', 1, '2015-08-24'),
(162, '2015-08-24', 300, 2, 46, 'V1508162', 'V', NULL, NULL, '', '0001-01-01', '0001-01-01', '0001-01-01', '0001-01-01', '0001-01-01', 5, '2015-09-25', '18/09 -  RETORNO -  costura - MARCO ANTONIO -  obs ()', 1, '2015-08-27'),
(163, '2015-08-25', 301, 2, 46, 'V1508163', 'V', NULL, NULL, '', '0001-01-01', '0001-01-01', '0001-01-01', '0001-01-01', '0001-01-01', 5, '2015-09-18', '21/09 - ENVIO - costura - CLEUBER - obs () ', 1, '2015-08-27'),
(164, '2015-08-25', 303, 2, 46, 'V1508164', 'V', NULL, NULL, '', '0001-01-01', '0001-01-01', '0001-01-01', '0001-01-01', '0001-01-01', 5, '2015-09-18', '15/09 - ENTREGA -  CLIENTE - obs ()', 1, '2015-08-27'),
(165, '2015-08-26', 302, 2, 46, 'V1508165', 'V', NULL, NULL, '', '0001-01-01', '0001-01-01', '0001-01-01', '0001-01-01', '0001-01-01', 5, '2015-09-25', '15-09 - RETORNO - costura - MARCOS ANTONIO - obs (). 15/09 - ENTREGA - CLIENTE - obs ()', 1, '2015-08-27'),
(166, '2015-08-27', 59, 2, 40, 'V1508166', 'V', NULL, NULL, 'OC:20058/15', '0001-01-01', '0001-01-01', '0001-01-01', '0001-01-01', '0001-01-01', 5, '2015-09-25', '18/09 - RETORNO  -  camisas e calça  - MAURO - obs (). 18/09 - ENTREGA - CLIENTE - obs ().', 1, '2015-08-27'),
(167, '2015-09-01', 59, 2, 40, 'V1509167', 'V', NULL, NULL, '', '0001-01-01', '0001-01-01', '0001-01-01', '0001-01-01', '0001-01-01', 4, '2015-09-25', '17/09 - ENTREGA - CLIENTE - obs ()', 1, '2015-09-08'),
(168, '2015-09-01', 249, 2, 40, 'V1509168', 'V', NULL, NULL, 'OC:42244', '0001-01-01', '0001-01-01', '0001-01-01', '0001-01-01', '0001-01-01', 5, '2015-09-25', '02/10 - ENTREGA CLIENTE', 1, '2015-09-08'),
(169, '2015-09-01', 134, 2, 40, 'V1509169', 'V', NULL, NULL, '', '0001-01-01', '0001-01-01', '0001-01-01', '0001-01-01', '0001-01-01', 5, '2015-09-25', '29/09 - RETORNO - camisas e calça - MAURO - obs ()', 1, '2015-09-15'),
(170, '2015-09-02', 295, 2, 40, 'V1509170', 'V', NULL, NULL, '', '0001-01-01', '0001-01-01', '0001-01-01', '0001-01-01', '0001-01-01', 5, '2015-09-25', '15/09 - ENTREGA - CLIENTE - obs ()', 1, '2015-09-11'),
(171, '2015-09-03', 305, 2, 45, 'V1509171', 'V', NULL, NULL, '', '0001-01-01', '0001-01-01', '0001-01-01', '0001-01-01', '0001-01-01', 1, '2015-09-28', '02/10 - RETORNO - costura - AMALIA - obs ().02/10 - RETORNO -calças - MAURO - obs()02/10 - ENTREGA CLIENTE', 1, '2015-09-09'),
(172, '2015-09-10', 306, 2, 45, 'V1509172', 'V', NULL, NULL, '', '0001-01-01', '0001-01-01', '0001-01-01', '0001-01-01', '0001-01-01', 3, '2015-10-02', '18/09 - RETORNO - costura -  MARCO ANTONIO obs(). 18/09 - ENTREGA - CLIENTE - obs()', 1, '2015-09-11'),
(173, '2015-09-11', 307, 2, 40, 'V1509173', 'V', NULL, NULL, '', '0001-01-01', '0001-01-01', '0001-01-01', '0001-01-01', '0001-01-01', 5, '2015-10-02', '02/10 - ENTREGA CLIENTE', 1, '2015-09-15'),
(174, '2015-09-15', 292, 2, 45, 'V1509174', 'V', NULL, NULL, '', '0001-01-01', '0001-01-01', '0001-01-01', '0001-01-01', '0001-01-01', 5, '2015-09-23', '01/10 - ENTREGA CLIENTE', 1, '2015-09-21'),
(175, '2015-09-16', 308, 2, 40, 'V1509175', 'V', NULL, NULL, '', '0001-01-01', '0001-01-01', '0001-01-01', '0001-01-01', '0001-01-01', 5, '2015-09-25', '29/09 - ENTREGA - CLIENTE', 1, '2015-09-21'),
(176, '2015-09-16', 59, 2, 40, 'V1509176', 'V', NULL, NULL, '', '0001-01-01', '0001-01-01', '0001-01-01', '0001-01-01', '0001-01-01', 5, '2015-09-30', '01/10 - RETORNO - costura - AMALIA - obs ().02/10 - ENTREGA CLIENTE', 1, '2015-09-21'),
(177, '2015-09-16', 309, 2, 40, 'V1509177', 'V', NULL, NULL, '', '0001-01-01', '0001-01-01', '0001-01-01', '0001-01-01', '0001-01-01', 5, '2015-10-02', '26/10 - RETORNO - costura - MARCOS ANTONIO - obs()', 1, '2015-10-05'),
(178, '2015-09-18', 249, 2, 40, 'V1509178', 'V', NULL, NULL, 'OC:42319', '0001-01-01', '0001-01-01', '0001-01-01', '0001-01-01', '0001-01-01', 5, '2015-10-09', '02/10 - RETORNO - costura - MARCO ANTONIO - obs( jeans )', 1, '2015-09-21'),
(179, '2015-09-18', 249, 2, 40, 'V1509179', 'V', NULL, NULL, 'OC:42318', '0001-01-01', '0001-01-01', '0001-01-01', '0001-01-01', '0001-01-01', 5, '2015-10-09', ' ', 1, '2015-09-21'),
(180, '2015-09-18', 280, 2, 46, 'V1509180', 'V', NULL, NULL, '', '0001-01-01', '0001-01-01', '0001-01-01', '0001-01-01', '0001-01-01', 5, '2015-10-09', '13/10 - RETORNO -costura - MARCO ANTONIO - obs (12 calças ) ', 1, '2015-09-22'),
(181, '2015-09-22', 310, 2, 47, 'V1509181', 'V', NULL, NULL, '', '0001-01-01', '0001-01-01', '0001-01-01', '0001-01-01', '0001-01-01', 5, '2015-10-09', ' ', 1, '2015-09-29'),
(213, '2015-10-29', 260, 2, 40, 'V1510213', 'V', NULL, NULL, '', '0001-01-01', '0001-01-01', '0001-01-01', '0001-01-01', '0001-01-01', 8, '2015-11-20', '  ', 1, '2015-10-29'),
(182, '2015-09-23', 311, 2, 45, 'V1509182', 'V', NULL, NULL, '', '0001-01-01', '0001-01-01', '0001-01-01', '0001-01-01', '0001-01-01', 1, '2015-09-30', '', 1, '2015-09-24'),
(183, '2015-09-24', 312, 2, 40, 'V1509183', 'V', NULL, NULL, '', '0001-01-01', '0001-01-01', '0001-01-01', '0001-01-01', '0001-01-01', 5, '2015-10-09', '02/10 - ENTREGA CLIENTE', 1, '2015-09-28'),
(184, '2015-09-28', 313, 2, 40, 'V1509184', 'V', NULL, NULL, '', '0001-01-01', '0001-01-01', '0001-01-01', '0001-01-01', '0001-01-01', 5, '2015-10-16', '01/10 - RETORNO - costura - CLEUBER - obs (). 02/10 - ENTREGA CLIENTE', 1, '2015-09-29'),
(185, '2015-09-28', 271, 2, 40, 'V1509185', 'V', NULL, NULL, '', '0001-01-01', '0001-01-01', '0001-01-01', '0001-01-01', '0001-01-01', 5, '2015-09-25', '19/10 - ENTREGA CLIENTE', 1, '2015-09-29'),
(201, '2015-10-15', 294, 2, 45, 'V1510201', 'V', NULL, NULL, '', '0001-01-01', '0001-01-01', '0001-01-01', '0001-01-01', '0001-01-01', 5, '2015-10-30', '26/10 - RETORNO - corte - AMALIA - obs(bolso). 26-10 - ENVIAR -bolsos - CLASSE A - obs (bolsos)', 1, '2015-10-20'),
(186, '2015-09-29', 314, 2, 40, 'V1509186', 'V', NULL, NULL, '', '0001-01-01', '0001-01-01', '0001-01-01', '0001-01-01', '0001-01-01', 3, '2015-10-06', '08/10 - RETORNO - costura - AMALIA - obs (camisas)', 1, '2015-09-29'),
(214, '2015-10-29', 319, 2, 40, 'V1510214', 'V', NULL, NULL, '', '0001-01-01', '0001-01-01', '0001-01-01', '0001-01-01', '0001-01-01', 4, '2015-11-20', ' ', 1, '2015-10-29'),
(202, '2015-10-15', 249, 2, 40, 'V1510202', 'V', NULL, NULL, 'VIA 040 - OC 42429', '0001-01-01', '0001-01-01', '0001-01-01', '0001-01-01', '0001-01-01', 5, '2015-11-06', ' ', 1, '2015-10-23'),
(187, '2015-09-29', 249, 2, 40, 'V1509187', 'V', NULL, NULL, '', '0001-01-01', '0001-01-01', '0001-01-01', '0001-01-01', '0001-01-01', 5, '2015-10-09', ' ', 1, '2015-10-05'),
(188, '2015-09-30', 313, 2, 40, 'V1509188', 'V', NULL, NULL, '', '0001-01-01', '0001-01-01', '0001-01-01', '0001-01-01', '0001-01-01', 5, '2015-10-05', '07/10 - ENTREGA CLIENTE', 1, '2015-10-01'),
(189, '2015-09-22', 315, 2, 47, 'V1509189', 'V', NULL, NULL, '', '0001-01-01', '0001-01-01', '0001-01-01', '0001-01-01', '0001-01-01', 5, '2015-10-09', ' ', 1, '2015-10-01'),
(190, '2015-09-30', 316, 2, 46, 'V1509190', 'V', NULL, NULL, '', '0001-01-01', '0001-01-01', '0001-01-01', '0001-01-01', '0001-01-01', 5, '2015-10-27', '26/10 - PREVISÃO DE CHEGADA na Segura DE TECIDO - obs(brim leve azul royal)', 1, '2015-10-05'),
(191, '2015-10-02', 296, 2, 40, 'V1510191', 'V', NULL, NULL, '', '0001-01-01', '0001-01-01', '0001-01-01', '0001-01-01', '0001-01-01', 5, '2015-10-13', ' ', 1, '2015-10-13'),
(192, '2015-10-02', 317, 2, 46, 'V1510192', 'V', NULL, NULL, '', '0001-01-01', '0001-01-01', '0001-01-01', '0001-01-01', '0001-01-01', 5, '2015-10-28', ' 27/10 - RETORNO - costura - CLEUBER - obs ()', 1, '2015-10-05'),
(193, '2015-10-02', 274, 2, 46, 'V1510193', 'V', NULL, NULL, 'VITAL', '0001-01-01', '0001-01-01', '0001-01-01', '0001-01-01', '0001-01-01', 5, '2015-10-16', 'DESDE???AGUARDANDO RETORNO DO RAFAEL', 1, '2015-10-05'),
(194, '2015-10-05', 289, 2, 45, 'V1510194', 'V', NULL, NULL, 'RONDONÓPOLIS - Endereço de entrega : AV. Amazonas N°641, 14° andar sala 14; centro (Belo Horizonte ', '0001-01-01', '0001-01-01', '0001-01-01', '0001-01-01', '0001-01-01', 5, '2015-10-23', '?30/10 - ENTREGA CLIENTE ', 1, '2015-10-13'),
(195, '2015-10-05', 289, 2, 45, 'V1510195', 'V', NULL, NULL, 'TAPIRA - Endereço de entrega : Rodovia MGC, 146; fazenda Boa Vista KM 196,5 s/n° zona rural - tapira', '0001-01-01', '0001-01-01', '0001-01-01', '0001-01-01', '0001-01-01', 5, '2015-10-23', '26/10 - RETORNO - costura - SIDNEIA - obs(). 30/10 - ENTREGA CLIENTE', 1, '2015-10-13'),
(196, '2015-10-05', 289, 2, 45, 'V1510196', 'V', NULL, NULL, 'REGAP - Endereço de entrega : AV. Refinaria Gabriel Passos, n°690. Distrito Industrial Paulo Camilo ', '0001-01-01', '0001-01-01', '0001-01-01', '0001-01-01', '0001-01-01', 5, '2015-10-23', '???22/10 - RETORNO - costura - MARCO ANTONIO - obs()', 1, '2015-10-19'),
(197, '2015-10-05', 289, 2, 45, 'V1510197', 'V', NULL, NULL, 'CATALÃO - Endereço de entrega: Etl Vale CMC-fazenda chapadão s/nº, zona rural Catalão-GO cep 75.701-', '0001-01-01', '0001-01-01', '0001-01-01', '0001-01-01', '0001-01-01', 5, '2015-10-23', '???22/10 - RETORNO - costura - AMÁLIA - obs(). 22/10 - RETORNO - costura - MARCO ANTONIO - obs()', 1, '2015-10-19'),
(198, '2015-10-05', 289, 2, 45, 'V1510198', 'V', NULL, NULL, 'ARAXÁ - Endereço de entrega : AV. Arafértil, n°500 Araxá - mg ETAL VALE CMA', '0001-01-01', '0001-01-01', '0001-01-01', '0001-01-01', '0001-01-01', 5, '2015-10-23', '???', 1, '2015-10-19'),
(199, '2015-10-06', 289, 2, 45, 'V1510199', 'V', NULL, NULL, 'UBERABA - Endereço de entrega : Estrada da cana km 11 s/n°, Distrito industrial III - Uberaba - MG', '0001-01-01', '0001-01-01', '0001-01-01', '0001-01-01', '0001-01-01', 5, '2015-10-23', '???', 1, '2015-10-20'),
(200, '2015-10-06', 289, 2, 45, 'V1510200', 'V', NULL, NULL, 'MATRIZ - Endereço de entrega : AV. Amazonas N°641, 14° andar sala 14; centro (Belo Horizonte ', '0001-01-01', '0001-01-01', '0001-01-01', '0001-01-01', '0001-01-01', 5, '2015-10-23', '???', 1, '2015-10-20'),
(203, '2015-10-15', 249, 2, 40, 'V1510203', 'V', NULL, NULL, 'OC:42402', '0001-01-01', '0001-01-01', '0001-01-01', '0001-01-01', '0001-01-01', 5, '2015-11-06', 'tecido e pedido esta com marco antonio falta definir data de retorno de costura e que vai falta de jeans ', 1, '2015-10-23'),
(212, '2015-10-29', 308, 2, 40, 'V1510212', 'V', NULL, NULL, 'urgente TIPO PRONTA ENTREGA', '0001-01-01', '0001-01-01', '0001-01-01', '0001-01-01', '0001-01-01', 5, '2015-10-31', '', 1, '2015-10-29'),
(204, '2015-10-19', 318, 2, 45, 'V1510204', 'V', NULL, NULL, '', '0001-01-01', '0001-01-01', '0001-01-01', '0001-01-01', '0001-01-01', 5, '2015-11-06', '30/10 - RETORNO -costura - AMALIA - obs()', 1, '2015-10-20'),
(205, '2015-10-20', 249, 2, 40, 'V1510205', 'V', NULL, NULL, 'OC:42398', '0001-01-01', '0001-01-01', '0001-01-01', '0001-01-01', '0001-01-01', 5, '2015-11-06', 'brim ja esta com marco antonio falta enviar tricoline e definir data de retorno de costura ', 1, '2015-10-23'),
(206, '2015-10-21', 271, 2, 40, 'V1510206', 'V', NULL, NULL, 'OC:20532/15', '0001-01-01', '0001-01-01', '0001-01-01', '0001-01-01', '0001-01-01', 5, '2015-11-05', '__/__ - RETORNO-GORETE-JAQUETAS-OBS()', 1, '2015-10-23'),
(207, '2015-10-22', 305, 2, 45, 'V1510207', 'V', NULL, NULL, '', '0001-01-01', '0001-01-01', '0001-01-01', '0001-01-01', '0001-01-01', 5, '2015-11-06', 'tecido e pedido já estão com a Amalia, o silvio vai silk, falta definir data de retorno de costura com a Amalia', 1, '2015-10-23'),
(211, '2015-10-28', 252, 2, 45, 'V1510211', 'V', NULL, NULL, '', '0001-01-01', '0001-01-01', '0001-01-01', '0001-01-01', '0001-01-01', 8, '2015-11-05', ' ', 1, '2015-10-28'),
(208, '2015-10-26', 310, 2, 47, 'V1510208', 'V', NULL, NULL, '2º ETAPA', '0001-01-01', '0001-01-01', '0001-01-01', '0001-01-01', '0001-01-01', 5, '2015-10-26', '', 1, '2015-10-29'),
(209, '2015-10-26', 249, 2, 40, 'V1510209', 'V', NULL, NULL, 'PARTE OC 42318', '0001-01-01', '0001-01-01', '0001-01-01', '0001-01-01', '0001-01-01', 5, '2015-11-25', '', 1, '2015-10-27'),
(210, '2015-10-26', 249, 2, 40, 'V1510210', 'V', NULL, NULL, 'oc 42440', '0001-01-01', '0001-01-01', '0001-01-01', '0001-01-01', '0001-01-01', 5, '2015-11-25', '', 1, '2015-10-29'),
(216, '2015-11-03', 272, 2, 40, 'V1511216', 'V', NULL, NULL, 'PEDIDOS AVULSOS', '0001-01-01', '0001-01-01', '0001-01-01', '0001-01-01', '0001-01-01', 8, '2015-11-06', ' ', 1, '2015-11-03'),
(217, '2015-11-03', 274, 2, 40, 'V1511217', 'V', NULL, NULL, 'URBTOPO', '0001-01-01', '0001-01-01', '0001-01-01', '0001-01-01', '0001-01-01', 8, '2015-11-06', ' ', 1, '2015-11-04'),
(231, '2015-11-18', 274, 2, 45, 'V1511231', 'V', NULL, NULL, 'PLACAS NORONHA', '0001-01-01', '0001-01-01', '0001-01-01', '0001-01-01', '0001-01-01', 8, '2015-11-20', '', 1, '2015-11-18'),
(218, '2015-11-05', 320, 2, 40, 'V1511218', 'V', NULL, NULL, 'PEÇAS PRODUZIDAS A MAIS P/EBL S/SILK TIPO P ENTREGA ', '0001-01-01', '0001-01-01', '0001-01-01', '0001-01-01', '0001-01-01', 8, '2015-11-30', '', 1, '0001-01-01'),
(230, '2015-11-17', 323, 8, 40, 'V1511230', 'V', NULL, NULL, '', '0001-01-01', '0001-01-01', '0001-01-01', '0001-01-01', '0001-01-01', 1, '2015-11-20', '', 1, '0001-01-01'),
(219, '2015-11-06', 321, 2, 40, 'V1511219', 'V', NULL, NULL, '', '0001-01-01', '0001-01-01', '0001-01-01', '0001-01-01', '0001-01-01', 8, '2015-11-11', ' ', 1, '2015-11-06'),
(220, '2015-11-05', 289, 2, 45, 'V1511220', 'V', NULL, NULL, 'ADM/MOSAIC - Endereço de entrega : AV. Amazonas N°641, 14° andar sala 14; centro (Belo Horizonte ', '0001-01-01', '0001-01-01', '0001-01-01', '0001-01-01', '0001-01-01', 8, '2015-10-23', ' retrabalho', 1, '2015-11-09'),
(221, '2015-11-05', 289, 2, 45, 'V1511221', 'V', NULL, NULL, 'TAPIRA - Endereço de entrega : Rodovia MGC, 146; fazenda Boa Vista KM 196,5 s/n° zona rural - Tapira', '0001-01-01', '0001-01-01', '0001-01-01', '0001-01-01', '0001-01-01', 8, '2015-10-23', '2 adm?', 1, '2015-11-09'),
(222, '2015-11-05', 289, 2, 45, 'V1511222', 'V', NULL, NULL, 'REGAP - Endereço de entrega : AV. Refinaria Gabriel Passos, n°690. Distrito Industrial Paulo Camilo ', '0001-01-01', '0001-01-01', '0001-01-01', '0001-01-01', '0001-01-01', 8, '2015-10-23', ' ', 1, '2015-11-09'),
(223, '2015-11-05', 289, 2, 45, 'V1511223', 'V', NULL, NULL, 'CATALÃO - Endereço de entrega: Etl Vale CMC-fazenda chapadão s/nº, zona rural Catalão-GO cep 75.701-', '0001-01-01', '0001-01-01', '0001-01-01', '0001-01-01', '0001-01-01', 8, '2015-10-23', ' retrabalho', 1, '2015-11-09'),
(229, '2015-11-10', 322, 2, 45, 'V1511229', 'V', NULL, NULL, '', '0001-01-01', '0001-01-01', '0001-01-01', '0001-01-01', '0001-01-01', 7, '2015-11-30', '06/01 quarta', 1, '2015-11-17'),
(224, '2015-11-05', 289, 2, 45, 'V1511224', 'V', NULL, NULL, 'ARAXÁ - Endereço de entrega : AV. Arafértil, n°500 Araxá - mg ETAL VALE CMA', '0001-01-01', '0001-01-01', '0001-01-01', '0001-01-01', '0001-01-01', 8, '2015-10-23', ' ', 1, '2015-11-09'),
(228, '2015-11-09', 306, 2, 45, 'V1511228', 'V', NULL, NULL, '', '0001-01-01', '0001-01-01', '0001-01-01', '0001-01-01', '0001-01-01', 8, '2015-11-27', '', 1, '2015-11-09'),
(232, '2015-11-17', 325, 8, 45, 'V1511232', 'V', NULL, NULL, '', '0001-01-01', '0001-01-01', '0001-01-01', '0001-01-01', '0001-01-01', 1, '2015-11-30', '', 1, '0001-01-01'),
(226, '2015-11-05', 289, 2, 45, 'V1511226', 'V', NULL, NULL, 'UBERABA - Endereço de entrega : Estrada da cana km 11 s/n°, Distrito industrial III - Uberaba - MG', '0001-01-01', '0001-01-01', '0001-01-01', '0001-01-01', '0001-01-01', 8, '2015-10-23', '2 adm?', 1, '2015-11-09'),
(227, '2015-11-05', 289, 2, 45, 'V1511227', 'V', NULL, NULL, 'MATRIZ - Endereço de entrega : AV. Amazonas N°641, 14° andar sala 14; centro (Belo Horizonte ', '0001-01-01', '0001-01-01', '0001-01-01', '0001-01-01', '0001-01-01', 8, '2015-10-23', ' ', 1, '2015-11-09'),
(233, '2015-11-16', 309, 2, 40, 'V1511233', 'V', NULL, NULL, 'PILOTO TAMANHOS', '0001-01-01', '0001-01-01', '0001-01-01', '0001-01-01', '0001-01-01', 8, '2015-11-30', 'MP? aguardando numeração cliente', 1, '2015-11-23'),
(234, '2015-11-17', 324, 2, 40, 'V1511234', 'V', NULL, NULL, '', '0001-01-01', '0001-01-01', '0001-01-01', '0001-01-01', '0001-01-01', 1, '2015-11-19', '', 1, '2015-11-24'),
(235, '2015-11-12', 289, 2, 45, 'V1511235', 'V', NULL, NULL, 'adm', '0001-01-01', '0001-01-01', '0001-01-01', '0001-01-01', '0001-01-01', 8, '2015-12-07', '', 1, '2015-11-23'),
(236, '2015-11-23', 249, 2, 40, 'V1511236', 'V', NULL, NULL, '', '0001-01-01', '0001-01-01', '0001-01-01', '0001-01-01', '0001-01-01', 8, '2015-11-27', 'PRONTO', 1, '2015-12-04'),
(237, '2015-11-17', 325, 2, 45, 'V1511237', 'V', NULL, NULL, '', '0001-01-01', '0001-01-01', '0001-01-01', '0001-01-01', '0001-01-01', 8, '2015-12-17', 'embalando', 1, '2015-11-26'),
(238, '2015-11-18', 249, 2, 40, 'V1511238', 'V', NULL, NULL, '', '0001-01-01', '0001-01-01', '0001-01-01', '0001-01-01', '0001-01-01', 4, '2015-12-18', 'PRONTO', 1, '2015-12-04'),
(239, '2015-11-26', 252, 2, 45, 'V1511239', 'V', NULL, NULL, '', '0001-01-01', '0001-01-01', '0001-01-01', '0001-01-01', '0001-01-01', 8, '2015-12-15', 'foi no vale', 1, '2015-11-26'),
(240, '2015-11-26', 327, 2, 45, 'V1511240', 'V', NULL, NULL, 'CHIMENE (CONSTRUSIL)', '0001-01-01', '0001-01-01', '0001-01-01', '0001-01-01', '0001-01-01', 8, '2015-12-20', '', 1, '2015-11-27');
INSERT INTO `pedidos` (`id`, `data_criacao`, `clientes_id`, `status_id`, `vendedor_id`, `numero`, `tipo`, `contato`, `telefone`, `obs`, `data_conclusao`, `data_faturamento`, `data_entrega`, `data_pgto`, `data_agenda`, `aba_andamento`, `data_previsao_entrega`, `obs_dia`, `tipo_tamanho`, `data_start_fluxo`) VALUES
(241, '2015-11-27', 329, 2, 46, 'V1511241', 'V', NULL, NULL, '', '0001-01-01', '0001-01-01', '0001-01-01', '0001-01-01', '0001-01-01', 8, '2015-12-20', 'Estq P.Entrega', 1, '2015-12-01'),
(242, '2015-11-27', 329, 2, 46, 'V1511242', 'V', NULL, NULL, '', '0001-01-01', '0001-01-01', '0001-01-01', '0001-01-01', '0001-01-01', 8, '2015-12-20', '', 1, '2015-12-01'),
(246, '2015-12-04', 252, 2, 45, 'V1512246', 'V', NULL, NULL, '', '0001-01-01', '0001-01-01', '0001-01-01', '0001-01-01', '0001-01-01', 1, '2015-12-11', 'silk', 1, '2015-12-07'),
(243, '2015-12-02', 325, 2, 45, 'V1512243', 'V', '', '', '', '0001-01-01', '0001-01-01', '0001-01-01', '0001-01-01', '0001-01-01', 8, '2015-12-22', '', 1, '2016-01-05'),
(244, '2015-12-03', 308, 2, 40, 'V1512244', 'V', NULL, NULL, '', '0001-01-01', '0001-01-01', '0001-01-01', '0001-01-01', '0001-01-01', 8, '2016-01-20', 'costura', 1, '2015-12-07'),
(245, '2015-12-03', 325, 8, 40, 'V1512245', 'V', NULL, NULL, '', '0001-01-01', '0001-01-01', '0001-01-01', '0001-01-01', '0001-01-01', 1, '2016-01-07', 'ESPERANDO AMOSTRA', 1, '0001-01-01'),
(247, '2015-12-04', 325, 2, 45, 'V1512247', 'V', NULL, NULL, '', '0001-01-01', '0001-01-01', '0001-01-01', '0001-01-01', '0001-01-01', 8, '2015-12-18', 'embalando', 1, '2015-12-21'),
(248, '2015-12-04', 309, 2, 40, 'V1512248', 'V', NULL, NULL, '', '0001-01-01', '0001-01-01', '0001-01-01', '0001-01-01', '0001-01-01', 2, '2015-12-25', 'quinta 07-01botão ', 1, '2015-12-21'),
(249, '2015-12-05', 289, 2, 45, 'V1512249', 'V', NULL, NULL, 'ADM/MOSAIC - Endereço de entrega : AV. Amazonas N°641, 14° andar sala 14; centro (Belo Horizonte ', '0001-01-01', '0001-01-01', '0001-01-01', '0001-01-01', '0001-01-01', 2, '2015-12-05', 'jalecos e malha costurando(28/12 acabamento), toucas prontas, calças MP (brim cinza pesado), camisa corte( 22/12 bordar)', 1, '2015-12-10'),
(250, '2015-12-05', 289, 2, 45, 'V1511250', 'V', NULL, NULL, 'TAPIRA - Endereço de entrega : Rodovia MGC, 146; fazenda Boa Vista KM 196,5 s/n° zona rural - Tapira', '0001-01-01', '0001-01-01', '0001-01-01', '0001-01-01', '0001-01-01', 2, '2015-12-05', '.05-01', 1, '2015-12-10'),
(251, '2015-12-05', 289, 2, 45, 'V1511251', 'V', NULL, NULL, 'REGAP - Endereço de entrega : AV. Refinaria Gabriel Passos, n°690. Distrito Industrial Paulo Camilo ', '0001-01-01', '0001-01-01', '0001-01-01', '0001-01-01', '0001-01-01', 5, '2015-12-05', '', 1, '2015-12-10'),
(252, '2015-12-05', 289, 2, 45, 'V1512252', 'V', NULL, NULL, 'CATALÃO - RODONAVES: Etl Vale CMC-fazenda chapadão s/nº, zona rural Catalão-GO cep 75.701-', '0001-01-01', '0001-01-01', '0001-01-01', '0001-01-01', '0001-01-01', 5, '2015-12-05', '.', 1, '2015-12-10'),
(253, '2015-12-05', 289, 2, 45, 'V1512253', 'V', NULL, NULL, 'ARAXÁ -RODONAVES : AV. Arafértil, n°500 Araxá - mg ETAL VALE CMA', '0001-01-01', '0001-01-01', '0001-01-01', '0001-01-01', '0001-01-01', 2, '2015-12-05', ' ', 1, '0001-01-01'),
(254, '2015-12-05', 289, 2, 45, 'V1512254', 'V', NULL, NULL, 'UBERABA - Endereço de entrega : Estrada da cana km 11 s/n°, Distrito industrial III - Uberaba - MG', '0001-01-01', '0001-01-01', '0001-01-01', '0001-01-01', '0001-01-01', 4, '2015-12-05', '.', 1, '2015-12-10'),
(255, '2015-12-05', 289, 2, 45, 'V1512255', 'V', NULL, NULL, 'MATRIZ - Endereço de entrega : AV. Amazonas N°641, 14° andar sala 14; centro (Belo Horizonte ', '0001-01-01', '0001-01-01', '0001-01-01', '0001-01-01', '0001-01-01', 4, '2015-12-05', ' ', 1, '2015-12-10'),
(256, '2015-12-05', 289, 8, 45, 'V1512256', 'V', NULL, NULL, 'adm', '0001-01-01', '0001-01-01', '0001-01-01', '0001-01-01', '0001-01-01', 3, '2015-12-05', '', 1, '0001-01-01'),
(257, '2015-12-10', 330, 2, 46, 'V1512257', 'V', NULL, NULL, '23425', '0001-01-01', '0001-01-01', '0001-01-01', '0001-01-01', '0001-01-01', 1, '2015-12-30', 'corte', 1, '2015-12-21'),
(258, '2015-12-10', 330, 2, 46, 'V1512258', 'V', NULL, NULL, '23446', '0001-01-01', '0001-01-01', '0001-01-01', '0001-01-01', '0001-01-01', 1, '2015-12-31', '', 1, '2015-12-21'),
(259, '2015-12-10', 330, 2, 46, 'V1512259', 'V', NULL, NULL, '23427', '0001-01-01', '0001-01-01', '0001-01-01', '0001-01-01', '0001-01-01', 1, '2015-12-30', '', 1, '2015-12-21'),
(260, '2015-12-11', 236, 2, 40, 'V1512260', 'V', NULL, NULL, '', '0001-01-01', '0001-01-01', '0001-01-01', '0001-01-01', '0001-01-01', 8, '2015-12-25', 'entregue', 1, '2015-12-11'),
(261, '2015-12-11', 271, 2, 40, 'V1512261', 'V', NULL, NULL, 'CONFECCIONAR UMA AMAIS PARA AMOSTRA', '0001-01-01', '0001-01-01', '0001-01-01', '0001-01-01', '0001-01-01', 3, '2015-12-25', 'pronto foi', 1, '2015-12-21'),
(262, '2015-12-14', 252, 2, 45, 'V1512262', 'V', NULL, NULL, '', '0001-01-01', '0001-01-01', '0001-01-01', '0001-01-01', '0001-01-01', 8, '2015-12-16', '', 1, '2015-12-14'),
(263, '2015-12-14', 236, 2, 40, 'V1512263', 'V', NULL, NULL, '', '0001-01-01', '0001-01-01', '0001-01-01', '0001-01-01', '0001-01-01', 8, '2015-12-24', 'entregue', 1, '2015-12-21'),
(264, '2015-12-15', 331, 2, 47, 'V1512264', 'V', NULL, NULL, '', '0001-01-01', '0001-01-01', '0001-01-01', '0001-01-01', '0001-01-01', 1, '2015-12-23', 'corte', 1, '2015-12-21'),
(265, '2015-12-16', 330, 2, 46, 'V1512265', 'V', NULL, NULL, '23426', '0001-01-01', '0001-01-01', '0001-01-01', '0001-01-01', '0001-01-01', 1, '2015-12-23', '', 1, '2015-12-21'),
(266, '2015-12-16', 332, 2, 40, 'V1512266', 'V', NULL, NULL, 'silvana contijo', '0001-01-01', '0001-01-01', '0001-01-01', '0001-01-01', '0001-01-01', 8, '2015-12-23', 'entregar 21/12', 1, '2015-12-21'),
(267, '2015-12-16', 59, 2, 40, 'V1512267', 'V', NULL, NULL, '', '0001-01-01', '0001-01-01', '0001-01-01', '0001-01-01', '0001-01-01', 3, '2015-12-23', 'pronto', 1, '2015-12-21'),
(268, '2015-12-17', 289, 2, 45, 'V1512268', 'V', NULL, NULL, 'UBERABA - Endereço de entrega : Estrada da cana km 11 s/n°, Distrito industrial III - Uberaba - MG', '0001-01-01', '0001-01-01', '0001-01-01', '0001-01-01', '0001-01-01', 2, '2015-12-23', '', 1, '2015-12-21'),
(269, '2015-12-22', 264, 2, 45, 'V1512269', 'V', '', '', '', '0001-01-01', '0001-01-01', '0001-01-01', '0001-01-01', '0001-01-01', 8, '2015-12-07', '0', 1, '0001-01-01'),
(270, '2016-01-06', 289, 8, 45, 'V1601270', 'V', '', '', 'ADM/MOSAIC - Endereço de entrega : AV. Amazonas N°641, 14° andar sala 14; centro (Belo Horizonte ', '0001-01-01', '0001-01-01', '0001-01-01', '0001-01-01', '0001-01-01', 3, '2016-02-06', '', 1, '0001-01-01'),
(271, '2016-01-07', 236, 8, 40, 'V1601271', 'V', '', '', '', '0001-01-01', '0001-01-01', '0001-01-01', '0001-01-01', '0001-01-01', 0, '2016-01-07', '', 1, '0001-01-01'),
(272, '2016-01-07', 236, 2, 40, 'V1601272', 'V', '', '', 'OC 15911', '0001-01-01', '0001-01-01', '0001-01-01', '0001-01-01', '0001-01-01', 8, '2016-01-15', 'entregar 19-01', 1, '0001-01-01'),
(273, '2016-01-07', 249, 2, 40, 'V16010', 'V', '', '', 'OC 42755', '0001-01-01', '0001-01-01', '0001-01-01', '0001-01-01', '0001-01-01', 7, '2016-02-06', ' ', 1, '0001-01-01'),
(274, '2016-01-07', 236, 2, 40, 'V1601274', 'V', '', '', 'OC 2196', '0001-01-01', '0001-01-01', '0001-01-01', '0001-01-01', '0001-01-01', 2, '2016-01-15', 'entregar 19-01', 1, '0001-01-01'),
(275, '2016-01-08', 333, 2, 40, 'V1601275', 'V', '', '', '', '0001-01-01', '0001-01-01', '0001-01-01', '0001-01-01', '0001-01-01', 8, '2016-02-07', '25/01-SEGURA-CONFERENCIA', 1, '0001-01-01'),
(279, '2016-01-08', 144, 2, 40, 'V1601279', 'V', '', '', 'RIO ESPERA (SILK ART NOVA)', '0001-01-01', '0001-01-01', '0001-01-01', '0001-01-01', '0001-01-01', 4, '2016-02-07', '29-01-entregar', 1, '0001-01-01'),
(276, '2016-01-08', 144, 2, 40, 'V16010', 'V', '', '', 'CONGONHAS', '0001-01-01', '0001-01-01', '0001-01-01', '0001-01-01', '0001-01-01', 8, '2016-02-07', '29/01-entregar', 1, '0001-01-01'),
(277, '2016-01-08', 144, 2, 40, 'V16010', 'V', '', '', 'OURO BRANCO', '0001-01-01', '0001-01-01', '0001-01-01', '0001-01-01', '0001-01-01', 8, '2016-02-07', '29/01-entregar', 1, '0001-01-01'),
(278, '2016-01-08', 144, 2, 40, 'V16010', 'V', '', '', 'LAFAIETE', '0001-01-01', '0001-01-01', '0001-01-01', '0001-01-01', '0001-01-01', 8, '2016-02-07', '29/01-entregar', 1, '0001-01-01'),
(280, '2016-01-08', 144, 8, 40, 'V1601280', 'V', '', '', 'RIO ESPERA', '0001-01-01', '0001-01-01', '0001-01-01', '0001-01-01', '0001-01-01', 0, '2016-02-07', '', 1, '0001-01-01'),
(281, '2016-01-08', 289, 8, 45, 'V1601281', 'V', '', '', 'RODOVIA MGC,146 FAZENDA BOA VISTA  KM 196,5 S/N    ZONA RURAL- TAPIRA MG CEP 38185000.    ANDREIA', '0001-01-01', '0001-01-01', '0001-01-01', '0001-01-01', '0001-01-01', 0, '2016-02-07', '', 1, '0001-01-01'),
(282, '2016-01-08', 289, 8, 45, 'V1601282', 'V', '', '', 'ADM / MOSAIC Endereço de entrega:AV. Amazonas N: 641,14º andar sala 14; centro (Belo Horizonte)', '0001-01-01', '0001-01-01', '0001-01-01', '0001-01-01', '0001-01-01', 0, '2016-02-02', '', 1, '0001-01-01'),
(283, '2016-01-08', 289, 2, 45, 'V16010', 'V', '', '', 'ADM/MOSAIC - Endereço de entrega : AV. Amazonas N°641, 14° andar sala 14; centro (Belo Horizonte ', '0001-01-01', '0001-01-01', '0001-01-01', '0001-01-01', '0001-01-01', 4, '2016-02-02', '01/02-M.A-RETORNO-COSTURA', 1, '0001-01-01'),
(284, '2016-01-08', 289, 2, 45, 'V16010', 'V', '', '', 'TAPIRA - Endereço de entrega : Rodovia MGC, 146; fazenda Boa Vista KM 196,5 s/n° zona rural - Tapira', '0001-01-01', '0001-01-01', '0001-01-01', '0001-01-01', '0001-01-01', 4, '2016-02-02', '01/02-IDEM', 1, '0001-01-01'),
(285, '2016-01-08', 289, 2, 45, 'V16010', 'V', '', '', 'REGAP - Endereço de entrega : AV. Refinaria Gabriel Passos, n°690. Distrito Industrial Paulo Camilo ', '0001-01-01', '0001-01-01', '0001-01-01', '0001-01-01', '0001-01-01', 4, '2016-02-07', '01/02-IDEM', 1, '0001-01-01'),
(286, '2016-01-08', 289, 2, 45, 'V1601286', 'V', '', '', 'MOSAIC/CATALÃO - RODONAVES: Etl Vale CMC-fazenda chapadão s/nº, zona rural Catalão-GO cep 75.701-', '0001-01-01', '0001-01-01', '0001-01-01', '0001-01-01', '0001-01-01', 4, '2016-02-02', '01/02-IDEM', 1, '0001-01-01'),
(287, '2016-01-08', 289, 2, 45, 'V1601287', 'V', '', '', 'ARAXÁ -RODONAVES : AV. Arafértil, n°500 Araxá - mg ETAL VALE CMA', '0001-01-01', '0001-01-01', '0001-01-01', '0001-01-01', '0001-01-01', 8, '2016-02-02', '01/02-IDEM', 1, '0001-01-01'),
(288, '2016-01-11', 289, 2, 45, 'V1601288', 'V', '', '', 'UBERABA - Endereço de entrega : Estrada da cana km 11 s/n°, Distrito industrial III - Uberaba - MG', '0001-01-01', '0001-01-01', '0001-01-01', '0001-01-01', '0001-01-01', 4, '2016-02-10', '01/02-IDEM', 1, '0001-01-01'),
(289, '2016-01-12', 252, 2, 45, 'V1601289', 'V', '', '', 'OBRA RESIDENCIAL MONTE CASTELO', '0001-01-01', '0001-01-01', '0001-01-01', '0001-01-01', '0001-01-01', 8, '2016-02-11', '25/01-CONFERENCIA-ENTREGA', 1, '0001-01-01'),
(290, '2016-01-10', 272, 8, 40, 'V1601290', 'V', '', '', 'PEDIDOS AVULSOS', '0001-01-01', '0001-01-01', '0001-01-01', '0001-01-01', '0001-01-01', 5, '2016-02-13', '28/1-CONFERENCIA', 1, '0001-01-01'),
(291, '2016-01-13', 272, 2, 40, 'V16010', 'V', '', '', 'PEDIDOS AVULSOS', '0001-01-01', '0001-01-01', '0001-01-01', '0001-01-01', '0001-01-01', 8, '2016-02-12', '22/01-ADILSON-VER QTDE MATHEUS-sobra MP', 1, '0001-01-01'),
(292, '2016-01-13', 236, 2, 40, 'V16010', 'V', '', '', 'OC 16118', '0001-01-01', '0001-01-01', '0001-01-01', '0001-01-01', '0001-01-01', 8, '2016-02-12', '21/01-CONFERENCIA-', 1, '0001-01-01'),
(293, '2016-01-13', 150, 1, 40, 'V1601293', 'V', '', '', '', '0001-01-01', '0001-01-01', '0001-01-01', '0001-01-01', '0001-01-01', 1, '2016-02-12', 'RENATO', 1, '0001-01-01'),
(294, '2016-01-14', 334, 2, 40, 'V16010', 'V', '', '', 'PAGAMENTO 28/56', '0001-01-01', '0001-01-01', '0001-01-01', '0001-01-01', '0001-01-01', 8, '2016-02-13', '20/01-PE', 1, '0001-01-01'),
(295, '2016-01-14', 59, 8, 40, 'V1601295', 'V', '', '', 'TERRAÇO COMSA OC 21197 CARAJAS', '0001-01-01', '0001-01-01', '0001-01-01', '0001-01-01', '0001-01-01', 0, '2016-01-29', '', 1, '0001-01-01'),
(305, '2016-02-03', 252, 2, 45, 'V1602305', 'V', '', '', '', '0001-01-01', '0001-01-01', '0001-01-01', '0001-01-01', '0001-01-01', 8, '2016-03-04', '16/02-M.A-RETORNO-COSTURA', 1, '0001-01-01'),
(302, '2016-02-01', 335, 2, 40, 'V1602302', 'V', '', '', '', '0001-01-01', '0001-01-01', '0001-01-01', '0001-01-01', '0001-01-01', 8, '2016-03-02', '10/02-M.A-RETORNO-COSTURA', 1, '0001-01-01'),
(298, '2016-01-22', 299, 2, 40, 'V1601298', 'V', '', '', '', '0001-01-01', '0001-01-01', '0001-01-01', '0001-01-01', '0001-01-01', 8, '2016-02-21', '02/02-M.A-RETORNO-COSTURA', 1, '0001-01-01'),
(299, '2016-01-27', 46, 2, 45, 'V1601299', 'V', '', '', 'OC.02477', '0001-01-01', '0001-01-01', '0001-01-01', '0001-01-01', '0001-01-01', 8, '2016-02-26', '16/02-M.A-RETORNO-COSTURA', 1, '0001-01-01'),
(296, '2016-01-15', 59, 8, 40, 'V1601296', 'V', '', '', '', '0001-01-01', '0001-01-01', '0001-01-01', '0001-01-01', '0001-01-01', 0, '2016-02-14', '', 1, '0001-01-01'),
(301, '2016-02-01', 336, 2, 40, 'V1602301', 'V', '', '', '', '0001-01-01', '0001-01-01', '0001-01-01', '0001-01-01', '0001-01-01', 5, '2016-03-02', '17/02-M.A-RETORNO-costura', 1, '0001-01-01'),
(297, '2016-01-15', 59, 2, 40, 'V1601297', 'V', '', '', 'TERRAÇO/ COMSA OC 21197 CARAJAS', '0001-01-01', '0001-01-01', '0001-01-01', '0001-01-01', '0001-01-01', 8, '2016-02-29', '22/01-CLEUBER RETORNO CALÇAS FAIXA-ENVIO-SEGURA//22/01-HELENA-RETORNO-COSTURA-140 CAMISETAS', 1, '0001-01-01'),
(303, '2016-02-03', 308, 2, 40, 'V16020', 'V', '', '', '', '0001-01-01', '0001-01-01', '0001-01-01', '0001-01-01', '0001-01-01', 8, '2016-03-04', '17/02-M.A-RETORNO-COSTURA', 1, '0001-01-01'),
(300, '2016-01-28', 59, 2, 40, 'V1601300', 'V', '', '', 'OC: 21319/16', '0001-01-01', '0001-01-01', '0001-01-01', '0001-01-01', '0001-01-01', 2, '2016-02-27', '11/02-180-CONJUNTOS-CONFERENCIA // 17/02-M.A-RETORNO-COSTURA-SOCIAL', 1, '0001-01-01'),
(304, '2016-02-03', 249, 1, 40, 'V16020', 'V', '', '', 'VIA 040 - OC 42902', '0001-01-01', '0001-01-01', '0001-01-01', '0001-01-01', '0001-01-01', 8, '2016-03-04', '25/02-M.A-RETORNO-COSTURA', 1, '0001-01-01'),
(306, '2016-02-03', 249, 1, 40, 'V16020', 'V', '', '', 'VMB USINA BARREIRO O.C 42903', '0001-01-01', '0001-01-01', '0001-01-01', '0001-01-01', '0001-01-01', 4, '2016-03-04', '25/02-M.A-RETORNO-COSTURA', 1, '0001-01-01'),
(307, '2016-02-04', 59, 1, 40, 'V1602307', 'V', '', '', 'OC: 21359/16', '0001-01-01', '0001-01-01', '0001-01-01', '0001-01-01', '0001-01-01', 4, '2016-03-05', '26/02-M.A-RETORNO-COSTURA', 1, '0001-01-01'),
(308, '2016-02-04', 289, 1, 45, 'V1602308', 'V', '', '', 'UBERABA - Endereço de entrega : Estrada da cana km 11 s/n°, Distrito industrial III - Uberaba - MG', '0001-01-01', '0001-01-01', '0001-01-01', '0001-01-01', '0001-01-01', 3, '2016-03-05', '24/02-M.A-RETORNO-SILK', 1, '0001-01-01'),
(309, '2016-02-04', 289, 1, 45, 'V1602309', 'V', '', '', 'ADM/MOSAIC - Endereço de entrega, AVENIDA SENADOR ATILO FONTANA N° 1001 - DISTRITO INDUSTRIAL - RODO', '0001-01-01', '0001-01-01', '0001-01-01', '0001-01-01', '0001-01-01', 3, '2016-03-04', '24/02-M.A-RETORNO-SILK', 1, '0001-01-01'),
(310, '2016-02-04', 289, 1, 45, 'V1602310', 'V', '', '', 'ARAXÁ -RODONAVES : AV. Arafértil, n°500 Araxá - mg ETAL VALE CMA', '0001-01-01', '0001-01-01', '0001-01-01', '0001-01-01', '0001-01-01', 3, '2016-03-05', '24/02-M.A-RETORNO-SILK', 1, '0001-01-01'),
(311, '2016-02-04', 289, 1, 45, 'V1602311', 'V', '', '', 'TAPIRA - Endereço de entrega : Rodovia MGC, 146; fazenda Boa Vista KM 196,5 s/n° zona rural - Tapira', '0001-01-01', '0001-01-01', '0001-01-01', '0001-01-01', '0001-01-01', 5, '2016-03-05', '24/02', 1, '0001-01-01'),
(312, '2016-02-04', 289, 1, 45, 'V1602312', 'V', '', '', 'MOSAIC/CATALÃO - RODONAVES: Etl Vale CMC-fazenda chapadão s/nº, zona rural Catalão-GO cep 75.701-', '0001-01-01', '0001-01-01', '0001-01-01', '0001-01-01', '0001-01-01', 4, '2016-03-05', '24/02', 1, '0001-01-01'),
(313, '2016-02-04', 289, 1, 45, 'V1602313', 'V', '', '', 'REGAP - Endereço de entrega : AV. Refinaria Gabriel Passos, n°690. Distrito Industrial Paulo Camilo ', '0001-01-01', '0001-01-01', '0001-01-01', '0001-01-01', '0001-01-01', 5, '2016-03-05', '25/02', 1, '0001-01-01'),
(314, '2016-02-04', 337, 1, 40, 'V1602314', 'V', '', '', '', '0001-01-01', '0001-01-01', '0001-01-01', '0001-01-01', '0001-01-01', 2, '2016-03-05', '24/02-M.A-RETORNO-SILK', 1, '0001-01-01'),
(315, '2016-02-05', 59, 1, 40, 'V1602315', 'V', '', '', 'O.C 21410/16', '0001-01-01', '0001-01-01', '0001-01-01', '0001-01-01', '0001-01-01', 8, '2016-03-06', ' ', 1, '0001-01-01'),
(316, '2016-02-05', 325, 1, 45, 'V1602316', 'V', '', '', '', '0001-01-01', '0001-01-01', '0001-01-01', '0001-01-01', '0001-01-01', 8, '2016-03-06', ' ', 1, '0001-01-01'),
(317, '2016-02-05', 289, 1, 45, 'V16020', 'V', '', '', 'ADM - Endereço de entrega : AV. Amazonas N°641, 14° andar sala 14; centro (Belo Horizonte ', '0001-01-01', '0001-01-01', '0001-01-01', '0001-01-01', '0001-01-01', 8, '2016-03-06', '25/02', 1, '0001-01-01'),
(318, '2016-02-05', 59, 1, 40, 'V1602318', 'V', '', '', 'OC: 19718/15', '0001-01-01', '0001-01-01', '0001-01-01', '0001-01-01', '0001-01-01', 4, '2016-03-06', ' ', 1, '0001-01-01'),
(319, '2016-02-10', 289, 1, 45, 'V1602319', 'V', '', '', 'ADM / AVENIDA SENADOR ATILO FONTANA N°1001 - DISTRITO INDUSTRIAL - RONDONOPOLIS', '0001-01-01', '0001-01-01', '0001-01-01', '0001-01-01', '0001-01-01', 3, '2016-03-04', '24/02', 1, '0001-01-01'),
(320, '2016-02-11', 59, 1, 40, 'V1602320', 'V', '', '', 'O.C 21418/16', '0001-01-01', '0001-01-01', '0001-01-01', '0001-01-01', '0001-01-01', 8, '2016-03-12', ' ', 1, '0001-01-01'),
(321, '2016-02-11', 330, 1, 46, 'V1602321', 'V', '', '', '', '0001-01-01', '0001-01-01', '0001-01-01', '0001-01-01', '0001-01-01', 4, '2016-03-12', ' ', 1, '0001-01-01'),
(322, '2016-02-11', 236, 1, 40, 'V1602322', 'V', '', '', 'OC 16354', '0001-01-01', '0001-01-01', '0001-01-01', '0001-01-01', '0001-01-01', 8, '2016-03-12', '23/02-RAFAEL-ENTREGA-GERAES', 1, '0001-01-01'),
(323, '2016-02-12', 59, 1, 40, 'V16020', 'V', '', '', 'O.C 21418/16', '0001-01-01', '0001-01-01', '0001-01-01', '0001-01-01', '0001-01-01', 4, '2016-03-13', '24/02-M.A-RETORNO-SILK', 1, '0001-01-01'),
(324, '2016-02-12', 289, 1, 45, 'V16020', 'V', '', '', 'MATRIZ - Endereço de entrega : AV. Amazonas N°641, 14° andar sala 14; centro (Belo Horizonte ', '0001-01-01', '0001-01-01', '0001-01-01', '0001-01-01', '0001-01-01', 4, '2016-03-04', '25/02-M.A-RETORNO-SILK', 1, '0001-01-01'),
(325, '2016-02-12', 330, 1, 46, 'V16020', 'V', '', '', 'PEDIDO :24053', '0001-01-01', '0001-01-01', '0001-01-01', '0001-01-01', '0001-01-01', 4, '2016-03-13', '24/02-M.A-RETORNO-COSTURA', 1, '0001-01-01'),
(326, '2016-02-12', 59, 1, 40, 'V1602326', 'V', '', '', 'O.C 21456/16', '0001-01-01', '0001-01-01', '0001-01-01', '0001-01-01', '0001-01-01', 3, '2016-03-13', '26/02-CLEUBER-RETORNO-COSTURA // 26/02-GRAZIELE-RETORNO-COSTURA', 1, '0001-01-01'),
(327, '2016-02-12', 330, 1, 46, 'V16020', 'V', '', '', 'PEDIDO:24183', '0001-01-01', '0001-01-01', '0001-01-01', '0001-01-01', '0001-01-01', 4, '2016-03-13', '25/02-M.A-RETORNO-SILK', 1, '0001-01-01'),
(328, '2016-02-12', 338, 1, 46, 'V1602328', 'V', '', '', '', '0001-01-01', '0001-01-01', '0001-01-01', '0001-01-01', '0001-01-01', 4, '2016-03-13', '24/02-MATHEUS-RETORNO-CORTE-BRIM // 24/02-M.A-RETORNO-CORTE-MALHA', 1, '0001-01-01'),
(329, '2016-02-15', 249, 1, 40, 'V1602329', 'V', '', '', 'OC. 42941', '0001-01-01', '0001-01-01', '0001-01-01', '0001-01-01', '0001-01-01', 3, '2016-03-16', '25/02-M.A-RETORNO-SILK // 25/02-ROGERIO-RETORNO-BORDADO', 1, '0001-01-01'),
(330, '2016-02-19', 59, 1, 40, 'V1602330', 'V', '', '', 'O.C 21524/16 VALE FERTIL 01', '0001-01-01', '0001-01-01', '0001-01-01', '0001-01-01', '0001-01-01', 2, '2016-03-20', '24/02-M.A-RETORNO-CORTE // 24/02-MATHEUS-RETORNO-CORTE', 1, '0001-01-01'),
(331, '2016-02-19', 59, 1, 40, 'V16020', 'V', '', '', 'OC: 21507/16 EFC 01 CARAJAS', '0001-01-01', '0001-01-01', '0001-01-01', '0001-01-01', '0001-01-01', 2, '2016-03-20', '25/02-M.A-RETORNO-CORTE', 1, '0001-01-01'),
(332, '2016-02-22', 59, 1, 40, 'V16020', 'V', '', '', 'O.C 21538/16 VLI 02 DIVINOPOLIS', '0001-01-01', '0001-01-01', '0001-01-01', '0001-01-01', '0001-01-01', 3, '2016-03-23', ' ', 1, '0001-01-01');

-- --------------------------------------------------------

--
-- Estrutura da tabela `pedidos_has_produtos`
--

CREATE TABLE IF NOT EXISTS `pedidos_has_produtos` (
  `id` int(11) NOT NULL,
  `pedidos_id` int(11) NOT NULL,
  `produtos_id` int(11) NOT NULL,
  `quantidade` varchar(11) DEFAULT NULL,
  `valor` decimal(8,2) NOT NULL,
  `obs` varchar(45) NOT NULL,
  `mf` int(11) NOT NULL,
  `tecido_id` int(11) NOT NULL
) ENGINE=MyISAM DEFAULT CHARSET=latin1;

-- --------------------------------------------------------

--
-- Estrutura da tabela `permissoes`
--

CREATE TABLE IF NOT EXISTS `permissoes` (
  `id` int(11) NOT NULL,
  `permissao` varchar(45) DEFAULT NULL
) ENGINE=MyISAM AUTO_INCREMENT=8 DEFAULT CHARSET=latin1;

--
-- Extraindo dados da tabela `permissoes`
--

INSERT INTO `permissoes` (`id`, `permissao`) VALUES
(1, 'COLETA'),
(2, 'RECEPCAO'),
(3, 'PEDIDO'),
(4, 'ROMANEIO'),
(5, 'FLUXO'),
(6, 'CADASTRO'),
(7, 'ORCAMENTO');

-- --------------------------------------------------------

--
-- Estrutura da tabela `permissoes_has_usuarios`
--

CREATE TABLE IF NOT EXISTS `permissoes_has_usuarios` (
  `permissoes_id` int(11) NOT NULL,
  `usuarios_id` int(11) NOT NULL
) ENGINE=MyISAM DEFAULT CHARSET=latin1;

--
-- Extraindo dados da tabela `permissoes_has_usuarios`
--

INSERT INTO `permissoes_has_usuarios` (`permissoes_id`, `usuarios_id`) VALUES
(1, 1),
(1, 6),
(1, 8),
(1, 9),
(2, 1),
(2, 6),
(2, 8),
(2, 9),
(3, 1),
(3, 8),
(4, 1),
(4, 8),
(4, 9),
(5, 1),
(5, 8),
(6, 1),
(6, 8),
(7, 1),
(7, 8);

-- --------------------------------------------------------

--
-- Estrutura da tabela `produtos`
--

CREATE TABLE IF NOT EXISTS `produtos` (
  `id` int(11) NOT NULL,
  `produto` varchar(45) NOT NULL,
  `tipo` varchar(1) DEFAULT NULL,
  `categoria_id` int(11) NOT NULL
) ENGINE=MyISAM AUTO_INCREMENT=140 DEFAULT CHARSET=latin1;

--
-- Extraindo dados da tabela `produtos`
--

INSERT INTO `produtos` (`id`, `produto`, `tipo`, `categoria_id`) VALUES
(25, 'UNIFORME', 'U', 1),
(26, 'CAMISA P', 'U', 1),
(27, 'CAMISA M', 'U', 1),
(28, 'CAMISA G', 'U', 1),
(31, 'BOTA Nº 36', 'U', 2),
(32, 'BOTA Nº 38', 'U', 2),
(33, 'BOTA Nº 35', 'U', 2),
(34, 'BOTA Nº 37', 'U', 2),
(35, 'BOTA Nº 39', 'U', 2),
(36, 'BOTA Nº 40', 'U', 2),
(37, 'BOTA Nº 41', 'U', 2),
(38, 'BOTA Nº 42', 'U', 2),
(39, 'BOTA Nº 43', 'U', 2),
(40, 'BOTA Nº 44', 'U', 2),
(41, 'BOTA Nº 45', 'U', 2),
(42, 'CALCA P', 'U', 1),
(43, 'CALCA M', 'U', 1),
(44, 'CALCA G', 'U', 1),
(45, 'BOTA Nº 34', 'U', 2),
(50, 'LUVA', 'U', 6),
(51, 'LUVA PVC', 'L', 6),
(52, 'LUVA VAQUETA', 'U', 6),
(53, 'LUVA MALHA', 'U', 6),
(54, 'LUVA RASPA C/C', 'U', 6),
(55, 'LUVA RASPA C/L', 'U', 6),
(56, 'ABAFADOR', 'U', 3),
(57, 'AVENTAL', 'U', 4),
(58, 'BLUSAO', 'U', 4),
(59, 'CAPA-CHUVA', 'U', 3),
(60, 'CAPACETE', 'U', 3),
(61, 'MASCARA', 'U', 3),
(62, 'OCULOS', 'U', 3),
(63, 'PERNEIRA', 'U', 4),
(65, 'CAMISA', 'L', 1),
(66, 'CALCA', 'L', 1),
(67, 'LUVA C/L', 'L', 6),
(68, 'LUVA C/C', 'L', 6),
(69, 'TOALHA INDUSTRIAL', '0', 5),
(70, 'BOTA PVC', 'L', 2),
(71, 'BOTA COURO', 'L', 2),
(72, 'AVENTAL S/M', 'L', 4),
(73, 'AVENTAL C/M', 'L', 4),
(74, 'BLUSAO DE LONA', 'L', 4),
(75, 'CAPACETE', 'L', 3),
(76, 'CINTO', 'L', 5),
(78, 'PERNEIRA', 'L', 4),
(79, 'OCULOS', 'L', 3),
(80, 'BLUSAO RASPA', 'L', 4),
(81, 'MANGA', 'L', 4),
(82, 'FILTRO', 'U', 5),
(83, 'MACACÃO', 'L', 1),
(84, 'MASCARAS', 'L', 3),
(85, 'TOUCA', 'L', 5),
(86, 'CAPA-CHUVA', 'L', 3),
(87, 'ABAFADOR', 'L', 3),
(88, 'BONE', 'L', 5),
(89, 'COLETE DE PANO', 'L', 1),
(90, 'LENÇOL', 'L', 5),
(91, 'BOLSA', 'L', 5),
(92, 'TALABARTE', 'L', 5),
(93, 'COLETE REFLETIVO', 'L', 1),
(94, 'LUVA DE MALHA', 'L', 6),
(95, 'LUVA VAQUETA', 'L', 6),
(96, 'AVENTAL PVC', 'L', 3),
(97, 'MACACAO DE RASPA', 'L', 4),
(98, 'OMBREIRA', 'L', 4),
(99, 'PERNEIRA DE LONA', 'L', 5),
(100, 'AVENTAL S/M', 'U', 4),
(101, 'AVENTAL C/M ', 'U', 4),
(102, 'LUVA PVC ', 'U', 6),
(103, 'LUVA PVC MANGELS', 'U', 6),
(104, 'MANGA DE PANO', 'L', 5),
(105, 'CAPA DE CHUVA COM BOTINA', 'L', 3),
(106, 'JAQUETA', 'L', 1),
(107, 'MACACAO', 'L', 1),
(108, 'CALCA DE RASPA', '0', 4),
(110, 'MOLETOM', 'L', 1),
(112, 'CAMISA GG (ERRO)', 'N', 1),
(113, 'CAMISA EXT G ', 'U', 1),
(114, 'CAMISA GG', 'U', 1),
(115, 'LUVA NITRILICA', 'U', 6),
(117, 'TOALHA INDUSTRIAL', '0', 5),
(118, 'OUTROS', 'U', 5),
(119, 'FRONHA', 'L', 5),
(120, 'COBERTOR', 'L', 5),
(121, 'JAQUETA', 'U', 1),
(122, 'CAPACETE SUCATA', 'U', 3),
(123, 'BEG', 'U', 5),
(124, 'OLEO', 'U', 5),
(125, 'OLEO', 'U', 5),
(126, 'CALCA DE RASPA', '0', 4),
(127, 'CARNEIRA', 'L', 3),
(128, 'FRETE ', 'U', 5),
(129, 'BALACLAVA', 'L', 5),
(130, 'TRAVESSEIRO', 'L', 5),
(131, 'AVENTAL DE PANO', 'L', 1),
(132, 'BOTA Nº', 'U', 2),
(133, 'TOALHA INDUSTRIAL', 'L', 5),
(134, 'VIROL', 'L', 5),
(135, 'COBERTOR CASAL', 'L', 5),
(136, 'CALCA ANTI CHAMAS', '0', 1),
(137, 'CAMISA ANTI CHAMAS', 'L', 1),
(138, 'TOALHA BANHO ', 'L', 5),
(139, 'TOALHA ROSTO', 'L', 1);

-- --------------------------------------------------------

--
-- Estrutura da tabela `rotas`
--

CREATE TABLE IF NOT EXISTS `rotas` (
  `id` int(11) NOT NULL,
  `rota` varchar(45) NOT NULL
) ENGINE=MyISAM AUTO_INCREMENT=10 DEFAULT CHARSET=latin1;

--
-- Extraindo dados da tabela `rotas`
--

INSERT INTO `rotas` (`id`, `rota`) VALUES
(8, 'ROTA 00'),
(1, 'ROTA 01'),
(2, 'ROTA 02'),
(3, 'ROTA 03'),
(4, 'ROTA 04'),
(5, 'ROTA 05'),
(6, 'ROTA 06'),
(7, 'ROTA 07'),
(9, 'S / R');

-- --------------------------------------------------------

--
-- Estrutura da tabela `sort_itens_tmp`
--

CREATE TABLE IF NOT EXISTS `sort_itens_tmp` (
  `n` varchar(255) COLLATE utf8_unicode_ci NOT NULL,
  `quantidade` int(11) NOT NULL,
  `id_partes` int(11) NOT NULL,
  `obs` varchar(255) COLLATE utf8_unicode_ci NOT NULL,
  `mesmoTecido` varchar(255) COLLATE utf8_unicode_ci NOT NULL,
  `tecido_tecido` varchar(255) COLLATE utf8_unicode_ci NOT NULL,
  `tecido_cor` varchar(255) COLLATE utf8_unicode_ci NOT NULL,
  `tecido_fornecedor` varchar(255) COLLATE utf8_unicode_ci NOT NULL,
  `tecido_codigo` varchar(255) COLLATE utf8_unicode_ci NOT NULL,
  `id_grupo_materia_prima` int(11) NOT NULL
) ENGINE=MyISAM DEFAULT CHARSET=utf8 COLLATE=utf8_unicode_ci;

-- --------------------------------------------------------

--
-- Estrutura da tabela `status`
--

CREATE TABLE IF NOT EXISTS `status` (
  `id` int(11) NOT NULL,
  `status` varchar(45) NOT NULL
) ENGINE=MyISAM AUTO_INCREMENT=9 DEFAULT CHARSET=latin1;

--
-- Extraindo dados da tabela `status`
--

INSERT INTO `status` (`id`, `status`) VALUES
(1, 'CRIADO'),
(2, 'CONCLUIDO'),
(3, 'PRODUCAO'),
(4, 'CONCLUIDO'),
(5, 'FATURADO'),
(6, 'FINALIZADO'),
(7, 'ENTREGUE'),
(8, 'CANCELADO');

-- --------------------------------------------------------

--
-- Estrutura da tabela `sv_aviamento_has_parte_acrescimo`
--

CREATE TABLE IF NOT EXISTS `sv_aviamento_has_parte_acrescimo` (
  `id` int(11) NOT NULL,
  `id_item_prod_ped` int(11) NOT NULL,
  `id_grupo_mat_prim` int(11) NOT NULL
) ENGINE=InnoDB DEFAULT CHARSET=latin1;

-- --------------------------------------------------------

--
-- Estrutura da tabela `sv_bkp_entrada_estoque`
--

CREATE TABLE IF NOT EXISTS `sv_bkp_entrada_estoque` (
  `id` int(11) NOT NULL,
  `data_exclusao` date NOT NULL,
  `fornecedor_id` int(11) NOT NULL,
  `materia_prima_id` int(11) NOT NULL,
  `data` date NOT NULL,
  `quantidade` int(11) NOT NULL,
  `valor` decimal(8,2) NOT NULL
) ENGINE=MyISAM AUTO_INCREMENT=46 DEFAULT CHARSET=utf8;

--
-- Extraindo dados da tabela `sv_bkp_entrada_estoque`
--

INSERT INTO `sv_bkp_entrada_estoque` (`id`, `data_exclusao`, `fornecedor_id`, `materia_prima_id`, `data`, `quantidade`, `valor`) VALUES
(1, '2014-03-07', 35, 2, '2014-03-01', 1, '0.01'),
(2, '2014-03-07', 6, 2, '2014-03-04', 99, '1.00'),
(3, '2014-03-08', 6, 1, '2014-03-05', 100, '3.56'),
(4, '2014-03-09', 32, 2, '2014-03-05', 210, '0.02'),
(5, '2014-03-09', 6, 4, '2014-03-05', 100, '2.00'),
(6, '2014-03-10', 1, 1, '2014-03-07', 50, '2.50'),
(7, '2014-03-10', 32, 2, '2014-03-05', 123, '4.00'),
(8, '2014-03-10', 3, 4, '2014-03-06', 100, '1.00'),
(9, '2014-03-10', 2, 2, '2014-03-06', 1, '0.01'),
(10, '2014-03-10', 59, 4, '2014-03-06', 200, '0.01'),
(11, '2014-03-10', 59, 4, '2014-03-06', 1, '0.01'),
(12, '2014-03-10', 18, 4, '2014-03-06', 1, '0.01'),
(13, '2014-03-10', 16, 4, '2014-03-06', 2, '0.02'),
(14, '2014-03-10', 18, 4, '2014-03-06', 2, '0.02'),
(15, '2014-03-10', 22, 1, '2014-03-06', 1, '0.01'),
(16, '2014-03-10', 35, 1, '2014-03-07', 1, '1.00'),
(17, '2014-03-10', 16, 4, '2014-03-06', 1, '0.01'),
(18, '2014-03-10', 16, 4, '2014-03-06', 1, '0.01'),
(19, '2014-03-10', 16, 2, '2014-03-06', 5, '0.01'),
(20, '2014-03-10', 35, 4, '2014-03-07', 1, '0.01'),
(21, '2014-03-10', 30, 2, '2014-03-07', 1, '0.01'),
(22, '2014-03-10', 22, 4, '2014-03-07', 1, '0.01'),
(23, '2014-03-10', 61, 18, '2014-03-10', 10, '10.00'),
(24, '2014-03-10', 61, 17, '2014-03-10', 100, '10.00'),
(25, '2014-03-10', 61, 17, '2014-03-10', 200, '10.00'),
(26, '2014-03-10', 63, 24, '2014-03-09', 58, '2.36'),
(27, '2014-03-10', 61, 23, '2014-03-10', 10, '5.38'),
(28, '2014-03-10', 61, 23, '2014-03-10', 1, '0.01'),
(29, '2014-03-10', 61, 23, '2014-03-10', 1, '0.01'),
(30, '2014-03-10', 62, 23, '2014-03-10', 1, '0.01'),
(31, '2014-03-10', 62, 23, '2014-03-10', 1, '0.01'),
(32, '2014-03-10', 61, 23, '2014-03-10', 1, '0.01'),
(33, '2014-03-10', 61, 23, '2014-03-10', 1, '0.01'),
(34, '2014-03-10', 61, 23, '2014-03-10', 1, '0.01'),
(35, '2014-03-10', 61, 23, '2014-03-10', 1, '0.01'),
(36, '2014-03-10', 62, 17, '2014-03-10', 1, '0.01'),
(37, '2014-03-10', 61, 23, '2014-03-10', 1, '0.01'),
(38, '2014-03-10', 61, 23, '2014-03-10', 2, '0.02'),
(39, '2014-03-10', 61, 23, '2014-03-10', 1, '0.01'),
(40, '2014-03-10', 61, 23, '2014-03-10', 1, '0.01'),
(41, '2014-03-10', 61, 23, '2014-03-10', 1, '0.01'),
(42, '2014-03-10', 62, 23, '2014-03-10', 1, '0.01'),
(43, '2014-03-10', 61, 23, '2014-03-10', 1, '0.01'),
(44, '2014-03-10', 61, 23, '2014-03-10', 1, '0.01'),
(45, '2014-03-10', 62, 23, '2014-03-10', 1, '0.01');

-- --------------------------------------------------------

--
-- Estrutura da tabela `sv_categoria`
--

CREATE TABLE IF NOT EXISTS `sv_categoria` (
  `id` int(10) NOT NULL,
  `tipo` int(10) NOT NULL,
  `descricao` varchar(10) NOT NULL,
  `ativo` int(10) DEFAULT NULL,
  `tamanho` int(11) NOT NULL
) ENGINE=MyISAM AUTO_INCREMENT=81 DEFAULT CHARSET=latin1;

--
-- Extraindo dados da tabela `sv_categoria`
--

INSERT INTO `sv_categoria` (`id`, `tipo`, `descricao`, `ativo`, `tamanho`) VALUES
(23, 1, '06-Fechame', 1, 0),
(24, 1, '07-Cós', 1, 0),
(25, 1, '04-Manga', 1, 0),
(26, 1, '05-Punho', 1, 0),
(27, 1, '03-Gola', 1, 0),
(28, 1, 'Fx Reflet', 0, 0),
(29, 1, '10-Recorte', 1, 0),
(30, 2, '04-Vivo', 1, 0),
(31, 2, '02-Bordado', 1, 0),
(32, 2, '01-Silk', 1, 0),
(33, 1, '11-Reforço', 1, 0),
(34, 3, 'PP', 1, 0),
(35, 3, 'P', 1, 1),
(36, 3, 'M', 1, 2),
(37, 3, 'G', 1, 3),
(38, 3, 'GG', 1, 4),
(39, 4, 'Masculino', 1, 0),
(40, 4, 'Feminino', 1, 0),
(42, 3, 'XG', 1, 5),
(43, 3, 'EXG', 1, 6),
(44, 2, '03-Fx Refl', 1, 0),
(45, 1, '09-Bolso', 1, 0),
(46, 2, '05-Prespon', 1, 0),
(47, 1, '10-Barra', 0, 0),
(48, 1, '08-Barra', 1, 0),
(49, 1, '01-Capus', 1, 0),
(50, 1, 'PAT', 0, 0),
(51, 1, '02-Decote', 1, 0),
(52, 1, 'ABA', 0, 0),
(53, 1, '13- Aba', 1, 0),
(54, 2, 'PRESPONTO ', 1, 0),
(55, 2, '06- PRESPO', 1, 0),
(56, 2, 'BOTÃO BONÉ', 1, 0),
(57, 2, 'Botao boné', 1, 0),
(58, 2, 'linha reta', 1, 0),
(59, 2, 'linha over', 1, 0),
(60, 2, 'linha', 1, 0),
(61, 1, '12-Pinça', 1, 0),
(62, 3, '38', 1, 7),
(63, 3, '40', 1, 8),
(64, 3, '42', 1, 9),
(65, 3, '44', 1, 10),
(66, 3, '46', 1, 11),
(67, 3, '48', 1, 12),
(68, 3, '50', 1, 13),
(69, 3, '52', 1, 14),
(70, 3, '54', 1, 15),
(71, 3, '56', 1, 16),
(72, 3, '58', 1, 17),
(73, 3, '60', 1, 18),
(74, 3, '1', 1, 19),
(75, 3, '2', 1, 20),
(76, 3, '3', 1, 21),
(77, 3, '4', 1, 22),
(78, 3, '5', 1, 23),
(79, 3, '6', 1, 24),
(80, 3, '7', 1, 25);

-- --------------------------------------------------------

--
-- Estrutura da tabela `sv_codigo`
--

CREATE TABLE IF NOT EXISTS `sv_codigo` (
  `id` int(11) NOT NULL,
  `descricao` varchar(255) NOT NULL,
  `ativo` int(11) NOT NULL
) ENGINE=MyISAM AUTO_INCREMENT=42 DEFAULT CHARSET=utf8;

--
-- Extraindo dados da tabela `sv_codigo`
--

INSERT INTO `sv_codigo` (`id`, `descricao`, `ativo`) VALUES
(1, 'CAQUE', 1),
(2, 'FCA', 1),
(3, 'BANDEIRA', 1),
(4, 'MOTORISTA', 1),
(5, '0000', 1),
(6, 'TOYOBO', 1),
(7, 'ROYAL', 1),
(8, 'CLARO', 1),
(9, 'MARINHO', 1),
(10, 'ROYAL', 0),
(11, 'ESCURO', 1),
(12, 'BEBÊ', 0),
(13, 'MÉDIO', 1),
(14, 'METADE', 1),
(15, '8016', 1),
(16, '3443', 1),
(17, 'OURO', 1),
(18, 'CÉU', 1),
(19, '8015', 0),
(20, '8015', 1),
(21, '6200', 1),
(22, '6200', 0),
(23, '5098', 1),
(24, 'CHUMBO', 1),
(25, '0068', 1),
(26, 'musgo', 1),
(27, '8593', 1),
(28, 'M', 0),
(29, 'MESCLA', 1),
(30, '3007', 1),
(31, '3752', 1),
(32, '9500', 1),
(33, '5437', 1),
(34, 'PETOLEO  ', 1),
(35, 'TURQUESA', 1),
(36, 'CANARIO ', 1),
(37, 'NOITE', 1),
(38, 'COM ELASTANO', 1),
(39, '5412', 1),
(40, '8047', 1),
(41, 'ÁGUA', 1);

-- --------------------------------------------------------

--
-- Estrutura da tabela `sv_cor`
--

CREATE TABLE IF NOT EXISTS `sv_cor` (
  `id` int(11) NOT NULL,
  `descricao` varchar(255) NOT NULL,
  `ativo` int(11) NOT NULL
) ENGINE=MyISAM AUTO_INCREMENT=28 DEFAULT CHARSET=utf8;

--
-- Extraindo dados da tabela `sv_cor`
--

INSERT INTO `sv_cor` (`id`, `descricao`, `ativo`) VALUES
(1, 'BEGE', 1),
(2, 'CINZA', 1),
(3, 'BRANCO', 1),
(4, 'azul', 1),
(5, 'AZUL MARINHO', 0),
(6, 'AZUL CLARO', 0),
(7, 'AZUL ROYAL', 0),
(8, 'LARANJA ', 1),
(9, 'VERMELHO', 1),
(10, 'VERDE CLARO', 0),
(11, 'VERDE ESCURO', 0),
(12, 'VERDE', 1),
(13, 'AMARELO', 1),
(14, 'PRETO', 1),
(15, 'TODAS', 1),
(16, 'VINHO', 1),
(17, 'VERDE ÁGUA ', 0),
(18, 'CAQUE', 1),
(19, 'FALTA DEFINIR', 1),
(20, 'MESCLA', 0),
(21, 'MARROM  ', 1),
(22, 'GRAFITE', 1),
(23, 'CHUMBO', 1),
(24, 'ROYAL', 0),
(25, 'TRANSPARENTE', 1),
(26, 'CROMADO', 1),
(27, '*NENHUMA', 1);

-- --------------------------------------------------------

--
-- Estrutura da tabela `sv_entrada_estoque`
--

CREATE TABLE IF NOT EXISTS `sv_entrada_estoque` (
  `id` int(11) NOT NULL,
  `materia_prima_aviamento_id` int(11) DEFAULT NULL,
  `materia_prima_tecido_id` varchar(45) DEFAULT NULL,
  `quantidade` int(11) NOT NULL,
  `valor` decimal(8,2) NOT NULL,
  `n_nf` varchar(255) DEFAULT NULL,
  `data` date DEFAULT NULL,
  `obs` text,
  `entrada_saida` char(1) NOT NULL,
  `faccao_id` int(11) DEFAULT NULL,
  `tecido_aviamento` char(1) NOT NULL,
  `data_cadastro` date NOT NULL,
  `data_alteracao` varchar(45) DEFAULT NULL
) ENGINE=MyISAM AUTO_INCREMENT=8 DEFAULT CHARSET=latin1;

--
-- Extraindo dados da tabela `sv_entrada_estoque`
--

INSERT INTO `sv_entrada_estoque` (`id`, `materia_prima_aviamento_id`, `materia_prima_tecido_id`, `quantidade`, `valor`, `n_nf`, `data`, `obs`, `entrada_saida`, `faccao_id`, `tecido_aviamento`, `data_cadastro`, `data_alteracao`) VALUES
(1, 0, '8', 1000, '5.00', '111.111', '2015-08-12', 'valença', 'E', 0, 'T', '0001-01-01', '2015-08-19'),
(2, 0, '5', 100, '5.00', '111.111', '2015-08-12', 'valença', 'E', 0, 'T', '0001-01-01', '2015-08-19'),
(3, 120, '0', 100, '2.00', '000,001', '2015-08-12', 'ponto da costura', 'E', 0, 'A', '0001-01-01', '2015-08-12'),
(4, 121, '0', 200, '2.00', '000.001', '2015-08-12', 'ponto da costura', 'E', 0, 'A', '2015-08-12', '0001-01-01'),
(5, 0, '5', 100, '0.00', '', '2015-08-12', '', 'S', 52, 'T', '2015-08-12', '0001-01-01'),
(6, 0, '8', 200, '7.00', '222.222', '2015-08-19', 'EMATEX', 'E', 0, 'T', '2015-08-19', '0001-01-01'),
(7, 0, '8', 350, '0.00', '', '2015-08-19', '', 'S', 53, 'T', '2015-08-19', '0001-01-01');

-- --------------------------------------------------------

--
-- Estrutura da tabela `sv_envio_confeccao`
--

CREATE TABLE IF NOT EXISTS `sv_envio_confeccao` (
  `id` int(11) NOT NULL,
  `terceirizado_id` int(11) NOT NULL,
  `produto_has_pedidos_id` int(11) NOT NULL,
  `data` date NOT NULL,
  `quantidade` int(11) NOT NULL,
  `tipo` int(11) NOT NULL
) ENGINE=MyISAM DEFAULT CHARSET=latin1;

-- --------------------------------------------------------

--
-- Estrutura da tabela `sv_envio_materia_prima`
--

CREATE TABLE IF NOT EXISTS `sv_envio_materia_prima` (
  `id` int(11) NOT NULL,
  `terceirizado_id` int(11) NOT NULL,
  `materia_prima_id` int(11) NOT NULL,
  `data` date NOT NULL,
  `quantidade` int(11) NOT NULL
) ENGINE=MyISAM DEFAULT CHARSET=latin1;

-- --------------------------------------------------------

--
-- Estrutura da tabela `sv_fornecedor`
--

CREATE TABLE IF NOT EXISTS `sv_fornecedor` (
  `id` int(11) NOT NULL,
  `descricao` varchar(45) NOT NULL,
  `data_cadastro` date NOT NULL,
  `ativo` int(11) NOT NULL
) ENGINE=MyISAM AUTO_INCREMENT=69 DEFAULT CHARSET=latin1;

--
-- Extraindo dados da tabela `sv_fornecedor`
--

INSERT INTO `sv_fornecedor` (`id`, `descricao`, `data_cadastro`, `ativo`) VALUES
(61, 'EMATEX', '2014-03-10', 1),
(62, 'MEGATEX/REGIS NOVIDADES', '2014-03-10', 1),
(63, 'TEXTIL BARRO PRETO', '2014-03-10', 1),
(64, 'COSTA RICA', '2014-03-10', 1),
(65, 'PONTO DA COSTURA', '2014-04-02', 1),
(66, 'VALENÇA', '2014-04-02', 1),
(67, 'OUTROS', '2014-10-13', 1),
(68, 'ALIANÇA', '2015-01-06', 1);

-- --------------------------------------------------------

--
-- Estrutura da tabela `sv_grupo_materia_prima`
--

CREATE TABLE IF NOT EXISTS `sv_grupo_materia_prima` (
  `id` int(11) NOT NULL,
  `aviamento` int(11) NOT NULL,
  `cor` int(11) NOT NULL,
  `codigo` int(11) NOT NULL,
  `status` int(11) NOT NULL
) ENGINE=InnoDB AUTO_INCREMENT=43 DEFAULT CHARSET=latin1;

--
-- Extraindo dados da tabela `sv_grupo_materia_prima`
--

INSERT INTO `sv_grupo_materia_prima` (`id`, `aviamento`, `cor`, `codigo`, `status`) VALUES
(1, 132, 25, 5, 1),
(2, 88, 25, 5, 1),
(3, 234, 26, 5, 1),
(4, 235, 3, 5, 1),
(5, 137, 3, 5, 1),
(6, 89, 3, 5, 1),
(7, 134, 2, 5, 1),
(8, 236, 2, 5, 1),
(9, 237, 12, 5, 1),
(10, 237, 8, 5, 1),
(11, 133, 4, 8, 1),
(12, 133, 2, 5, 1),
(13, 133, 14, 5, 1),
(14, 133, 4, 7, 1),
(15, 163, 14, 5, 1),
(16, 241, 25, 5, 1),
(17, 140, 3, 5, 1),
(18, 139, 8, 5, 1),
(19, 139, 4, 9, 1),
(20, 139, 4, 7, 1),
(21, 139, 2, 5, 1),
(22, 139, 14, 5, 1),
(23, 139, 3, 5, 1),
(24, 139, 12, 5, 1),
(25, 139, 9, 5, 1),
(26, 135, 14, 5, 1),
(27, 135, 4, 9, 1),
(28, 135, 4, 7, 1),
(29, 135, 14, 5, 0),
(30, 135, 3, 5, 1),
(31, 135, 2, 5, 1),
(32, 163, 4, 7, 1),
(33, 139, 4, 18, 1),
(34, 139, 1, 5, 1),
(35, 139, 13, 5, 1),
(36, 122, 3, 5, 1),
(37, 239, 3, 5, 1),
(38, 239, 14, 5, 1),
(39, 136, 14, 5, 1),
(40, 164, 14, 5, 1),
(41, 238, 14, 5, 1),
(42, 246, 14, 5, 1);

-- --------------------------------------------------------

--
-- Estrutura da tabela `sv_itens_produto_has_pedidos`
--

CREATE TABLE IF NOT EXISTS `sv_itens_produto_has_pedidos` (
  `id` int(11) NOT NULL,
  `produto_has_pedidos_id` int(11) NOT NULL,
  `materia_prima_id` int(11) NOT NULL,
  `tecido_id` int(11) NOT NULL,
  `id_grupo_mat_prima` int(11) DEFAULT NULL,
  `quantidade` int(10) DEFAULT NULL,
  `obs` varchar(255) DEFAULT NULL
) ENGINE=MyISAM AUTO_INCREMENT=10810 DEFAULT CHARSET=latin1;

--
-- Extraindo dados da tabela `sv_itens_produto_has_pedidos`
--

INSERT INTO `sv_itens_produto_has_pedidos` (`id`, `produto_has_pedidos_id`, `materia_prima_id`, `tecido_id`, `id_grupo_mat_prima`, `quantidade`, `obs`) VALUES
(1, 2, 105, 0, 0, 0, ''),
(2, 2, 92, 0, 0, 0, ''),
(3, 2, 96, 0, 0, 0, ''),
(4, 3, 166, 0, 0, 1, ''),
(5, 3, 131, 0, 0, 1, ''),
(6, 5, 105, 0, 0, 0, ''),
(7, 5, 96, 0, 0, 0, ''),
(8, 5, 155, 0, 0, 0, ''),
(9, 5, 129, 0, 0, 0, ''),
(10, 7, 86, 0, 0, 0, ''),
(11, 8, 106, 0, 0, 0, ''),
(12, 8, 145, 0, 0, 0, ''),
(13, 8, 96, 0, 0, 0, ''),
(14, 8, 129, 0, 0, 1, ''),
(15, 8, 155, 0, 0, 1, ''),
(16, 8, 160, 0, 0, 1, ''),
(17, 8, 159, 0, 0, 1, ''),
(18, 9, 86, 0, 0, 0, ''),
(19, 9, 109, 0, 0, 1, ''),
(20, 9, 110, 0, 0, 1, ''),
(21, 9, 169, 0, 0, 1, ''),
(22, 9, 168, 0, 0, 2, ''),
(23, 9, 156, 0, 0, 1, 'ESQUERDA VERTICAL'),
(24, 9, 161, 0, 0, 1, ''),
(25, 10, 106, 0, 0, 0, ''),
(26, 10, 96, 0, 0, 0, ''),
(27, 10, 145, 0, 0, 0, ''),
(28, 10, 129, 0, 0, 1, ''),
(29, 10, 155, 0, 0, 1, ''),
(30, 10, 159, 0, 0, 1, ''),
(31, 10, 160, 0, 0, 1, ''),
(32, 11, 86, 0, 0, 0, ''),
(33, 11, 109, 0, 0, 1, ''),
(34, 11, 110, 0, 0, 1, ''),
(35, 11, 169, 0, 0, 1, 'ATRAS'),
(36, 11, 168, 0, 0, 2, 'FRENTE'),
(37, 11, 155, 0, 0, 1, 'ESQUERDA VERTICAL'),
(38, 11, 161, 0, 0, 1, ''),
(39, 12, 106, 0, 0, 0, ''),
(40, 12, 106, 0, 0, 0, ''),
(41, 12, 145, 0, 0, 0, ''),
(42, 12, 96, 0, 0, 0, ''),
(43, 12, 129, 0, 0, 1, ''),
(44, 12, 155, 0, 0, 1, ''),
(45, 12, 159, 0, 0, 1, ''),
(46, 12, 160, 0, 0, 1, ''),
(47, 13, 86, 0, 0, 0, ''),
(48, 13, 109, 0, 0, 1, ''),
(49, 13, 110, 0, 0, 1, ''),
(50, 13, 169, 0, 0, 1, 'ATRAS'),
(51, 13, 168, 0, 0, 2, 'FRENTE'),
(52, 13, 156, 0, 0, 1, ''),
(53, 13, 161, 0, 0, 1, ''),
(54, 14, 90, 0, 0, 1, ''),
(55, 14, 96, 0, 0, 0, ''),
(56, 14, 169, 0, 0, 4, 'frente'),
(57, 14, 155, 0, 0, 1, ''),
(58, 14, 129, 0, 0, 1, ''),
(59, 14, 160, 0, 0, 1, ''),
(60, 15, 105, 0, 0, 45, ''),
(61, 15, 96, 0, 0, 45, ''),
(62, 15, 129, 0, 0, 1, ''),
(63, 15, 155, 0, 0, 1, 'ESQUERDO'),
(64, 15, 160, 0, 0, 1, ''),
(65, 16, 86, 0, 0, 45, ''),
(66, 16, 169, 0, 0, 4, ''),
(67, 16, 109, 0, 0, 1, ''),
(68, 16, 110, 0, 0, 1, ''),
(69, 16, 87, 0, 0, 1, 'ESQUERDO DE TRAS'),
(70, 16, 161, 0, 0, 1, ''),
(71, 16, 161, 0, 0, 1, 'CANELA'),
(72, 17, 86, 0, 0, 6, ''),
(73, 17, 169, 0, 0, 2, ''),
(74, 17, 168, 0, 0, 2, ''),
(75, 18, 105, 0, 0, 6, ''),
(76, 18, 96, 0, 0, 6, ''),
(83, 20, 86, 0, 0, 0, 'Padrão'),
(84, 20, 109, 0, 0, 1, ''),
(85, 20, 110, 0, 0, 1, ''),
(86, 20, 169, 0, 0, 4, 'Padrão'),
(87, 20, 161, 0, 0, 1, 'cinza 5cm - Padrão'),
(88, 20, 87, 0, 0, 1, 'esquerdo traseiro - Padrão'),
(96, 22, 92, 0, 0, 0, ''),
(97, 22, 106, 0, 0, 0, ''),
(98, 22, 170, 0, 0, 0, ''),
(99, 22, 96, 0, 0, 0, 'Padrão'),
(100, 22, 160, 0, 0, 1, '2 cores - Padrão'),
(101, 22, 159, 0, 0, 0, '2 cores - Padrão'),
(102, 22, 155, 0, 0, 1, 'Lado esquerdo - Logo com Iso - Padrão'),
(103, 22, 129, 0, 0, 1, 'SITE e etc...- Padrão'),
(104, 23, 92, 0, 0, 0, ''),
(105, 23, 105, 0, 0, 0, ''),
(106, 23, 170, 0, 0, 0, ''),
(107, 23, 96, 0, 0, 0, 'Padrão'),
(108, 23, 160, 0, 0, 1, '2 cores - Padrão'),
(109, 23, 155, 0, 0, 1, 'lado esquerdo - Logo e Iso - Padrão'),
(110, 23, 129, 0, 0, 1, 'SITE e etc... - Padrão'),
(111, 24, 86, 0, 0, 0, 'Padrão'),
(112, 24, 109, 0, 0, 1, ''),
(113, 24, 110, 0, 0, 1, ''),
(114, 24, 169, 0, 0, 4, 'Padrão'),
(115, 24, 161, 0, 0, 1, 'cinza 5cm - Padrão'),
(116, 24, 87, 0, 0, 1, 'esquerdo traseiro - Padrão'),
(117, 25, 92, 0, 0, 0, ''),
(118, 25, 105, 0, 0, 0, ''),
(119, 25, 170, 0, 0, 0, ''),
(120, 25, 96, 0, 0, 0, 'Padrão'),
(121, 25, 160, 0, 0, 1, '2 cores - Padrão'),
(122, 25, 155, 0, 0, 1, 'lado esquerdo (Logo e Iso - Padrão)'),
(123, 25, 129, 0, 0, 1, 'SITE  e etc (Padrão)'),
(124, 26, 86, 0, 0, 0, 'Padrão'),
(125, 26, 109, 0, 0, 1, ''),
(126, 26, 110, 0, 0, 1, ''),
(127, 26, 169, 0, 0, 4, 'Padrão'),
(128, 26, 161, 0, 0, 1, 'cinza 5cm - Padrão'),
(129, 26, 87, 0, 0, 1, 'esquerdo traseiro - SIGMA?'),
(130, 27, 86, 0, 0, 0, 'Padrão'),
(131, 27, 109, 0, 0, 1, ''),
(132, 27, 110, 0, 0, 1, ''),
(133, 27, 169, 0, 0, 4, ''),
(134, 27, 161, 0, 0, 1, 'cinza 5cm - Padrão'),
(135, 27, 87, 0, 0, 1, 'esquerdo trasiro - SIGMA?'),
(136, 28, 92, 0, 0, 0, ''),
(137, 28, 105, 0, 0, 0, ''),
(138, 28, 170, 0, 0, 0, ''),
(139, 28, 96, 0, 0, 0, 'Padrão'),
(140, 28, 160, 0, 0, 1, '2 cores - Padrão'),
(141, 28, 155, 0, 0, 1, 'lado esquerdo - logo SIDMA'),
(142, 28, 129, 0, 0, 0, 'NÃO TEM'),
(143, 29, 92, 0, 0, 0, ''),
(144, 29, 105, 0, 0, 0, ''),
(145, 29, 170, 0, 0, 0, ''),
(146, 29, 96, 0, 0, 0, ''),
(147, 29, 160, 0, 0, 1, '2 cores - Padrão'),
(148, 29, 155, 0, 0, 1, 'lado esquerdo  - logo SIGMA'),
(149, 29, 129, 0, 0, 0, 'NÃO TEM'),
(150, 30, 86, 0, 0, 0, 'Padrão'),
(151, 30, 109, 0, 0, 1, ''),
(152, 30, 110, 0, 0, 1, ''),
(153, 30, 169, 0, 0, 4, 'Padrão'),
(154, 30, 161, 0, 0, 1, 'cinza 5cm - Padrão'),
(155, 30, 87, 0, 0, 1, 'esquerdo trazeiro - Padrão'),
(156, 31, 86, 0, 0, 0, 'Padrão'),
(157, 31, 109, 0, 0, 1, ''),
(158, 31, 110, 0, 0, 1, ''),
(159, 31, 169, 0, 0, 4, 'Padrão'),
(160, 31, 161, 0, 0, 1, 'cinza 5cm - Padrão'),
(161, 31, 87, 0, 0, 1, 'esquerdo traseiro - Padrão'),
(162, 32, 92, 0, 0, 0, ''),
(163, 32, 105, 0, 0, 0, ''),
(164, 32, 170, 0, 0, 0, ''),
(165, 32, 96, 0, 0, 0, 'Padrão'),
(166, 32, 160, 0, 0, 1, '2cores - Padrão'),
(167, 32, 115, 0, 0, 1, 'lado esquerdo - logo SITRAN  e Iso'),
(168, 32, 129, 0, 0, 1, 'TRANSCON'),
(169, 33, 86, 0, 0, 0, 'Padrão'),
(170, 33, 109, 0, 0, 1, ''),
(171, 33, 110, 0, 0, 1, ''),
(172, 33, 169, 0, 0, 3, '2 frente 1 atrás esquerdo'),
(173, 33, 169, 0, 0, 1, 'lateral direito, c/ tampo, c/prega'),
(174, 33, 161, 0, 0, 1, 'cinza 5com - Padrão'),
(175, 33, 87, 0, 0, 1, 'esquerdo traseiro (logo Sitran - Padrão) '),
(176, 34, 90, 0, 0, 1, ''),
(177, 34, 184, 0, 0, 7, 'PRESILHAS'),
(178, 34, 168, 0, 0, 2, 'frente'),
(179, 34, 183, 0, 0, 2, 'traseiros'),
(180, 34, 152, 0, 0, 1, 'acima do bolso traseiro esquerdo'),
(181, 35, 91, 0, 0, 8, ''),
(182, 35, 105, 0, 0, 0, ''),
(183, 35, 100, 0, 0, 0, 'COM 2 BOTÕES NAS PONTAS'),
(184, 35, 169, 0, 0, 1, 'esquerdo'),
(185, 35, 148, 0, 0, 1, 'COM PREGA ABAIXO DA PALA NO MEIO DAS COSTAS'),
(186, 35, 152, 0, 0, 1, 'LOGO SITRAN'),
(187, 35, 186, 0, 0, 1, 'ESQUERDA ISO 9001'),
(188, 36, 90, 0, 0, 1, ''),
(189, 36, 185, 0, 0, 7, ''),
(190, 36, 168, 0, 0, 2, 'embutido frente'),
(191, 36, 183, 0, 0, 2, 'atrás com botões '),
(192, 36, 152, 0, 0, 1, 'acima do bolso traseiro esquerdo'),
(193, 37, 91, 0, 0, 7, ''),
(194, 37, 105, 0, 0, 0, ''),
(195, 37, 100, 0, 0, 0, 'com botões nas pontas'),
(196, 37, 148, 0, 0, 1, 'com prega abaixo da pala, no meio'),
(197, 37, 169, 0, 0, 1, ''),
(198, 37, 152, 0, 0, 1, 'logo Sitran cinza e branco'),
(199, 37, 186, 0, 0, 1, 'Iso branco?'),
(200, 38, 86, 0, 0, 0, ''),
(201, 38, 109, 0, 0, 1, ''),
(202, 38, 110, 0, 0, 1, ''),
(203, 38, 169, 0, 0, 4, ''),
(204, 38, 87, 0, 0, 1, 'esquerdo traseiro'),
(205, 38, 161, 0, 0, 1, 'cinza 5cm'),
(206, 39, 92, 0, 0, 0, ''),
(207, 39, 105, 0, 0, 0, ''),
(208, 39, 170, 0, 0, 0, ''),
(209, 39, 96, 0, 0, 0, ''),
(210, 39, 160, 0, 0, 1, '2 cores'),
(211, 39, 155, 0, 0, 1, 'lado esquerdo'),
(212, 39, 129, 0, 0, 1, 'site etc'),
(213, 40, 91, 0, 0, 5, 'FRONTAL'),
(214, 40, 106, 0, 0, 0, ''),
(215, 40, 126, 0, 0, 0, ''),
(216, 40, 102, 0, 0, 0, ''),
(217, 40, 169, 0, 0, 1, 'ESQUERDO'),
(218, 40, 87, 0, 0, 1, 'LOGO pequeno'),
(219, 40, 129, 0, 0, 1, 'LOGO grande'),
(227, 42, 91, 0, 0, 5, ''),
(228, 42, 105, 0, 0, 0, ''),
(229, 42, 100, 0, 0, 0, ''),
(230, 42, 169, 0, 0, 1, ''),
(231, 42, 152, 0, 0, 1, ''),
(232, 43, 92, 0, 0, 0, ''),
(233, 43, 105, 0, 0, 0, ''),
(234, 43, 96, 0, 0, 0, '+/- 2cm, AZUL CLARO'),
(235, 43, 170, 0, 0, 0, 'barrado AZUL CLARO'),
(236, 43, 169, 0, 0, 3, 'C/ PALA AZUL CLARO-1 SUP ESQ, 2 INFERIORES'),
(237, 43, 87, 0, 0, 1, 'esquerdo SUPERIOR'),
(238, 43, 129, 0, 0, 1, ''),
(239, 44, 91, 0, 0, 0, ''),
(240, 44, 106, 0, 0, 0, ''),
(241, 44, 125, 0, 0, 0, ''),
(242, 44, 102, 0, 0, 0, ''),
(243, 44, 169, 0, 0, 1, 'SUP ESQ-PALA VERDE'),
(244, 44, 87, 0, 0, 1, ''),
(245, 44, 129, 0, 0, 1, ''),
(253, 41, 91, 0, 0, 6, ''),
(254, 41, 106, 0, 0, 0, ''),
(255, 41, 126, 0, 0, 0, ''),
(256, 41, 102, 0, 0, 0, ''),
(257, 41, 169, 0, 0, 1, 'esquerdo'),
(258, 41, 87, 0, 0, 1, 'LOGO pequeno'),
(259, 41, 129, 0, 0, 1, 'LOGO grande'),
(260, 19, 86, 0, 0, 0, 'Padrão'),
(261, 19, 109, 0, 0, 1, ''),
(262, 19, 110, 0, 0, 1, ''),
(263, 19, 169, 0, 0, 4, 'Padrão'),
(264, 19, 161, 0, 0, 1, 'cinza 5cm'),
(265, 19, 87, 0, 0, 1, 'traseiro esquerdo - Padrão'),
(266, 21, 92, 0, 0, 0, ''),
(267, 21, 105, 0, 0, 0, ''),
(268, 21, 170, 0, 0, 0, ''),
(269, 21, 96, 0, 0, 0, 'Padrão'),
(270, 21, 155, 0, 0, 1, 'lado esquerdo'),
(271, 21, 129, 0, 0, 1, 'SITE e etc...'),
(272, 21, 179, 0, 0, 0, 'SE ESTA FOR DE OBRA, TEM SIM'),
(273, 45, 92, 0, 0, 0, ''),
(274, 45, 129, 0, 0, 1, ''),
(275, 46, 92, 0, 0, 1, ''),
(276, 46, 129, 0, 0, 1, ''),
(281, 47, 90, 0, 0, 1, ''),
(282, 47, 169, 0, 0, 4, ''),
(283, 47, 169, 0, 0, 2, 'com tampo, lateral perna esquerda'),
(284, 47, 161, 0, 0, 1, '2 cores'),
(285, 48, 92, 0, 0, 0, ''),
(286, 48, 106, 0, 0, 0, ''),
(287, 48, 126, 0, 0, 0, ''),
(288, 48, 96, 0, 0, 0, 'bainha'),
(289, 48, 169, 0, 0, 1, ''),
(290, 48, 87, 0, 0, 1, '???'),
(291, 49, 91, 0, 0, 6, ''),
(292, 49, 106, 0, 0, 0, ''),
(293, 49, 125, 0, 0, 1, ''),
(294, 49, 100, 0, 0, 0, ''),
(295, 49, 148, 0, 0, 1, 'conf modelo'),
(296, 49, 169, 0, 0, 1, 'esquerdo'),
(297, 49, 152, 0, 0, 1, 'só Logo'),
(298, 50, 90, 0, 0, 1, ''),
(299, 50, 190, 0, 0, 4, ''),
(300, 50, 87, 0, 0, 1, 'esquerdo traseiro'),
(314, 53, 86, 0, 0, 0, ''),
(315, 53, 109, 0, 0, 0, ''),
(316, 53, 110, 0, 0, 0, ''),
(317, 53, 169, 0, 0, 4, 'PADRAO'),
(318, 53, 87, 0, 0, 0, 'ESQUERDO TRASEIRO'),
(319, 53, 161, 0, 0, 0, ''),
(327, 52, 92, 0, 0, 0, ''),
(328, 52, 105, 0, 0, 0, ''),
(329, 52, 170, 0, 0, 0, ''),
(330, 52, 96, 0, 0, 0, ''),
(331, 52, 129, 0, 0, 0, ''),
(332, 52, 155, 0, 0, 0, 'ESQUERDO'),
(333, 52, 160, 0, 0, 0, ''),
(334, 54, 86, 0, 0, 0, ''),
(335, 54, 169, 0, 0, 4, ''),
(336, 54, 180, 0, 0, 0, ''),
(345, 55, 92, 0, 0, 0, ''),
(346, 55, 105, 0, 0, 0, ''),
(347, 55, 170, 0, 0, 0, ''),
(348, 55, 99, 0, 0, 0, 'LARANJA'),
(349, 55, 171, 0, 0, 0, ''),
(350, 55, 194, 0, 0, 0, 'LARANJA NOS OMBROS E ATRÁS DA GOLA'),
(351, 55, 129, 0, 0, 1, 'Só Logo grande (3 cores)'),
(352, 55, 155, 0, 0, 1, 'esquerdo - Só Logo peq (3 cores)'),
(353, 56, 86, 0, 0, 0, ''),
(354, 56, 169, 0, 0, 4, ''),
(355, 56, 180, 0, 0, 0, ''),
(356, 57, 92, 0, 0, 0, ''),
(357, 57, 105, 0, 0, 0, ''),
(358, 57, 170, 0, 0, 0, ''),
(359, 57, 99, 0, 0, 0, 'LARANJA'),
(360, 57, 171, 0, 0, 0, ''),
(361, 57, 130, 0, 0, 0, 'PRESPONTO LARANJA DE UMA CAVA A OUTRA PASSANDO ATRAS DA GOLA'),
(362, 57, 129, 0, 0, 1, 'Só logo grande (3cores)'),
(363, 57, 155, 0, 0, 1, 'esquerdo- Só Logo peq (3 cores)'),
(364, 51, 86, 0, 0, 0, ''),
(365, 51, 109, 0, 0, 0, ''),
(366, 51, 110, 0, 0, 0, ''),
(367, 51, 169, 0, 0, 4, 'PADRAO'),
(368, 51, 87, 0, 0, 0, 'ESQUERDO TRASEIRO'),
(369, 51, 161, 0, 0, 2, 'de 2,5 cm cada e uma cor'),
(370, 58, 92, 0, 0, 0, ''),
(371, 58, 105, 0, 0, 0, ''),
(372, 58, 170, 0, 0, 0, ''),
(373, 58, 97, 0, 0, 0, '2 BOTOES'),
(374, 58, 115, 0, 0, 1, 'ESQUERDO LOGO PEQ'),
(375, 60, 86, 0, 0, 0, ''),
(376, 60, 169, 0, 0, 4, ''),
(377, 61, 91, 0, 0, 0, ''),
(378, 61, 105, 0, 0, 0, ''),
(379, 61, 170, 0, 0, 0, ''),
(380, 61, 102, 0, 0, 0, ''),
(381, 61, 169, 0, 0, 1, ''),
(382, 61, 87, 0, 0, 1, ''),
(383, 61, 129, 0, 0, 1, ''),
(384, 61, 160, 0, 0, 1, 'PEITO (BRIM CINZA)'),
(385, 61, 159, 0, 0, 1, 'BRIM CINZA'),
(386, 61, 160, 0, 0, 1, 'ABDOME(BRIM CINZA)'),
(387, 62, 91, 0, 0, 0, ''),
(388, 62, 106, 0, 0, 0, ''),
(389, 62, 170, 0, 0, 0, ''),
(390, 62, 102, 0, 0, 0, ''),
(391, 62, 169, 0, 0, 1, ''),
(392, 62, 87, 0, 0, 1, ''),
(393, 62, 129, 0, 0, 1, ''),
(394, 62, 159, 0, 0, 1, 'BRIM CINZA'),
(395, 62, 160, 0, 0, 1, 'PEITO (BRIM CINZA)'),
(396, 62, 160, 0, 0, 1, 'ABDOME(BRIM CINZA)'),
(397, 63, 91, 0, 0, 0, ''),
(398, 63, 106, 0, 0, 0, ''),
(399, 63, 126, 0, 0, 0, ''),
(400, 63, 97, 0, 0, 0, ''),
(401, 63, 169, 0, 0, 1, 'PEITO ESQUERDO'),
(402, 63, 160, 0, 0, 1, ''),
(403, 63, 87, 0, 0, 1, ''),
(404, 63, 129, 0, 0, 1, ''),
(405, 64, 91, 0, 0, 0, ''),
(406, 64, 105, 0, 0, 0, ''),
(407, 64, 170, 0, 0, 0, ''),
(408, 64, 97, 0, 0, 0, ''),
(409, 64, 169, 0, 0, 1, 'PEITO ESQUERDO'),
(410, 64, 160, 0, 0, 1, ''),
(411, 64, 87, 0, 0, 1, ''),
(412, 64, 129, 0, 0, 1, ''),
(413, 65, 86, 0, 0, 0, ''),
(414, 65, 109, 0, 0, 0, ''),
(415, 65, 110, 0, 0, 0, ''),
(416, 65, 169, 0, 0, 4, ''),
(417, 65, 87, 0, 0, 1, ''),
(418, 65, 161, 0, 0, 0, ''),
(419, 66, 105, 0, 0, 0, ''),
(420, 66, 96, 0, 0, 0, ''),
(421, 66, 155, 0, 0, 0, ''),
(422, 66, 129, 0, 0, 0, ''),
(423, 66, 160, 0, 0, 0, ''),
(430, 69, 92, 0, 0, 0, ''),
(431, 69, 106, 0, 0, 0, ''),
(432, 69, 102, 0, 0, 0, 'DECOTE "V" E VELCRO'),
(433, 69, 169, 0, 0, 1, ''),
(434, 69, 148, 0, 0, 0, 'E OMBRO REFORCADOS'),
(435, 69, 169, 0, 0, 1, ''),
(436, 69, 87, 0, 0, 1, ''),
(437, 69, 129, 0, 0, 1, ''),
(438, 70, 105, 0, 0, 0, ''),
(439, 70, 170, 0, 0, 0, ''),
(440, 70, 102, 0, 0, 0, 'DECOTE"V" E VELCRO'),
(441, 70, 92, 0, 0, 0, ''),
(442, 70, 169, 0, 0, 1, 'ESQUERDO'),
(443, 70, 87, 0, 0, 1, ''),
(444, 70, 129, 0, 0, 1, ''),
(445, 71, 91, 0, 0, 0, '6 BOTOES'),
(446, 71, 105, 0, 0, 0, ''),
(447, 71, 170, 0, 0, 0, ''),
(448, 71, 102, 0, 0, 0, ''),
(449, 71, 169, 0, 0, 1, 'EM CIMA '),
(450, 71, 169, 0, 0, 2, 'EM BAIXO'),
(451, 71, 129, 0, 0, 1, ''),
(452, 71, 87, 0, 0, 1, 'ESQUERDO'),
(453, 72, 86, 0, 0, 0, ''),
(454, 72, 109, 0, 0, 0, ''),
(455, 72, 110, 0, 0, 0, ''),
(456, 72, 169, 0, 0, 4, ''),
(457, 72, 87, 0, 0, 1, ''),
(458, 72, 161, 0, 0, 0, ''),
(459, 73, 86, 0, 0, 0, ''),
(460, 73, 109, 0, 0, 0, ''),
(461, 73, 110, 0, 0, 0, ''),
(462, 73, 169, 0, 0, 4, ''),
(463, 73, 87, 0, 0, 1, ''),
(464, 73, 161, 0, 0, 0, 'FAIXA CINZA E NO LUGAR DE AMARELO COLOCAR BRANCO'),
(465, 74, 105, 0, 0, 0, ''),
(466, 74, 143, 0, 0, 0, ''),
(467, 74, 155, 0, 0, 1, ''),
(468, 74, 129, 0, 0, 1, ''),
(469, 74, 160, 0, 0, 0, 'COLOCAR FAIXA BRANCA NO LUGAR DO AMARELO'),
(470, 75, 86, 0, 0, 0, ''),
(471, 75, 109, 0, 0, 0, ''),
(472, 75, 110, 0, 0, 0, ''),
(473, 75, 169, 0, 0, 4, ''),
(474, 75, 87, 0, 0, 1, ''),
(475, 75, 161, 0, 0, 0, 'FAIXA CINZA E NO LUGAR DE AMARELO COLOCAR BRANCO'),
(476, 76, 105, 0, 0, 0, ''),
(477, 76, 143, 0, 0, 0, ''),
(478, 76, 155, 0, 0, 1, ''),
(479, 76, 129, 0, 0, 1, ''),
(480, 76, 160, 0, 0, 0, 'COLOCAR FAIXA BRANCA NO LUGAR DE AMARELO'),
(481, 77, 86, 0, 0, 0, ''),
(482, 77, 109, 0, 0, 0, ''),
(483, 77, 110, 0, 0, 0, ''),
(484, 77, 87, 0, 0, 1, ''),
(485, 77, 161, 0, 0, 0, ''),
(486, 78, 92, 0, 0, 0, ''),
(487, 78, 106, 0, 0, 0, ''),
(488, 78, 170, 0, 0, 0, ''),
(489, 78, 102, 0, 0, 0, 'DECOTE "V" E VELCRO'),
(490, 78, 148, 0, 0, 0, 'E OMBRO REFORCADOS'),
(491, 78, 169, 0, 0, 1, ''),
(492, 78, 129, 0, 0, 1, ''),
(493, 78, 87, 0, 0, 1, ''),
(494, 79, 106, 0, 0, 0, ''),
(495, 79, 143, 0, 0, 0, ''),
(496, 79, 170, 0, 0, 0, ''),
(497, 79, 155, 0, 0, 1, ''),
(498, 79, 129, 0, 0, 1, ''),
(499, 79, 160, 0, 0, 0, ''),
(500, 80, 105, 0, 0, 0, ''),
(501, 80, 170, 0, 0, 0, ''),
(502, 80, 143, 0, 0, 0, ''),
(503, 80, 155, 0, 0, 1, ''),
(504, 80, 129, 0, 0, 1, ''),
(505, 80, 160, 0, 0, 0, ''),
(506, 81, 86, 0, 0, 0, ''),
(507, 81, 109, 0, 0, 0, ''),
(508, 81, 110, 0, 0, 0, ''),
(509, 81, 169, 0, 0, 4, ''),
(510, 81, 87, 0, 0, 1, ''),
(511, 81, 161, 0, 0, 0, ''),
(1328, 82, 169, 0, 0, 2, 'CALÇA FRONTAL'),
(1327, 82, 169, 0, 0, 2, 'PEITO'),
(1326, 82, 102, 0, 0, 0, ''),
(1325, 82, 126, 0, 0, 0, ''),
(1324, 82, 106, 0, 0, 0, ''),
(1323, 82, 94, 0, 0, 0, 'ELASTICO'),
(1322, 82, 90, 0, 0, 0, ''),
(537, 85, 86, 0, 0, 0, ''),
(538, 85, 169, 0, 0, 4, ''),
(539, 85, 180, 0, 0, 0, ''),
(540, 84, 105, 0, 0, 0, ''),
(541, 84, 170, 0, 0, 0, ''),
(542, 84, 193, 0, 0, 0, 'PUNHO LARANJA'),
(543, 84, 92, 0, 0, 0, ''),
(544, 84, 155, 0, 0, 0, 'ESQUERDO'),
(545, 84, 129, 0, 0, 0, 'GRANDE'),
(1338, 83, 169, 0, 0, 2, 'CALÇA FROTAL'),
(1337, 83, 169, 0, 0, 2, 'PEITO'),
(1336, 83, 102, 0, 0, 0, ''),
(1335, 83, 126, 0, 0, 0, ''),
(1334, 83, 106, 0, 0, 0, ''),
(1333, 83, 94, 0, 0, 0, 'ELASTICO'),
(1332, 83, 90, 0, 0, 0, ''),
(592, 86, 86, 0, 0, 0, ''),
(593, 86, 172, 0, 0, 0, ''),
(594, 86, 176, 0, 0, 0, ''),
(595, 86, 177, 0, 0, 0, ''),
(596, 86, 169, 0, 0, 4, ''),
(597, 86, 178, 0, 0, 0, ''),
(598, 86, 180, 0, 0, 0, ''),
(599, 86, 179, 0, 0, 0, ''),
(600, 87, 92, 0, 0, 0, ''),
(601, 87, 105, 0, 0, 0, ''),
(602, 87, 172, 0, 0, 0, ''),
(603, 87, 176, 0, 0, 0, ''),
(604, 87, 171, 0, 0, 0, ''),
(605, 87, 177, 0, 0, 0, ''),
(606, 87, 195, 0, 0, 0, ''),
(607, 87, 170, 0, 0, 0, ''),
(608, 87, 95, 0, 0, 0, ''),
(609, 87, 179, 0, 0, 0, ''),
(610, 87, 178, 0, 0, 0, ''),
(611, 87, 129, 0, 0, 1, '( SÓ )'),
(612, 89, 86, 0, 0, 0, ''),
(613, 89, 109, 0, 0, 0, ''),
(614, 89, 110, 0, 0, 0, ''),
(615, 89, 161, 0, 0, 0, ''),
(616, 68, 86, 0, 0, 0, ''),
(617, 68, 109, 0, 0, 0, ''),
(618, 68, 110, 0, 0, 0, ''),
(619, 68, 169, 0, 0, 4, ''),
(620, 68, 87, 0, 0, 0, 'esquerdo traseiro (sem iso)'),
(639, 91, 86, 0, 0, 0, ''),
(640, 91, 172, 0, 0, 0, ''),
(641, 91, 168, 0, 0, 2, '( FRENTE ) COM MAIS PROFUNDIDADE'),
(642, 91, 169, 0, 0, 2, 'TRAZEIRO'),
(643, 91, 176, 0, 0, 0, ''),
(644, 91, 177, 0, 0, 0, ''),
(645, 91, 181, 0, 0, 0, ''),
(646, 91, 178, 0, 0, 0, ''),
(647, 91, 156, 0, 0, 0, 'ESQUERDA'),
(648, 91, 179, 0, 0, 0, ''),
(649, 92, 92, 0, 0, 0, ''),
(650, 92, 105, 0, 0, 0, ''),
(651, 92, 170, 0, 0, 0, 'VIES VERDE'),
(652, 92, 95, 0, 0, 0, 'VERDE'),
(653, 92, 171, 0, 0, 0, ''),
(654, 92, 176, 0, 0, 0, ''),
(655, 92, 177, 0, 0, 0, ''),
(656, 92, 181, 0, 0, 0, ''),
(657, 92, 178, 0, 0, 0, ''),
(658, 92, 129, 0, 0, 0, ''),
(659, 92, 155, 0, 0, 0, 'LADO ESQUERDO'),
(660, 92, 179, 0, 0, 0, ''),
(661, 93, 86, 0, 0, 0, ''),
(662, 93, 172, 0, 0, 0, ''),
(663, 93, 176, 0, 0, 0, ''),
(664, 93, 177, 0, 0, 0, ''),
(665, 93, 169, 0, 0, 4, ''),
(666, 93, 181, 0, 0, 0, ''),
(667, 93, 178, 0, 0, 0, ''),
(668, 93, 156, 0, 0, 0, 'ESQUERDA'),
(669, 93, 179, 0, 0, 0, ''),
(682, 95, 92, 0, 0, 0, ''),
(683, 95, 105, 0, 0, 0, ''),
(684, 95, 170, 0, 0, 0, ''),
(685, 95, 97, 0, 0, 0, 'DOIS BOTOES'),
(686, 95, 176, 0, 0, 0, ''),
(687, 95, 177, 0, 0, 0, ''),
(688, 95, 171, 0, 0, 0, ''),
(689, 95, 181, 0, 0, 0, ''),
(690, 95, 178, 0, 0, 0, ''),
(691, 95, 155, 0, 0, 0, 'ESQUERDO'),
(692, 95, 129, 0, 0, 0, ''),
(693, 95, 179, 0, 0, 0, ''),
(694, 94, 92, 0, 0, 0, ''),
(695, 94, 105, 0, 0, 0, ''),
(696, 94, 170, 0, 0, 0, ''),
(697, 94, 95, 0, 0, 0, ''),
(698, 94, 176, 0, 0, 0, ''),
(699, 94, 177, 0, 0, 0, ''),
(700, 94, 171, 0, 0, 0, ''),
(701, 94, 181, 0, 0, 0, ''),
(702, 94, 178, 0, 0, 0, ''),
(703, 94, 155, 0, 0, 0, 'LADO ESQUERDO'),
(704, 94, 129, 0, 0, 0, ''),
(705, 94, 179, 0, 0, 0, ''),
(706, 96, 92, 0, 0, 0, ''),
(707, 96, 172, 0, 0, 0, ''),
(708, 96, 105, 0, 0, 0, ''),
(709, 96, 97, 0, 0, 0, 'COM DOIS BOTOES'),
(710, 96, 176, 0, 0, 0, ''),
(711, 96, 177, 0, 0, 0, ''),
(712, 96, 171, 0, 0, 0, ''),
(713, 96, 181, 0, 0, 0, ''),
(714, 96, 115, 0, 0, 0, 'ESQUERDO'),
(715, 96, 180, 0, 0, 0, ''),
(716, 96, 179, 0, 0, 0, ''),
(727, 97, 92, 0, 0, 0, ''),
(728, 97, 172, 0, 0, 0, ''),
(729, 97, 97, 0, 0, 0, 'COM DOIS BOTOES'),
(730, 97, 176, 0, 0, 0, ''),
(731, 97, 177, 0, 0, 0, ''),
(732, 97, 171, 0, 0, 0, ''),
(733, 97, 105, 0, 0, 0, ''),
(734, 97, 181, 0, 0, 0, ''),
(735, 97, 115, 0, 0, 0, 'ESQUERDO'),
(736, 97, 180, 0, 0, 0, ''),
(737, 97, 179, 0, 0, 0, ''),
(761, 98, 92, 0, 0, 0, ''),
(762, 98, 172, 0, 0, 0, ''),
(763, 98, 105, 0, 0, 0, ''),
(764, 98, 143, 0, 0, 0, ''),
(765, 98, 176, 0, 0, 0, ''),
(766, 98, 177, 0, 0, 0, ''),
(767, 98, 171, 0, 0, 0, ''),
(768, 98, 170, 0, 0, 0, ''),
(769, 98, 181, 0, 0, 0, ''),
(770, 98, 178, 0, 0, 0, ''),
(771, 98, 129, 0, 0, 0, ''),
(772, 98, 131, 0, 0, 0, 'ESQUERDO'),
(773, 98, 160, 0, 0, 0, ''),
(914, 99, 91, 0, 0, 0, ''),
(915, 99, 105, 0, 0, 0, ''),
(916, 99, 170, 0, 0, 0, ''),
(917, 99, 102, 0, 0, 0, ''),
(918, 99, 176, 0, 0, 0, ''),
(919, 99, 177, 0, 0, 0, ''),
(920, 99, 169, 0, 0, 1, 'PEITO LADO ESQUERDO'),
(921, 99, 181, 0, 0, 0, ''),
(922, 99, 178, 0, 0, 0, ''),
(923, 99, 155, 0, 0, 0, 'BOLSO LADO ESQUERDO'),
(924, 99, 129, 0, 0, 0, ''),
(925, 99, 179, 0, 0, 0, ''),
(926, 100, 86, 0, 0, 0, ''),
(927, 100, 172, 0, 0, 0, ''),
(928, 100, 169, 0, 0, 4, ''),
(929, 100, 181, 0, 0, 0, ''),
(930, 100, 178, 0, 0, 0, ''),
(931, 100, 180, 0, 0, 0, ''),
(932, 100, 179, 0, 0, 0, ''),
(933, 101, 91, 0, 0, 0, ''),
(934, 101, 106, 0, 0, 0, ''),
(935, 101, 170, 0, 0, 0, ''),
(936, 101, 102, 0, 0, 0, ''),
(937, 101, 176, 0, 0, 0, ''),
(938, 101, 177, 0, 0, 0, ''),
(939, 101, 169, 0, 0, 1, 'PEITO LADO ESQUERDO'),
(940, 101, 181, 0, 0, 0, ''),
(941, 101, 178, 0, 0, 0, ''),
(942, 101, 155, 0, 0, 0, 'BOLSO LADO ESQUERDO'),
(943, 101, 129, 0, 0, 0, ''),
(944, 101, 179, 0, 0, 0, ''),
(945, 102, 91, 0, 0, 0, ''),
(946, 102, 105, 0, 0, 0, ''),
(947, 102, 170, 0, 0, 0, ''),
(948, 102, 102, 0, 0, 0, ''),
(949, 102, 176, 0, 0, 0, ''),
(950, 102, 177, 0, 0, 0, ''),
(951, 102, 169, 0, 0, 1, 'PEITO LADO ESQUERDO'),
(952, 102, 181, 0, 0, 0, ''),
(953, 102, 178, 0, 0, 0, ''),
(954, 102, 155, 0, 0, 0, 'BOLSO LADO ESQUERDO'),
(955, 102, 129, 0, 0, 0, ''),
(956, 102, 179, 0, 0, 0, ''),
(957, 103, 86, 0, 0, 0, ''),
(958, 103, 169, 0, 0, 4, ''),
(959, 103, 181, 0, 0, 0, ''),
(960, 103, 178, 0, 0, 0, ''),
(961, 103, 180, 0, 0, 0, ''),
(962, 103, 179, 0, 0, 0, ''),
(963, 104, 91, 0, 0, 0, ''),
(964, 104, 106, 0, 0, 0, ''),
(965, 104, 170, 0, 0, 0, ''),
(966, 104, 102, 0, 0, 0, ''),
(967, 104, 149, 0, 0, 0, '2 FAIXAS CINZA NO PEITO'),
(968, 104, 177, 0, 0, 0, ''),
(969, 104, 169, 0, 0, 1, 'PEITO LADO ESQUERDO'),
(970, 104, 178, 0, 0, 0, ''),
(971, 104, 181, 0, 0, 0, ''),
(972, 104, 155, 0, 0, 0, 'BOLSO LADO ESQUERDO'),
(973, 104, 129, 0, 0, 0, ''),
(974, 104, 179, 0, 0, 0, ''),
(975, 105, 86, 0, 0, 0, ''),
(976, 105, 169, 0, 0, 4, ''),
(977, 105, 181, 0, 0, 0, ''),
(978, 105, 178, 0, 0, 0, ''),
(979, 105, 180, 0, 0, 0, ''),
(980, 105, 179, 0, 0, 0, ''),
(981, 106, 91, 0, 0, 0, ''),
(982, 106, 105, 0, 0, 0, ''),
(983, 106, 170, 0, 0, 0, ''),
(984, 106, 102, 0, 0, 0, ''),
(985, 106, 176, 0, 0, 0, ''),
(986, 106, 177, 0, 0, 0, ''),
(987, 106, 169, 0, 0, 1, 'PEITO LADO ESQUERDO'),
(988, 106, 181, 0, 0, 0, ''),
(989, 106, 178, 0, 0, 0, ''),
(990, 106, 155, 0, 0, 0, 'BOLSO LADO ESQUERDO'),
(991, 106, 129, 0, 0, 0, ''),
(992, 106, 179, 0, 0, 0, ''),
(993, 107, 86, 0, 0, 0, ''),
(994, 107, 169, 0, 0, 4, ''),
(995, 107, 176, 0, 0, 0, ''),
(996, 107, 177, 0, 0, 0, ''),
(997, 107, 181, 0, 0, 0, ''),
(998, 107, 178, 0, 0, 0, ''),
(999, 107, 180, 0, 0, 0, ''),
(1000, 107, 179, 0, 0, 0, ''),
(1013, 109, 86, 0, 0, 0, ''),
(1014, 109, 176, 0, 0, 0, ''),
(1015, 109, 177, 0, 0, 0, ''),
(1016, 109, 169, 0, 0, 4, ''),
(1017, 109, 181, 0, 0, 0, ''),
(1018, 109, 178, 0, 0, 0, ''),
(1019, 109, 180, 0, 0, 0, ''),
(1020, 109, 179, 0, 0, 0, ''),
(1021, 110, 86, 0, 0, 0, ''),
(1022, 110, 169, 0, 0, 4, ''),
(1023, 110, 181, 0, 0, 0, ''),
(1024, 110, 178, 0, 0, 0, ''),
(1025, 110, 180, 0, 0, 0, ''),
(1026, 110, 179, 0, 0, 0, ''),
(1027, 108, 92, 0, 0, 0, ''),
(1028, 108, 105, 0, 0, 0, ''),
(1029, 108, 170, 0, 0, 0, ''),
(1030, 108, 99, 0, 0, 0, 'LARANJA'),
(1031, 108, 176, 0, 0, 0, ''),
(1032, 108, 177, 0, 0, 0, ''),
(1033, 108, 171, 0, 0, 0, ''),
(1034, 108, 181, 0, 0, 0, ''),
(1035, 108, 155, 0, 0, 0, 'ESQUERDO'),
(1036, 108, 129, 0, 0, 0, 'GRANDE'),
(1037, 108, 179, 0, 0, 0, ''),
(1079, 112, 91, 0, 0, 0, ''),
(1080, 112, 106, 0, 0, 0, ''),
(1081, 112, 170, 0, 0, 0, ''),
(1082, 112, 102, 0, 0, 0, ''),
(1083, 112, 169, 0, 0, 1, 'PEITO LADO ESQUERDO'),
(1084, 112, 87, 0, 0, 1, 'PEITO LADO ESQUERDO'),
(1085, 112, 129, 0, 0, 0, ''),
(1086, 112, 160, 0, 0, 0, ''),
(1087, 112, 159, 0, 0, 0, ''),
(1088, 111, 86, 0, 0, 0, ''),
(1089, 111, 169, 0, 0, 4, ''),
(1090, 111, 156, 0, 0, 1, 'ESQUERDA'),
(1091, 111, 161, 0, 0, 0, ''),
(1364, 116, 169, 0, 0, 4, ''),
(1365, 116, 86, 0, 0, 0, ''),
(1366, 116, 156, 0, 0, 1, 'ESQUERDA VERTICAL'),
(1371, 117, 95, 0, 0, 0, ''),
(1372, 117, 169, 0, 0, 1, 'PEITO LADO ESQUERDO'),
(1373, 117, 87, 0, 0, 1, 'PEITO LADO ESQUERDO'),
(1288, 119, 152, 0, 0, 1, 'TRASEIRO LADO DIREITO'),
(1287, 119, 90, 0, 0, 1, ''),
(1286, 119, 185, 0, 0, 0, ''),
(1285, 119, 190, 0, 0, 2, 'FRENTE'),
(1399, 118, 105, 0, 0, 0, ''),
(1398, 118, 170, 0, 0, 0, ''),
(1131, 120, 197, 0, 0, 1, ''),
(1132, 120, 131, 0, 0, 1, ''),
(1188, 113, 91, 0, 0, 1, ''),
(1189, 113, 94, 0, 0, 0, 'ELASTICO'),
(1190, 113, 148, 0, 0, 0, ''),
(1191, 113, 169, 0, 0, 4, ''),
(1192, 113, 180, 0, 0, 0, ''),
(1193, 113, 161, 0, 0, 0, ''),
(1194, 114, 91, 0, 0, 0, ''),
(1195, 114, 106, 0, 0, 0, ''),
(1196, 114, 170, 0, 0, 0, ''),
(1197, 114, 102, 0, 0, 0, ''),
(1198, 114, 169, 0, 0, 1, 'PEITO LADO ESQUERDO'),
(1199, 114, 152, 0, 0, 1, 'PEITO LADO ESQUERDO'),
(1200, 114, 128, 0, 0, 1, ''),
(1201, 114, 160, 0, 0, 0, 'NA COR CINZA'),
(1202, 114, 159, 0, 0, 0, 'NA COR CINZA'),
(1203, 115, 91, 0, 0, 0, ''),
(1204, 115, 105, 0, 0, 0, ''),
(1205, 115, 170, 0, 0, 0, ''),
(1206, 115, 102, 0, 0, 0, ''),
(1207, 115, 169, 0, 0, 1, 'PEITO LADO ESQUERDO'),
(1208, 115, 152, 0, 0, 1, 'PEITO LADO ESQUERDO'),
(1209, 115, 128, 0, 0, 1, ''),
(1210, 115, 160, 0, 0, 0, 'NA COR CINZA'),
(1211, 115, 159, 0, 0, 0, 'NA COR CINZA'),
(2302, 122, 148, 0, 0, 0, ''),
(2300, 122, 94, 0, 0, 0, 'MEIO ELASTICO'),
(2308, 121, 102, 0, 0, 0, 'TIPO ITALIANA ESPORTE ABOTOADA ATE EM CIMA'),
(2309, 121, 160, 0, 0, 0, 'NA COR CINZA'),
(2310, 121, 159, 0, 0, 0, 'NA COR CINZA'),
(2311, 121, 129, 0, 0, 1, '20 CM DE LARGURA ALTURA PROPORCIONAL'),
(2306, 121, 169, 0, 0, 1, 'PEITO ESQUERDO (13 CM DE LARGURA E 14 CM DE ALTURA)APRESENTE TAMPA C\\ FECHAMENTO EM VELCRO C\\ DIVISÃO P\\ CANETA, COSTURA REFORÇADA NO TRAVETE '),
(1400, 118, 199, 0, 0, 0, 'C\\ 3 BOTOES'),
(1367, 116, 179, 0, 0, 0, ''),
(1374, 117, 129, 0, 0, 1, ''),
(1369, 117, 105, 0, 0, 0, ''),
(1370, 117, 170, 0, 0, 0, ''),
(1363, 116, 109, 0, 0, 0, ''),
(1368, 117, 92, 0, 0, 0, ''),
(1397, 118, 92, 0, 0, 0, ''),
(1284, 119, 169, 0, 0, 2, 'ATRAS'),
(1394, 125, 115, 0, 0, 1, 'SUPERIOR ESQUERDO'),
(1319, 124, 190, 0, 0, 1, 'SUPERIOR ESQUERDO'),
(1318, 124, 189, 0, 0, 0, 'TRAZEIRA'),
(1317, 124, 100, 0, 0, 0, 'CONFORME DESENHO'),
(1316, 124, 170, 0, 0, 0, ''),
(1315, 124, 94, 0, 0, 0, 'CONTO PRESO'),
(1314, 124, 91, 0, 0, 5, ''),
(1310, 88, 170, 0, 0, 0, ''),
(1309, 88, 106, 0, 0, 0, ''),
(1308, 88, 94, 0, 0, 0, 'ELASTICO'),
(1307, 88, 90, 0, 0, 1, 'GRANDE'),
(1311, 88, 100, 0, 0, 0, 'P\\ EMBUTIR CAPUZ'),
(1312, 88, 198, 0, 0, 0, ''),
(1313, 88, 155, 0, 0, 1, 'ESQUERDO-BRASAO C\\ NOME'),
(1320, 124, 169, 0, 0, 2, 'INFERIOR'),
(1321, 124, 87, 0, 0, 1, 'SUPERIOR'),
(1329, 82, 196, 0, 0, 0, ''),
(1330, 82, 110, 0, 0, 0, ' E COTOVELO AMBOS C\\ 25 CM, NADEGAS 40 CM ( REFORÇO DE TECIDO DUPLO )'),
(1331, 82, 155, 0, 0, 0, 'BOLSO LADO ESQUERDO'),
(1339, 83, 196, 0, 0, 0, ''),
(1340, 83, 110, 0, 0, 0, 'E COTOVELO AMBOS C\\ 25 CM, NADEGAS 40 CM (REFORÇO COM TECIDO DUPLO )'),
(1341, 83, 155, 0, 0, 0, 'BOLSO LADO ESQUERDO'),
(1396, 118, 97, 0, 0, 0, ''),
(1395, 118, 169, 0, 0, 1, 'PEITO LADO ESQUERDO'),
(1393, 125, 199, 0, 0, 0, 'C\\ 3 BOTOES'),
(1392, 125, 92, 0, 0, 0, ''),
(1391, 125, 105, 0, 0, 0, ''),
(1390, 125, 170, 0, 0, 0, ''),
(1389, 125, 97, 0, 0, 0, ''),
(1401, 118, 152, 0, 0, 1, ''),
(1436, 126, 149, 0, 0, 0, 'CINZA NO PEITO E MANGAS'),
(1435, 126, 127, 0, 0, 0, 'MATELADO'),
(1434, 126, 126, 0, 0, 0, ''),
(1433, 126, 106, 0, 0, 0, ''),
(1432, 126, 90, 0, 0, 1, 'FRONTAL'),
(1431, 126, 200, 0, 0, 0, 'CINZA'),
(1430, 126, 187, 0, 0, 0, 'ETIQUETA NO DEGOLO'),
(1421, 127, 90, 0, 0, 1, 'FRONTAL'),
(1422, 127, 200, 0, 0, 0, 'CINZA'),
(1423, 127, 106, 0, 0, 0, ''),
(1424, 127, 126, 0, 0, 0, ''),
(1425, 127, 187, 0, 0, 0, 'ETIQUETA NO DEGOLO'),
(1426, 127, 127, 0, 0, 0, 'MATELADO'),
(1427, 127, 149, 0, 0, 0, 'CINZA NO PEITO E MANGAS'),
(1428, 127, 155, 0, 0, 1, 'SUPERIOR ESQUERDO PARTE PRETA'),
(1429, 127, 129, 0, 0, 1, 'VIGILANCIA AMBIENTAL E SANITARIA'),
(1437, 126, 155, 0, 0, 1, 'SUPERIOR ESQUERDO (NA PARTE PRETA)'),
(1438, 126, 129, 0, 0, 1, 'VIGILANCIA AMBIENTAL'),
(1439, 128, 86, 0, 0, 0, ''),
(1440, 128, 169, 0, 0, 4, ''),
(1448, 129, 102, 0, 0, 0, ''),
(1447, 129, 170, 0, 0, 0, ''),
(1446, 129, 105, 0, 0, 0, ''),
(1445, 129, 92, 0, 0, 0, ''),
(1449, 129, 201, 0, 0, 0, ''),
(1450, 129, 169, 0, 0, 1, 'PEITO LADO ESQUERDO'),
(1451, 129, 87, 0, 0, 1, ''),
(1452, 129, 129, 0, 0, 1, ''),
(1474, 130, 148, 0, 0, 0, 'E OMBRO REFORÇADAS'),
(1473, 130, 201, 0, 0, 0, ''),
(1472, 130, 169, 0, 0, 1, 'PEITO LADO ESQUERDO'),
(1471, 130, 102, 0, 0, 0, ''),
(1470, 130, 170, 0, 0, 0, ''),
(1469, 130, 106, 0, 0, 0, ''),
(1468, 130, 92, 0, 0, 0, ''),
(2040, 131, 169, 0, 0, 4, ''),
(2039, 131, 110, 0, 0, 0, ''),
(2038, 131, 109, 0, 0, 0, ''),
(2037, 131, 86, 0, 0, 0, ''),
(1475, 130, 87, 0, 0, 1, ''),
(1476, 130, 129, 0, 0, 1, ''),
(2312, 121, 152, 0, 0, 1, 'PEITO ESQUERDO COM 5 CM DE LARGURA E ALTURA PROPORCIONAL '),
(2307, 121, 91, 0, 0, 0, 'C\\ VSTA'),
(2305, 121, 125, 0, 0, 0, ''),
(2304, 121, 106, 0, 0, 0, ''),
(2301, 122, 184, 0, 0, 0, 'PASSANTE'),
(2299, 122, 91, 0, 0, 0, 'COM VISTA'),
(1492, 132, 86, 0, 0, 0, ''),
(1493, 132, 169, 0, 0, 4, ''),
(1494, 132, 202, 0, 0, 2, 'C\\ TAMPA E VELCRO'),
(1495, 132, 87, 0, 0, 0, 'ESQUERDO FRENTE ( NO PE DO BOLSO )'),
(1496, 132, 161, 0, 0, 0, 'NA CANELA ( VERDE E CINZA )'),
(1548, 133, 205, 0, 0, 0, 'AZUL ( DESDE DA BAINHA DA MANGA PASSANDO PELA CAVA ATE A BAINHA DA CAMISA )'),
(1546, 133, 87, 0, 0, 1, ''),
(1545, 133, 129, 0, 0, 1, ''),
(1544, 133, 169, 0, 0, 1, 'PEITO LADO ESQUERDO'),
(1541, 133, 92, 0, 0, 0, ''),
(1542, 133, 105, 0, 0, 0, ''),
(1543, 133, 170, 0, 0, 0, ''),
(1537, 134, 129, 0, 0, 1, ''),
(1536, 134, 87, 0, 0, 1, ''),
(1535, 134, 192, 0, 0, 0, ''),
(1534, 134, 169, 0, 0, 0, 'PEITO LADO ESQUERDO'),
(1533, 134, 145, 0, 0, 0, ''),
(1531, 134, 92, 0, 0, 0, ''),
(1532, 134, 106, 0, 0, 0, ''),
(1547, 133, 204, 0, 0, 0, 'DIREITA ( ISO PBOP )'),
(1540, 133, 192, 0, 0, 0, ''),
(1538, 134, 205, 0, 0, 0, 'AZUL ( DESDE DO PUNHO DA MANGA PASSANDO PELA CAVA ATE A BAINHA DA CAMISA )'),
(1539, 134, 204, 0, 0, 0, 'DIREITA ( ISO E PBOP )'),
(2298, 122, 169, 0, 0, 4, ''),
(1564, 135, 86, 0, 0, 0, ''),
(1565, 135, 169, 0, 0, 4, ''),
(1737, 136, 148, 0, 0, 0, 'AZUL CEÚ'),
(1738, 136, 149, 0, 0, 0, 'AZUL CEÚ'),
(1739, 136, 131, 0, 0, 1, 'VERTICAL LADO DIREITO ESCRITO DEBAIXO PARA CIMA NA COR BRANCO '),
(1736, 136, 102, 0, 0, 0, 'AZUL ROYAL'),
(1735, 136, 92, 0, 0, 0, ''),
(1734, 136, 207, 0, 0, 0, '2,5CM AZUL ROYAL'),
(2058, 137, 90, 0, 0, 0, 'C\\ 1 BOTAO'),
(2059, 137, 183, 0, 0, 2, 'ATRAS ACABAMENTO C\\ VISTA'),
(1733, 136, 105, 0, 0, 0, 'AZUL CEÚ'),
(1732, 136, 199, 0, 0, 0, 'C\\ 2 BOTOES'),
(3086, 138, 131, 0, 0, 1, 'VERTICAL LADO DIREITO ESCRITO DEBAIXO PARA CIMA NA COR BRANCO'),
(3084, 138, 199, 0, 0, 0, 'C\\ 2 BOTOES'),
(3085, 138, 169, 0, 0, 1, 'PEITO ESQUERDO AZUL CEU ( BOCA DO BOLSO ALINHADA C\\ PRESPONTO DA PALA )'),
(3082, 138, 102, 0, 0, 0, 'AZUL ROYAL'),
(3083, 138, 207, 0, 0, 0, '2,5 CM AZUL ROYAL'),
(1772, 139, 169, 0, 0, 1, 'PEITO ESQUERDO AZUL ROYAL ( BOCA DO BOLSO ALINHADA C\\ PRESPONTO DA PALA )'),
(1771, 139, 149, 0, 0, 0, 'VERDE'),
(1769, 139, 199, 0, 0, 0, 'C\\ 2 BOTOES'),
(1770, 139, 148, 0, 0, 0, 'VERDE'),
(1768, 139, 102, 0, 0, 0, 'AZUL ROYAL'),
(1767, 139, 207, 0, 0, 0, '2,5 CM AZUL ROYAL'),
(1765, 139, 92, 0, 0, 0, ''),
(1766, 139, 105, 0, 0, 0, 'VERDE'),
(2138, 145, 161, 0, 0, 0, ''),
(1800, 144, 131, 0, 0, 1, 'VERTICAL LADO DIREITO ESCRITO DEBAIXO PARA CIMA NA COR BRANCO'),
(1784, 141, 90, 0, 0, 0, 'C\\ 1 BOTAO'),
(1783, 141, 183, 0, 0, 2, 'ATRAS (ACABAMENTO C\\ VISTA )'),
(1782, 141, 183, 0, 0, 2, 'FRENTE ( FACA )'),
(1781, 141, 202, 0, 0, 2, 'PERNAS C\\ TAMPA ( FUNDO DA PREGA AZUL ROYAL )'),
(1719, 142, 169, 0, 0, 1, 'PEITO ESQUERDO ( BOCA DO BOLSO ALINHADA C\\ PRESPONTO DA PALA )'),
(1718, 142, 149, 0, 0, 0, 'BRANCO'),
(1717, 142, 148, 0, 0, 0, 'BRANCO'),
(1716, 142, 102, 0, 0, 0, 'AZUL ROYAL'),
(1715, 142, 207, 0, 0, 0, '2.5 CM AZUL ROYAL'),
(1713, 142, 92, 0, 0, 0, ''),
(1714, 142, 105, 0, 0, 0, 'BRANCO'),
(1791, 143, 87, 0, 0, 2, 'CARGO NA TAMPA'),
(1790, 143, 169, 0, 0, 2, 'FRENTE ( FACA)'),
(1789, 143, 206, 0, 0, 0, '(FRENTE COS. ATRAS ELÁSTICO ) C\\ PRESILHAS'),
(1787, 143, 90, 0, 0, 0, 'C\\ 1 BOTAO'),
(1788, 143, 203, 0, 0, 2, 'PERNAS C\\ TAMPA ( FUNDO DA PREGA BRANCO)'),
(1799, 144, 169, 0, 0, 1, 'PEITO ESQUERDO AZUL ROYAL ( BOCA BOLSO ALINHADA C\\ PRESPONTO DA PALA )'),
(1798, 144, 199, 0, 0, 0, 'C\\ 2 BOTOES'),
(1797, 144, 149, 0, 0, 0, 'AZUL CÉU'),
(1796, 144, 148, 0, 0, 0, 'AZUL CÉU'),
(1795, 144, 102, 0, 0, 0, 'AZUL ROYAL'),
(1794, 144, 207, 0, 0, 0, '8 CM AZUL ROYAL C\\ 4 BOTOES DE PRESSAO'),
(1792, 144, 92, 0, 0, 0, ''),
(1793, 144, 106, 0, 0, 0, 'AZUL CÉU'),
(2060, 137, 202, 0, 0, 2, 'PENAS C\\ TAMPA (FUNDO DA PREGA AZUL CÉU )'),
(2057, 137, 206, 0, 0, 0, '(FRENTE COS. ATRAS ELÁSTICO ) C \\ PRESILHAS'),
(1773, 139, 131, 0, 0, 1, 'VERTICAL (LADO DIREITO ESCRITO DEBAIXO PARA CIMA NA COR BRANCO) '),
(3081, 138, 148, 0, 0, 0, 'AZUL CÉU'),
(3080, 138, 105, 0, 0, 0, 'AZUL CÉU'),
(3079, 138, 149, 0, 0, 0, 'AZUL CÉU'),
(3078, 138, 92, 0, 0, 0, ''),
(1785, 141, 87, 0, 0, 2, 'CARGO NA TAMPA'),
(1780, 141, 206, 0, 0, 0, '( FRENTE COS. ATRAS ELASTICO ) C\\ PRESILHAS'),
(1786, 143, 183, 0, 0, 2, 'ATRAS ( ACABAMENTO C\\ VISTA)'),
(1720, 142, 199, 0, 0, 0, 'C\\ 2 BOTOES'),
(1721, 142, 131, 0, 0, 1, 'VERTICAL LADO DIREITO ESCRITO DEBAIXO PARA CIMA NA COR BRANCO'),
(1731, 136, 169, 0, 0, 1, 'PEITO ESQUERDO AZUL ROYAL ( BOCA DO BOLSO ALINHADA C\\ PRESPONTO DA PALA )'),
(2061, 137, 183, 0, 0, 2, 'FRENTE (FACA)'),
(2002, 146, 159, 0, 0, 1, 'CINZA'),
(2137, 145, 156, 0, 0, 1, 'DIREITA VERTICAL ( ESCRITO DE CIMA PARA BAIXO )'),
(2136, 145, 169, 0, 0, 1, 'TRASEIRO LADO DIREITO'),
(2135, 145, 169, 0, 0, 2, 'FRENTE'),
(1997, 146, 145, 0, 0, 0, ''),
(1998, 146, 96, 0, 0, 0, ''),
(1999, 146, 160, 0, 0, 1, 'CINZA'),
(2000, 146, 155, 0, 0, 1, 'LADO ESQUERDO'),
(1879, 147, 156, 0, 0, 1, 'DIREITA VERTICAL ( ESCRITO DE CIMA PARA BAIXO ) '),
(1878, 147, 86, 0, 0, 0, ''),
(1877, 147, 185, 0, 0, 0, ''),
(1876, 147, 109, 0, 0, 1, ''),
(1875, 147, 110, 0, 0, 1, ''),
(2134, 145, 110, 0, 0, 0, ''),
(2133, 145, 185, 0, 0, 0, ''),
(2131, 145, 109, 0, 0, 0, ''),
(2132, 145, 86, 0, 0, 0, ''),
(1874, 147, 169, 0, 0, 2, 'FRENTE'),
(1873, 147, 169, 0, 0, 1, 'TRASEIRO LADO DIREITO'),
(2001, 146, 129, 0, 0, 1, 'SUPERIOR'),
(1996, 146, 106, 0, 0, 0, ''),
(1995, 146, 92, 0, 0, 0, ''),
(1880, 147, 161, 0, 0, 0, ''),
(1956, 148, 155, 0, 0, 1, 'SUPERIOR ESQUERDO '),
(1957, 148, 131, 0, 0, 1, 'VERTICAL LADO DIREITO ( ESCRITO DEBAIXO PARA COMA )'),
(1963, 149, 155, 0, 0, 1, 'SUPERIOR ESQUERDO'),
(1962, 149, 131, 0, 0, 1, 'VERTICAL LADO DIREITO ( ESCRITO DEBAIXO PARA CIMA )'),
(1961, 149, 145, 0, 0, 0, ''),
(1960, 149, 97, 0, 0, 0, 'C\\ 2 BOTOES'),
(1955, 148, 105, 0, 0, 0, ''),
(1954, 148, 92, 0, 0, 0, ''),
(1953, 148, 97, 0, 0, 0, 'C\\ 2 BOTOES'),
(1952, 148, 170, 0, 0, 0, ''),
(1959, 149, 92, 0, 0, 1, ''),
(1958, 149, 106, 0, 0, 0, ''),
(2129, 150, 86, 0, 0, 0, ''),
(2050, 151, 129, 0, 0, 1, ''),
(2049, 151, 87, 0, 0, 1, ''),
(2048, 151, 125, 0, 0, 1, 'VERDE'),
(2045, 151, 125, 0, 0, 0, ''),
(2046, 151, 102, 0, 0, 0, ''),
(2047, 151, 169, 0, 0, 1, 'PEITO ESQUERDO ( TIRA DE 2 CM NA BOCA DO BOLSO NA COR VERDE )'),
(2033, 152, 117, 0, 0, 1, 'VERDE NA BARRA DA PALA'),
(2041, 131, 87, 0, 0, 1, 'TRAZEIRO ESQUERDO (SEM ISO)'),
(2032, 152, 115, 0, 0, 1, 'ESQUERDO SUPERIOR '),
(2031, 152, 100, 0, 0, 0, ''),
(2030, 152, 149, 0, 0, 0, ''),
(2029, 152, 170, 0, 0, 0, ''),
(2128, 150, 169, 0, 0, 4, ''),
(2044, 151, 91, 0, 0, 0, ''),
(2043, 151, 106, 0, 0, 0, ''),
(2028, 152, 105, 0, 0, 0, ''),
(2027, 152, 91, 0, 0, 0, ''),
(2042, 131, 179, 0, 0, 0, ''),
(2051, 140, 90, 0, 0, 0, 'C\\ 1 BOTAO'),
(2052, 140, 206, 0, 0, 0, '( FRENTE COS. ATRAS ELÁSTICO ) C\\ PRESILHAS '),
(2053, 140, 183, 0, 0, 2, 'ATRAS ACABAMENTO C\\ VISTA '),
(2054, 140, 183, 0, 0, 2, 'FRENTE ( FACA )'),
(2055, 140, 202, 0, 0, 2, 'PERNAS C\\ TAMPA ( FUNDO DA PREGA VERDE )'),
(2056, 140, 87, 0, 0, 2, 'CARGO NA TAMPA'),
(2062, 137, 87, 0, 0, 2, 'CARGO NA TAMPA'),
(2183, 153, 86, 0, 0, 0, ''),
(2192, 155, 169, 0, 0, 4, ''),
(2187, 154, 105, 0, 0, 0, ''),
(2186, 154, 170, 0, 0, 0, ''),
(2185, 154, 102, 0, 0, 0, ''),
(2184, 154, 169, 0, 0, 1, 'PEITO ESQUERDO'),
(2191, 155, 86, 0, 0, 0, ''),
(2197, 156, 169, 0, 0, 1, 'PEITO ESQUEDO'),
(2196, 156, 102, 0, 0, 0, ''),
(2195, 156, 170, 0, 0, 0, ''),
(2194, 156, 105, 0, 0, 0, ''),
(2193, 156, 91, 0, 0, 0, ''),
(2267, 157, 169, 0, 0, 4, ''),
(2266, 157, 86, 0, 0, 0, ''),
(2272, 158, 169, 0, 0, 1, 'PEITO ESQUERDO'),
(2271, 158, 102, 0, 0, 0, ''),
(2270, 158, 170, 0, 0, 0, ''),
(2269, 158, 105, 0, 0, 0, ''),
(2268, 158, 91, 0, 0, 0, ''),
(2660, 159, 169, 0, 0, 4, ''),
(2659, 159, 86, 0, 0, 0, ''),
(2665, 160, 169, 0, 0, 1, 'PEITO ESQUERDO'),
(2664, 160, 102, 0, 0, 0, ''),
(2663, 160, 170, 0, 0, 0, ''),
(2662, 160, 105, 0, 0, 0, ''),
(2661, 160, 91, 0, 0, 0, ''),
(2182, 153, 169, 0, 0, 4, ''),
(2188, 154, 91, 0, 0, 0, ''),
(2108, 161, 169, 0, 0, 4, ''),
(2107, 161, 110, 0, 0, 0, ''),
(2106, 161, 109, 0, 0, 0, ''),
(2105, 161, 86, 0, 0, 0, ''),
(2111, 162, 160, 0, 0, 0, ''),
(2109, 161, 87, 0, 0, 1, 'TRASEIRO ESQUERDO ( SEM ISO )'),
(2110, 161, 179, 0, 0, 0, ''),
(2112, 162, 159, 0, 0, 0, ''),
(2124, 164, 159, 0, 0, 0, '(COLOCAR FAIXA)'),
(2122, 163, 179, 0, 0, 0, '(RETIRAR FAIXA)'),
(2123, 164, 160, 0, 0, 0, '(COLOCAR FAIXA)'),
(2125, 165, 155, 0, 0, 0, 'LADO ESQUERDO (SOBREPOR O SILK RUIM COM UMA TARJA DE 6.5CM ALTURA COM 9CM COMPRIMENTO ) SILKAR A LOGO CENTRALIZADA POR CIMA DA TARJA '),
(2126, 166, 115, 0, 0, 0, 'SUPERIOR ESQUERDO (REFAZER O BORDADO POIS FICOU ILEGÍVEL) '),
(2127, 167, 115, 0, 0, 0, 'SUPERIOR ESQUERDO (REFAZER O BORDADO POIS FICOU ILEGÍVEL ) '),
(2130, 150, 180, 0, 0, 0, ''),
(2164, 168, 180, 0, 0, 0, ''),
(2163, 168, 86, 0, 0, 0, ''),
(2173, 169, 87, 0, 0, 1, 'PEITO ESQUERDO'),
(2171, 169, 129, 0, 0, 0, ''),
(2170, 169, 91, 0, 0, 0, ''),
(2169, 169, 106, 0, 0, 0, ''),
(2168, 169, 170, 0, 0, 0, ''),
(2162, 168, 169, 0, 0, 4, ''),
(2172, 169, 179, 0, 0, 0, ''),
(2167, 169, 102, 0, 0, 0, ''),
(2166, 169, 169, 0, 0, 1, 'PEITO LADO ESQUERDO '),
(2165, 168, 179, 0, 0, 0, ''),
(2404, 170, 169, 0, 0, 1, 'PEITO ESQUERDO '),
(2403, 170, 91, 0, 0, 0, ''),
(2400, 170, 105, 0, 0, 0, ''),
(2402, 170, 100, 0, 0, 0, ''),
(2401, 170, 170, 0, 0, 0, ''),
(2222, 171, 102, 0, 0, 0, '( TROCAR GOLA PARA CINZA)'),
(2244, 172, 129, 0, 0, 1, ''),
(2243, 172, 87, 0, 0, 1, ''),
(2242, 172, 169, 0, 0, 0, 'PEITO ESQUERDO '),
(2241, 172, 102, 0, 0, 0, 'CINZA'),
(2240, 172, 106, 0, 0, 0, ''),
(2223, 171, 91, 0, 0, 0, '( ALINHAR OS BOTOES )'),
(2239, 172, 91, 0, 0, 0, 'C\\ VISTA'),
(2238, 172, 126, 0, 0, 0, ''),
(2245, 172, 160, 0, 0, 0, '5cm'),
(2246, 173, 115, 0, 0, 1, ''),
(2657, 174, 117, 0, 0, 0, 'VERDE NA BARRA DA PALA'),
(2656, 174, 149, 0, 0, 0, ''),
(2655, 174, 100, 0, 0, 0, ''),
(2653, 174, 106, 0, 0, 0, ''),
(2654, 174, 170, 0, 0, 0, ''),
(2652, 174, 91, 0, 0, 0, ''),
(2318, 175, 160, 0, 0, 0, 'NA COR CINZA'),
(2317, 175, 169, 0, 0, 1, 'PEITO ESQUERDO (13CM DE LARGURA E 14CM  DE ALTURA) APRESENTE TAMPA C\\ FECHAMENTO EM VELCRO C\\ DIVISÃO P\\ CANETA COSTURA REFORÇADA NO TRVETE'),
(2316, 175, 102, 0, 0, 0, 'TIPO ITALIANA ESPORTE ABOTOADA ATE EM CIMA'),
(2314, 175, 106, 0, 0, 0, ''),
(2315, 175, 125, 0, 0, 0, ''),
(2313, 175, 91, 0, 0, 0, 'C\\ VISTA'),
(2295, 176, 184, 0, 0, 0, 'PASSANTE '),
(2294, 176, 91, 0, 0, 0, 'C\\ VISTA'),
(2293, 176, 94, 0, 0, 0, 'MEIO ELÁSTICO '),
(2292, 176, 169, 0, 0, 4, ''),
(2296, 176, 148, 0, 0, 0, ''),
(2297, 176, 161, 0, 0, 0, ''),
(2303, 122, 161, 0, 0, 0, ''),
(2319, 175, 159, 0, 0, 0, 'NA COR CINZA'),
(2320, 175, 128, 0, 0, 1, '20CM DE LARGURA, ALTURA PROPORCIONAL '),
(2321, 175, 152, 0, 0, 1, '5CM DE LARGURA ALTURA PROPORCIONAL'),
(2338, 181, 179, 0, 0, 0, ''),
(2337, 181, 169, 0, 0, 4, ''),
(2325, 179, 91, 0, 0, 0, ''),
(2326, 179, 105, 0, 0, 0, ''),
(2327, 179, 170, 0, 0, 0, ''),
(2328, 179, 102, 0, 0, 0, ''),
(2329, 179, 169, 0, 0, 1, 'PEITO ESQUERDO '),
(2330, 179, 87, 0, 0, 1, ''),
(2331, 179, 179, 0, 0, 0, ''),
(2339, 181, 87, 0, 0, 1, 'TRASEIRO DIREITO '),
(2336, 181, 86, 0, 0, 0, ''),
(2340, 182, 91, 0, 0, 0, ''),
(2341, 182, 105, 0, 0, 0, ''),
(2342, 182, 170, 0, 0, 0, ''),
(2343, 182, 102, 0, 0, 0, ''),
(2344, 182, 169, 0, 0, 1, 'PEITO ESQUERDO '),
(2345, 182, 179, 0, 0, 0, ''),
(2346, 182, 87, 0, 0, 1, ''),
(2347, 183, 92, 0, 0, 0, ''),
(2348, 183, 105, 0, 0, 0, ''),
(2349, 183, 170, 0, 0, 0, ''),
(2350, 183, 97, 0, 0, 0, ''),
(2351, 183, 169, 0, 0, 1, 'PEITO ESQUERDO '),
(2352, 183, 87, 0, 0, 1, ''),
(2353, 183, 179, 0, 0, 0, ''),
(2365, 184, 169, 0, 0, 1, 'PEITO ESQUERDO '),
(2364, 184, 100, 0, 0, 0, ''),
(2363, 184, 170, 0, 0, 0, ''),
(2362, 184, 105, 0, 0, 1, ''),
(2361, 184, 91, 0, 0, 0, ''),
(2366, 184, 179, 0, 0, 0, ''),
(2367, 184, 152, 0, 0, 1, ''),
(2376, 185, 97, 0, 0, 0, 'C\\ 2 BOTOES'),
(2375, 185, 170, 0, 0, 0, ''),
(2374, 185, 105, 0, 0, 0, ''),
(2373, 185, 92, 0, 0, 0, ''),
(2377, 185, 115, 0, 0, 1, 'ESQUERDO ( LOGO PEQUENA )'),
(2386, 186, 97, 0, 0, 0, 'C\\ 2 BOTOES'),
(2385, 186, 170, 0, 0, 0, ''),
(2384, 186, 105, 0, 0, 0, ''),
(2383, 186, 92, 0, 0, 0, ''),
(2387, 186, 115, 0, 0, 1, 'ESQUERDO ( LOGO PEQUENA )'),
(2672, 187, 161, 0, 0, 0, ''),
(2670, 187, 169, 0, 0, 4, ''),
(2669, 187, 148, 0, 0, 0, ''),
(2668, 187, 94, 0, 0, 0, 'ELÁSTICO '),
(2667, 187, 90, 0, 0, 0, ''),
(2405, 170, 152, 0, 0, 1, 'PEITO'),
(2751, 202, 155, 0, 0, 1, 'SUPERIOR ESQUERDO ( LOGO AZUL E ESCRITO NA COR PRETA)'),
(2736, 188, 169, 0, 0, 4, ''),
(2438, 189, 129, 0, 0, 1, ''),
(2436, 189, 170, 0, 0, 0, ''),
(2435, 189, 105, 0, 0, 0, ''),
(2434, 189, 92, 0, 0, 0, ''),
(2433, 189, 199, 0, 0, 0, 'C\\ 3 BOTOES'),
(2445, 190, 199, 0, 0, 0, 'C\\ 3 BOTOES'),
(2444, 190, 97, 0, 0, 0, ''),
(2443, 190, 170, 0, 0, 0, ''),
(2442, 190, 105, 0, 0, 0, ''),
(2441, 190, 92, 0, 0, 0, ''),
(2437, 189, 97, 0, 0, 0, ''),
(2439, 189, 155, 0, 0, 1, 'SUPERIOR ESQUERDO '),
(2440, 189, 131, 0, 0, 1, 'NO AB DOMEM '),
(2446, 190, 169, 0, 0, 1, 'PEITO ESQUERDO'),
(2447, 190, 129, 0, 0, 1, ''),
(2448, 190, 87, 0, 0, 1, ''),
(2449, 190, 131, 0, 0, 1, 'NO AB DOMEM '),
(2591, 191, 169, 0, 0, 4, ''),
(2590, 191, 86, 0, 0, 0, ''),
(2596, 192, 169, 0, 0, 1, 'PEITO ESQUERDO'),
(2595, 192, 102, 0, 0, 0, ''),
(2594, 192, 170, 0, 0, 0, ''),
(2593, 192, 105, 0, 0, 0, ''),
(2592, 192, 91, 0, 0, 0, ''),
(2469, 193, 156, 0, 0, 1, 'DIREITA VERTICAL ( ESCRITO DE CIMA PARA BAIXO )'),
(2468, 193, 169, 0, 0, 1, 'TRASEIRO LADO DIREITO'),
(2467, 193, 169, 0, 0, 2, 'FRENTE'),
(2465, 193, 109, 0, 0, 1, ''),
(2466, 193, 110, 0, 0, 1, ''),
(2464, 193, 86, 0, 0, 0, ''),
(2470, 193, 161, 0, 0, 0, ''),
(2571, 194, 160, 0, 0, 1, 'CINZA'),
(2570, 194, 155, 0, 0, 1, 'LADO ESQUERDO'),
(2569, 194, 129, 0, 0, 1, 'SUPERIOR '),
(2568, 194, 160, 0, 0, 1, 'CINZA'),
(2567, 194, 92, 0, 0, 0, ''),
(2483, 195, 91, 0, 0, 1, ''),
(2484, 195, 105, 0, 0, 0, ''),
(2485, 195, 170, 0, 0, 0, ''),
(2486, 195, 100, 0, 0, 0, ''),
(2487, 195, 169, 0, 0, 1, 'PEITO ESQUERDO '),
(2488, 195, 152, 0, 0, 1, ''),
(2701, 197, 156, 0, 0, 1, 'DIREITA VERTICAL ( ESCRITO DE CIMA PARA BAIXO )'),
(2702, 197, 161, 0, 0, 0, ''),
(2700, 197, 169, 0, 0, 2, 'FRENTE'),
(2696, 197, 169, 0, 0, 1, 'TRASEIRO LADO DIREITO'),
(2697, 197, 86, 0, 0, 0, ''),
(2674, 198, 145, 0, 0, 0, ''),
(2675, 198, 106, 0, 0, 0, ''),
(2676, 198, 92, 0, 0, 0, ''),
(2677, 198, 129, 0, 0, 1, 'SUPERIOR'),
(2678, 198, 160, 0, 0, 1, 'CINZA'),
(2679, 198, 159, 0, 0, 1, 'CINZA'),
(2680, 198, 155, 0, 0, 1, 'LADO ESQUERDO '),
(2699, 197, 110, 0, 0, 1, ''),
(2698, 197, 109, 0, 0, 1, ''),
(2673, 198, 96, 0, 0, 0, ''),
(2566, 194, 106, 0, 0, 0, ''),
(2565, 194, 96, 0, 0, 0, ''),
(2564, 194, 145, 0, 0, 0, ''),
(2759, 201, 129, 0, 0, 1, 'NA COR BRANCA '),
(2756, 201, 126, 0, 0, 0, 'LARGO'),
(2757, 201, 87, 0, 0, 1, 'NA COR BRANCA'),
(2749, 202, 95, 0, 0, 0, ''),
(2748, 202, 92, 0, 0, 0, ''),
(2747, 202, 105, 0, 0, 0, ''),
(2746, 202, 170, 0, 0, 0, ''),
(2671, 187, 180, 0, 0, 0, ''),
(2666, 187, 93, 0, 0, 0, '1 BOTAO'),
(2758, 201, 179, 0, 0, 0, ''),
(2752, 201, 169, 0, 0, 1, 'PEITO ESQUERDO '),
(2737, 188, 156, 0, 0, 1, 'DIREITA NA COR BRANCA ( ESCRITO DE CIMA PARA BAIXO )'),
(2750, 202, 129, 0, 0, 1, 'LOGO AZUL E ESCRITO NA COR PRETA'),
(2755, 201, 102, 0, 0, 0, ''),
(2630, 203, 92, 0, 0, 0, ''),
(2631, 203, 105, 0, 0, 0, ''),
(2632, 203, 170, 0, 0, 0, ''),
(2633, 203, 96, 0, 0, 0, ''),
(2634, 204, 86, 0, 0, 0, ''),
(2635, 204, 169, 0, 0, 2, 'TRASEIRO '),
(2636, 204, 169, 0, 0, 2, 'FRENTE '),
(2637, 205, 86, 0, 0, 0, ''),
(2638, 205, 109, 0, 0, 1, ''),
(2639, 205, 110, 0, 0, 1, ''),
(2640, 205, 169, 0, 0, 2, 'FRENTE'),
(2641, 205, 169, 0, 0, 1, 'TRASEIRO LADO DIREITO'),
(2642, 205, 156, 0, 0, 1, 'DIREITA VERTICAL ( ESCRITO DE CIMA PARA BAIXO )'),
(2643, 205, 161, 0, 0, 1, ''),
(2644, 206, 92, 0, 0, 0, ''),
(2645, 206, 106, 0, 0, 0, ''),
(2646, 206, 145, 0, 0, 0, ''),
(2647, 206, 96, 0, 0, 0, ''),
(2648, 206, 155, 0, 0, 1, 'LADO ESQUERDO'),
(2649, 206, 129, 0, 0, 1, 'SUPERIOR '),
(2650, 206, 160, 0, 0, 1, 'CINZA'),
(2651, 206, 159, 0, 0, 1, 'CINZA '),
(2658, 174, 115, 0, 0, 1, 'SUPERIOR ESQUERDO '),
(2688, 207, 92, 0, 0, 0, ''),
(2689, 207, 105, 0, 0, 0, ''),
(2690, 207, 170, 0, 0, 0, ''),
(2691, 207, 95, 0, 0, 0, ''),
(2692, 208, 92, 0, 0, 0, ''),
(2693, 208, 105, 0, 0, 0, ''),
(2694, 208, 170, 0, 0, 0, ''),
(2695, 208, 95, 0, 0, 0, ''),
(3167, 209, 155, 0, 0, 1, 'SUPERIOR ESQUERDO ( EM BRANCO )'),
(3166, 209, 129, 0, 0, 1, 'SUPERIOR ( EM BRANCO )'),
(3165, 209, 99, 0, 0, 0, ''),
(3164, 209, 170, 0, 0, 0, ''),
(2754, 201, 106, 0, 0, 0, ''),
(2753, 201, 91, 0, 0, 0, ''),
(2735, 188, 86, 0, 0, 0, ''),
(2992, 210, 170, 0, 0, 0, '	DOBRADA ( DOBRA NA COR CINZA )'),
(3003, 211, 115, 0, 0, 1, 'LADO ESQUERDO ABAIXO DA PALA'),
(3011, 212, 170, 0, 0, 0, 'DOBRADA (DOBRA NA COR VERDE MUSGO )'),
(3023, 213, 170, 0, 0, 0, 'DOBRADA ( DOBRA NO COR CINZA )'),
(3020, 213, 199, 0, 0, 0, '25 CM C\\ 5 BOTOES CINZA 0068'),
(2991, 210, 199, 0, 0, 0, '25 CM C\\ 5 BOTOES CINZA 0068'),
(3013, 212, 115, 0, 0, 1, 'SUPERIOR ESQUERDO ABAIXO DA PALA'),
(3022, 213, 102, 0, 0, 0, 'CINZA 0068'),
(2990, 210, 149, 0, 0, 0, 'AREDONDADA SEM PREGAS ( VERDE MUSGO )'),
(2989, 210, 148, 0, 0, 0, 'VERDE MUSGO '),
(2988, 210, 150, 0, 0, 0, 'ACINTURAR DA PALA ATE A BARRA COSTAS'),
(2986, 210, 105, 0, 0, 0, 'VERDE MUSGO C\\ PREGAS NO OMBRO'),
(2996, 211, 102, 0, 0, 0, 'VERDE MUSGO'),
(3001, 211, 105, 0, 0, 0, 'CINZA 0068 C\\ PREGAS NO OMBRO'),
(3002, 211, 150, 0, 0, 0, 'ACINTURAR DA PALA ATE A BARRA FRENTE'),
(3000, 211, 150, 0, 0, 0, 'ACINTURAR DA CAVA ATE  A BARRA COSTAS '),
(2987, 210, 150, 0, 0, 0, 'ACINTURAR DA PALA ATE A BARRA FRENTE'),
(3012, 212, 102, 0, 0, 1, 'CINZA 0068'),
(3010, 212, 199, 0, 0, 0, '25 CM C\\ 5 BOTOES VERDE MUSGO'),
(3009, 212, 149, 0, 0, 0, 'AREDONDADA SEM PREGAS ( CINZA 0068 )'),
(3021, 213, 106, 0, 0, 0, 'VERDE  MUSGO C\\ PREGAS NO OMBRO'),
(3018, 213, 92, 0, 0, 0, ''),
(3019, 213, 148, 0, 0, 0, 'VERDE MUSGO'),
(3017, 213, 149, 0, 0, 0, 'AREDONDADA SEM PREGAS ( VERDE MUSGO ) '),
(3016, 213, 150, 0, 0, 0, 'ACINTURAR DA CAVA ATE A BARRA FRENTE'),
(2998, 211, 148, 0, 0, 0, 'CINZA 0068'),
(2999, 211, 149, 0, 0, 0, 'AREDONDADA SEM PREGAS ( CINZA 0068 )'),
(2984, 210, 102, 0, 0, 0, 'CINZA 0068'),
(2997, 211, 92, 0, 0, 0, ''),
(2995, 211, 170, 0, 0, 0, 'DOBRADA NA COR VERDE MUSGO'),
(3008, 212, 148, 0, 0, 0, 'CINZA 0068'),
(3007, 212, 92, 0, 0, 0, ''),
(3006, 212, 150, 0, 0, 0, 'ACINTURARA DA CAVA ATE A BARRA FRENTE'),
(3005, 212, 150, 0, 0, 0, 'ACINTURAR DA CAVA ATE A BARRA COSTAS '),
(3015, 213, 150, 0, 0, 0, 'ACINTURAR DA CAVA ATE A BARRA COSTAS'),
(2909, 214, 131, 0, 0, 1, 'LOGOMARCA EM AMARELO '),
(2908, 214, 166, 0, 0, 0, ''),
(3162, 209, 105, 0, 0, 0, ''),
(3163, 209, 92, 0, 0, 0, ''),
(3004, 212, 106, 0, 0, 0, 'CINZA 0068 C\\ PREGAS NO OMBRO '),
(2985, 210, 92, 0, 0, 0, ''),
(2994, 211, 199, 0, 0, 0, '25 CM C\\ 5 BOTOES VERDE MUSGO'),
(2993, 210, 115, 0, 0, 1, 'LADO ESQUERDO ABAIXO DA PALA'),
(3014, 212, 115, 0, 0, 1, 'LADO ESQUERDO ABAIXO DA PALA'),
(3024, 213, 115, 0, 0, 1, 'SUPERIOR ESQUERDO ABAIXO DA PALA'),
(3094, 216, 152, 0, 0, 1, 'LOGOMARCA SITRAN'),
(3093, 216, 186, 0, 0, 0, 'ESQUERDA ( BANDEIRA DO BRASIL )'),
(3092, 216, 186, 0, 0, 1, 'DIREITA ( BANDEIRA DO ESTADO DE MONAS GERAIS )'),
(3090, 216, 100, 0, 0, 0, ''),
(3091, 216, 169, 0, 0, 1, 'LADO ESQUERDO'),
(3089, 216, 105, 0, 0, 0, ''),
(3088, 216, 170, 0, 0, 0, ''),
(3087, 216, 91, 0, 0, 0, ''),
(3281, 217, 129, 0, 0, 1, '( a serviço da transcon )'),
(3280, 217, 160, 0, 0, 0, ''),
(3279, 217, 96, 0, 0, 0, ''),
(3278, 217, 170, 0, 0, 0, ''),
(3277, 217, 105, 0, 0, 0, ''),
(3276, 217, 92, 0, 0, 0, ''),
(3055, 218, 86, 0, 0, 0, ''),
(3056, 218, 109, 0, 0, 1, ''),
(3057, 218, 110, 0, 0, 1, ''),
(3058, 218, 169, 0, 0, 2, 'frente'),
(3059, 218, 169, 0, 0, 1, 'atras lado esquerdo '),
(3060, 218, 203, 0, 0, 1, 'perna direita c\\ tampo e c\\ prega'),
(3061, 218, 161, 0, 0, 0, ''),
(3062, 218, 87, 0, 0, 1, 'traseiro (sitran -mg)'),
(3063, 219, 90, 0, 0, 0, 'c\\ 1 botão '),
(3064, 219, 185, 0, 0, 1, ''),
(3065, 219, 168, 0, 0, 2, 'frente'),
(3066, 219, 169, 0, 0, 2, 'atras '),
(3067, 219, 87, 0, 0, 1, 'traseiro direito (sitran-mg)'),
(3068, 219, 179, 0, 0, 1, ''),
(3072, 220, 87, 0, 0, 1, 'LADO DIREITO (TAMPAR O SILK EXISTENTE )'),
(3070, 221, 169, 0, 0, 1, 'PEITO ESQUERDO'),
(3071, 221, 152, 0, 0, 1, ''),
(3073, 222, 129, 0, 0, 1, '(TAMPAR SILK JÁ EXISTENTE )'),
(3074, 223, 87, 0, 0, 1, ' LADO DIREITO (TAMPAR O SILK EXISTENTE )'),
(3075, 224, 169, 0, 0, 1, 'PEITO ESQUERDO'),
(3076, 224, 152, 0, 0, 1, ''),
(3077, 225, 129, 0, 0, 1, ' (TAMPAR SILK JÁ EXISTENTE )'),
(3109, 226, 169, 0, 0, 1, 'peito esquerdo ( boca do bolso alinhada c\\ presponto da pala )'),
(3107, 226, 148, 0, 0, 0, ''),
(3108, 226, 149, 0, 0, 0, ''),
(3106, 226, 102, 0, 0, 0, ''),
(3104, 226, 92, 0, 0, 0, ''),
(3105, 226, 105, 0, 0, 0, ''),
(3110, 226, 199, 0, 0, 1, 'c\\ 2 botoes '),
(3111, 226, 207, 0, 0, 0, '2.5cm azul rotal'),
(3112, 226, 131, 0, 0, 1, 'vertical lado direito escrito debaixo para cima na cor branca'),
(3113, 227, 86, 0, 0, 0, ''),
(3114, 227, 109, 0, 0, 1, ''),
(3115, 227, 110, 0, 0, 1, ''),
(3116, 227, 169, 0, 0, 2, 'frente'),
(3117, 227, 169, 0, 0, 1, 'traseiro lado direito '),
(3118, 227, 156, 0, 0, 1, 'direita vertical (escrito de cima para baixo)'),
(3161, 228, 159, 0, 0, 1, 'cinza '),
(3160, 228, 160, 0, 0, 1, 'cinza '),
(3159, 228, 129, 0, 0, 1, ''),
(3158, 228, 155, 0, 0, 1, 'lado esquerdo '),
(3157, 228, 92, 0, 0, 0, ''),
(3156, 228, 106, 0, 0, 0, ''),
(3155, 228, 145, 0, 0, 0, ''),
(3154, 228, 96, 0, 0, 0, ''),
(3173, 229, 160, 0, 0, 1, 'NA ALTURA DO PEITO ( FAIXA 2.5 CM CINZA )'),
(3172, 229, 106, 0, 0, 0, ''),
(3170, 229, 126, 0, 0, 0, ''),
(3171, 229, 92, 0, 0, 0, ''),
(3169, 229, 102, 0, 0, 0, ''),
(3168, 229, 169, 0, 0, 2, 'PEITO C\\ TAMPA ( SIMPLES S\\ BOTÃOE S\\ VELCRO ) '),
(3464, 230, 87, 0, 0, 1, 'FRENTE LADO DIREITO'),
(3463, 230, 169, 0, 0, 2, 'ATRAS '),
(3462, 230, 169, 0, 0, 2, 'FRENTE'),
(3461, 230, 86, 0, 0, 0, ''),
(3174, 229, 159, 0, 0, 1, '2.5 CM CINZA'),
(3175, 229, 87, 0, 0, 1, 'ESQUERDO'),
(3176, 229, 129, 0, 0, 1, ''),
(3233, 231, 168, 0, 0, 2, 'FRENTE EMBUTIDO'),
(3232, 231, 90, 0, 0, 0, 'C\\ BOTÃO '),
(3231, 231, 109, 0, 0, 1, ''),
(3230, 231, 93, 0, 0, 0, 'COS C\\ PRESILHAS '),
(3229, 231, 94, 0, 0, 0, 'ELÁSTICO C\\ PRESILHAS '),
(3254, 232, 102, 0, 0, 0, ''),
(3255, 232, 169, 0, 0, 1, 'PEITO ESQUERDO '),
(3256, 232, 186, 0, 0, 1, 'DIREITA ( BANDEIRA DO ESTADO DE MINAS GERAIS )'),
(3257, 232, 186, 0, 0, 1, 'MANGA ESQUERDA ( BANDEIRA DO BRASIL )'),
(3259, 234, 91, 0, 0, 0, ''),
(3228, 231, 169, 0, 0, 2, 'ATRAS '),
(3258, 232, 152, 0, 0, 1, '( LOGO )'),
(3252, 232, 91, 0, 0, 0, ''),
(3253, 232, 207, 0, 0, 0, '5 CM C\\ 1 BOTÃO '),
(3247, 233, 100, 0, 0, 0, 'TIPO POLO ( NA COR BRANCA ) C\\ 2 BOTOES '),
(3245, 233, 92, 0, 0, 0, ''),
(3246, 233, 207, 0, 0, 0, '2 CM NA COR BARNCO'),
(3244, 233, 105, 0, 0, 0, ''),
(3234, 231, 180, 0, 0, 0, ''),
(3235, 231, 179, 0, 0, 0, ''),
(3251, 232, 106, 0, 0, 0, ''),
(3248, 233, 115, 0, 0, 1, 'ESQUERDO ( LOGO )'),
(3249, 233, 186, 0, 0, 1, 'ESQUERDA ( BANDEIRA DO BRASIL )'),
(3250, 233, 186, 0, 0, 1, 'DIREITA ( BANDEIRA DO ESTADO DE MINA GERAIS ) )'),
(3260, 234, 106, 0, 0, 0, ''),
(3261, 234, 126, 0, 0, 0, ''),
(3262, 234, 102, 0, 0, 0, ''),
(3263, 234, 169, 0, 0, 0, 'lado esquerdo'),
(3264, 234, 180, 0, 0, 0, ''),
(3265, 234, 179, 0, 0, 0, ''),
(3345, 235, 91, 0, 0, 0, ''),
(3344, 235, 105, 0, 0, 0, ''),
(3343, 235, 170, 0, 0, 0, ''),
(3342, 235, 102, 0, 0, 0, ''),
(3341, 235, 169, 0, 0, 1, 'lado esquerdo '),
(3282, 217, 155, 0, 0, 1, 'lado esquerdo (sitran-mg)'),
(3361, 236, 155, 0, 0, 1, 'esquerdo '),
(3360, 236, 170, 0, 0, 0, ''),
(3359, 236, 105, 0, 0, 0, ''),
(3358, 236, 92, 0, 0, 0, ''),
(3349, 237, 156, 0, 0, 1, 'ESQUERDA VERTICAL ESCRITO DE CIMA P\\ BAIXO'),
(3348, 237, 169, 0, 0, 2, 'FRENTE '),
(3346, 237, 86, 0, 0, 0, '');
INSERT INTO `sv_itens_produto_has_pedidos` (`id`, `produto_has_pedidos_id`, `materia_prima_id`, `tecido_id`, `id_grupo_mat_prima`, `quantidade`, `obs`) VALUES
(3347, 237, 169, 0, 0, 2, 'ATRAS '),
(3336, 238, 100, 0, 0, 0, 'c\\ tira da gola por dentro na cor azul marinho'),
(3338, 238, 170, 0, 0, 0, ''),
(3339, 238, 92, 0, 0, 0, ''),
(3337, 238, 105, 0, 0, 0, ''),
(3335, 238, 199, 0, 0, 0, 'c\\ 3 botoes c\\ detalhe azul marinho'),
(3357, 236, 193, 0, 0, 0, 'CARECA '),
(3340, 238, 115, 0, 0, 1, 'esquerdo '),
(3350, 237, 179, 0, 0, 0, ''),
(3362, 236, 179, 0, 0, 0, ''),
(3403, 239, 169, 0, 0, 2, 'ATRAS '),
(3402, 239, 169, 0, 0, 2, 'FRENTE'),
(3401, 239, 185, 0, 0, 0, ''),
(3394, 240, 91, 0, 0, 0, ''),
(3393, 240, 106, 0, 0, 0, ''),
(3392, 240, 126, 0, 0, 0, ''),
(3391, 240, 102, 0, 0, 0, ''),
(3390, 240, 169, 0, 0, 1, 'peito esquerdo'),
(3400, 239, 90, 0, 0, 0, 'C\\ 1 BOTÃO '),
(3395, 240, 129, 0, 0, 1, ''),
(3396, 240, 87, 0, 0, 1, ''),
(3397, 240, 179, 0, 0, 0, ''),
(3398, 241, 87, 0, 0, 1, 'traseiro direito (tampar silk existente de forma que na apareça )'),
(3406, 242, 129, 0, 0, 1, 'logo na cor preta ( tampar silk já existente de forma que não apareça )'),
(3404, 239, 87, 0, 0, 1, 'traseiro lado direito '),
(3405, 239, 179, 0, 0, 0, ''),
(3472, 243, 161, 0, 0, 3, '5 cm cinza'),
(3471, 243, 87, 0, 0, 1, '	traseiro direito (MINAS GERAIS governo de todos) branco'),
(3470, 243, 109, 0, 0, 1, ''),
(3469, 243, 110, 0, 0, 1, ''),
(3468, 243, 169, 0, 0, 2, 'frente '),
(3467, 243, 169, 0, 0, 2, 'atras '),
(3466, 243, 185, 0, 0, 0, ''),
(3481, 244, 129, 0, 0, 1, '(MINAS GERAIS governo de todos ) branco'),
(3480, 244, 204, 0, 0, 1, 'esquerda (DER MG)'),
(3479, 244, 204, 0, 0, 1, 'direita (DER MG)'),
(3478, 244, 169, 0, 0, 1, 'peito esquerdo'),
(3477, 244, 169, 0, 0, 2, 'na altura da barriga'),
(3465, 243, 86, 0, 0, 0, 'c\\ ziper'),
(3482, 244, 160, 0, 0, 2, '5 cm'),
(3475, 244, 102, 0, 0, 0, ''),
(3476, 244, 91, 0, 0, 0, ''),
(3474, 244, 170, 0, 0, 0, ''),
(3473, 244, 105, 0, 0, 0, ''),
(3499, 245, 208, 0, 0, 1, ' esquerdo (DER MG)'),
(3500, 245, 205, 0, 0, 0, 'C\\ BOTÃO REVESTIDO ( NA COR PRETA )'),
(3498, 245, 131, 0, 0, 1, '(MINAS GERAIS governo de todos) branco'),
(3483, 244, 159, 0, 0, 1, '5 cm cinza (as faixas das mangas deveram esta alinhadas com a do corpo)'),
(3496, 245, 210, 0, 0, 1, 'NA COR PRETA'),
(3497, 245, 208, 0, 0, 1, 'direito (DER MG)'),
(3495, 245, 166, 0, 0, 1, ''),
(3580, 247, 102, 0, 0, 0, ' AZUL ROYAL'),
(3581, 247, 199, 0, 0, 0, ' C\\ 2 BOTOES'),
(3582, 247, 92, 0, 0, 0, ''),
(3583, 247, 169, 0, 0, 1, ' PEITO ESQUERDO AZUL ROYAL ( BOCA DO BOLSO ALINHADA C\\ PRESPONTO DA PALA )'),
(3584, 247, 148, 0, 0, 1, 'VERDE'),
(3585, 247, 149, 0, 0, 1, 'VERDE'),
(3586, 247, 131, 0, 0, 1, 'VERTICAL (LADO DIREITO ESCRITO DEBAIXO PARA CIMA NA COR BRANCO) '),
(3587, 247, 179, 0, 0, 0, ''),
(3595, 249, 149, 0, 0, 0, ''),
(3596, 249, 131, 0, 0, 1, 'vertical lado direito escrito debaixo para cima na cor branca'),
(3576, 248, 87, 0, 0, 2, ' CARGO NA TAMPA'),
(3574, 248, 183, 0, 0, 2, ' FRENTE ( FACA )'),
(3573, 248, 203, 0, 0, 2, 'PERNAS C\\ TAMPA ( FUNDO DA PREGA VERDE )'),
(3572, 248, 206, 0, 0, 0, '( FRENTE COS. ATRAS ELÁSTICO ) C\\ PRESILHAS'),
(3579, 247, 207, 0, 0, 0, '2,5 CM AZUL ROYAL'),
(3575, 248, 183, 0, 0, 2, 'ATRAS ACABAMENTO C\\ VISTA '),
(3571, 248, 90, 0, 0, 0, 'C\\ 1 BOTÃO'),
(3578, 247, 105, 0, 0, 0, 'VERDE'),
(3594, 249, 148, 0, 0, 0, ''),
(3593, 249, 169, 0, 0, 1, 'peito esquerdo ( boca do bolso alinhada c\\ presponto da pala )'),
(3592, 249, 92, 0, 0, 0, ''),
(3591, 249, 199, 0, 0, 0, ' c\\ 2 botoes '),
(3589, 249, 207, 0, 0, 0, ' 2.5cm azul royal'),
(3590, 249, 102, 0, 0, 0, ''),
(3588, 249, 105, 0, 0, 0, ''),
(3577, 248, 179, 0, 0, 0, ''),
(3597, 249, 179, 0, 0, 0, ''),
(3623, 250, 127, 0, 0, 1, 'interno de micro fibra preta'),
(3622, 250, 183, 0, 0, 2, 'lateral em micro fibra'),
(3621, 250, 93, 0, 0, 0, 'BARRA'),
(3620, 250, 211, 0, 0, 0, 'COSTAS '),
(3619, 250, 90, 0, 0, 1, 'preto a vista '),
(3618, 250, 102, 0, 0, 0, ''),
(3617, 250, 126, 0, 0, 0, ''),
(3616, 250, 106, 0, 0, 0, ''),
(3624, 250, 155, 0, 0, 1, 'esquerdo ( logo )'),
(3625, 250, 179, 0, 0, 0, ''),
(4388, 252, 180, 0, 0, 0, ''),
(4387, 252, 169, 0, 0, 2, 'ATRAS '),
(4386, 252, 169, 0, 0, 2, 'FRENTE '),
(4385, 252, 86, 0, 0, 0, ''),
(4394, 253, 169, 0, 0, 1, 'PEITO ESQUERDO '),
(4393, 253, 91, 0, 0, 0, ''),
(4392, 253, 102, 0, 0, 0, ''),
(4391, 253, 170, 0, 0, 0, ''),
(4390, 253, 105, 0, 0, 0, ''),
(3665, 254, 169, 0, 0, 1, 'PEITO LADO ESQUERDO'),
(3664, 254, 92, 0, 0, 0, ''),
(3663, 254, 199, 0, 0, 0, 'C/ 3 BOTÕES'),
(3662, 254, 97, 0, 0, 0, ''),
(3661, 254, 170, 0, 0, 0, ''),
(3660, 254, 105, 0, 0, 0, ''),
(3672, 255, 129, 0, 0, 1, 'MESMA LOGO GRANDE '),
(3671, 255, 155, 0, 0, 1, 'ESQUERDO ( LOGO PEQUENA)'),
(3670, 255, 92, 0, 0, 0, ''),
(3669, 255, 193, 0, 0, 0, 'VIES'),
(3668, 255, 170, 0, 0, 0, ''),
(3667, 255, 105, 0, 0, 0, ''),
(3666, 254, 152, 0, 0, 1, ''),
(3673, 255, 179, 0, 0, 0, ''),
(3674, 256, 154, 0, 0, 20, 'BOLSO OU PEITO?'),
(4770, 260, 213, 0, 0, 0, 'COSTURA REFORÇADA '),
(4756, 259, 213, 0, 0, 0, 'COSTURA REFORÇADA '),
(4755, 259, 179, 0, 0, 0, ''),
(4754, 259, 180, 0, 0, 0, ''),
(4753, 259, 169, 0, 0, 2, 'atras'),
(4752, 259, 169, 0, 0, 2, 'frente'),
(4769, 260, 161, 0, 0, 1, '2.5 cm cinza (entre o joelho e tornozelo )'),
(4767, 260, 169, 0, 0, 2, 'atras'),
(4768, 260, 180, 0, 0, 0, ''),
(4776, 261, 161, 0, 0, 1, '2.5 cm cinza (entre o joelho e tornozelo )'),
(4774, 261, 169, 0, 0, 2, 'atras '),
(4963, 262, 213, 0, 0, 0, 'COSTURA REFORÇADA '),
(4962, 262, 161, 0, 0, 1, '2.5 cm cinza ( entre o joelho e o tornozelo )'),
(4793, 263, 213, 0, 0, 0, 'COSTURA REFORÇADA '),
(4792, 263, 161, 0, 0, 1, '2.5 cm cinza ( entre o joelho e o tornozelo )'),
(4791, 263, 180, 0, 0, 0, ''),
(4842, 269, 213, 0, 0, 0, 'REFORÇO COSTURA'),
(4809, 265, 213, 0, 0, 0, 'COSTURA REFORÇADA '),
(4808, 265, 179, 0, 0, 0, ''),
(4806, 265, 169, 0, 0, 2, 'atras'),
(5537, 272, 179, 0, 0, 0, ''),
(4833, 268, 179, 0, 0, 0, ''),
(4823, 267, 180, 0, 0, 0, ''),
(4824, 267, 179, 0, 0, 0, ''),
(4840, 269, 87, 0, 0, 1, 'BRASÃO DO MUNICIPIO '),
(4839, 269, 169, 0, 0, 1, 'PEITO ESQUERDO'),
(4838, 269, 91, 0, 0, 0, ''),
(4837, 269, 100, 0, 0, 0, ''),
(4836, 269, 170, 0, 0, 0, ''),
(4835, 269, 105, 0, 0, 0, ''),
(5123, 270, 213, 0, 0, 0, 'COSTURA REFORÇADA '),
(5120, 270, 169, 0, 0, 2, 'na altura da cintura '),
(5121, 270, 87, 0, 0, 1, 'peito esquerdo '),
(5122, 270, 179, 0, 0, 0, ''),
(5119, 270, 169, 0, 0, 1, 'PEITO ESQUERDO '),
(5118, 270, 91, 0, 0, 0, ''),
(4859, 271, 213, 0, 0, 0, 'COSTURA REFORÇADA '),
(4858, 271, 179, 0, 0, 0, ''),
(4857, 271, 87, 0, 0, 1, ' BRASÃO DO MUNICIPIO'),
(4856, 271, 169, 0, 0, 1, 'peito esquerdo '),
(5538, 272, 213, 0, 0, 0, 'COSTURA REFORÇADA '),
(4885, 274, 213, 0, 0, 0, 'COSTURA REFORÇADA '),
(4875, 273, 179, 0, 0, 0, ''),
(4876, 273, 213, 0, 0, 0, 'COSTURA REFORÇADA '),
(4874, 273, 87, 0, 0, 1, 'brasão do município '),
(4872, 273, 92, 0, 0, 0, ''),
(4873, 273, 169, 0, 0, 1, 'peito esquerdo '),
(4871, 273, 199, 0, 0, 1, 'c/ 3 botões'),
(4882, 274, 169, 0, 0, 1, 'peito esquerdo '),
(4883, 274, 87, 0, 0, 1, 'brasão do município '),
(4881, 274, 92, 0, 0, 0, ''),
(4880, 274, 199, 0, 0, 1, 'c/ 3 botões'),
(4879, 274, 97, 0, 0, 0, ''),
(4878, 274, 170, 0, 0, 0, ''),
(4970, 264, 179, 0, 0, 0, ''),
(4978, 266, 179, 0, 0, 0, ''),
(4977, 266, 180, 0, 0, 0, ''),
(4976, 266, 169, 0, 0, 2, 'frente'),
(4900, 276, 179, 0, 0, 0, ''),
(4901, 276, 213, 0, 0, 0, 'COSTURA REFORÇADA '),
(4898, 276, 92, 0, 0, 0, ''),
(4899, 276, 155, 0, 0, 1, 'LADO ESQUERDO ( brasão do município )'),
(4897, 276, 199, 0, 0, 0, 'c/ 3 botões'),
(3845, 277, 148, 0, 0, 1, 'BRANCO'),
(3843, 277, 92, 0, 0, 0, ''),
(3844, 277, 169, 0, 0, 1, 'PEITO ESQUERDO AZUL CÉU ( BOCA DO BOLSO ALINHADA C\\ PRESPONTO DA PALA )'),
(3842, 277, 199, 0, 0, 1, 'c/ 2 botões'),
(3841, 277, 102, 0, 0, 0, 'azul céu '),
(3839, 277, 105, 0, 0, 0, 'BRANCA'),
(3840, 277, 207, 0, 0, 0, ' 2.5 CM AZUL CÉU '),
(4902, 279, 197, 0, 0, 0, ''),
(4904, 279, 131, 0, 0, 1, 'BRASÃO DO MUNICÍPIO '),
(3846, 277, 149, 0, 0, 1, 'BRANCO'),
(3847, 277, 131, 0, 0, 1, ' VERTICAL LADO DIREITO ESCRITO DEBAIXO PARA CIMA NA COR BRANCO'),
(4751, 259, 185, 0, 0, 0, ''),
(4765, 260, 185, 0, 0, 0, ''),
(4775, 261, 180, 0, 0, 0, ''),
(4959, 262, 169, 0, 0, 2, 'frente'),
(4790, 263, 169, 0, 0, 2, 'atras '),
(4841, 269, 179, 0, 0, 0, ''),
(4807, 265, 180, 0, 0, 0, ''),
(4825, 267, 213, 0, 0, 0, 'COSTURA REFORÇADA '),
(5117, 270, 102, 0, 0, 0, ''),
(5116, 270, 170, 0, 0, 0, ''),
(4855, 271, 91, 0, 0, 0, ''),
(4854, 271, 102, 0, 0, 0, ''),
(4853, 271, 170, 0, 0, 0, ''),
(5536, 272, 87, 0, 0, 1, ''),
(5535, 272, 169, 0, 0, 1, 'peito esquerdo '),
(5534, 272, 91, 0, 0, 0, ''),
(4870, 273, 97, 0, 0, 1, ''),
(4877, 274, 105, 0, 0, 0, ''),
(4968, 264, 169, 0, 0, 2, 'frente'),
(4967, 264, 169, 0, 0, 2, 'atras '),
(4912, 280, 179, 0, 0, 0, ''),
(4896, 276, 97, 0, 0, 0, ''),
(4895, 276, 170, 0, 0, 0, ''),
(4903, 279, 210, 0, 0, 0, ''),
(4910, 280, 169, 0, 0, 1, 'PEITO ESQUERDO '),
(4909, 280, 92, 0, 0, 0, ''),
(4908, 280, 199, 0, 0, 0, 'C/ 3 BOTÕES'),
(4907, 280, 97, 0, 0, 0, ''),
(4937, 281, 213, 0, 0, 0, 'COSTURA REFORÇADA '),
(4936, 281, 159, 0, 0, 0, '2.5 cm cinza'),
(4935, 281, 160, 0, 0, 0, '2.5 cm cinza'),
(4934, 281, 155, 0, 0, 1, 'LADO ESQUERDO'),
(4933, 281, 92, 0, 0, 0, ''),
(4932, 281, 193, 0, 0, 0, 'VIES'),
(4946, 282, 213, 0, 0, 0, 'COSTURA REFORÇADA '),
(4943, 282, 87, 0, 0, 1, 'brasão do município '),
(4944, 282, 160, 0, 0, 0, '2.5 cm cinza'),
(4942, 282, 169, 0, 0, 1, 'PEITO ESQUERDO '),
(4941, 282, 92, 0, 0, 0, ''),
(4940, 282, 193, 0, 0, 0, 'VIES'),
(4939, 282, 170, 0, 0, 0, ''),
(4938, 282, 106, 0, 0, 0, ''),
(4832, 268, 180, 0, 0, 0, ''),
(4831, 268, 169, 0, 0, 2, 'FRENTE'),
(4829, 268, 185, 0, 0, 0, ''),
(4830, 268, 169, 0, 0, 2, 'ATRAS '),
(4773, 261, 169, 0, 0, 2, 'frente'),
(4960, 262, 169, 0, 0, 2, 'atras '),
(4805, 265, 169, 0, 0, 2, 'frente'),
(4209, 283, 160, 0, 0, 2, '5 cm cinza (1 na altura cintura e a outra abaixo do bolso inferior)'),
(4208, 283, 129, 0, 0, 1, '(Minas Gerais governo de todos ) branco, no alto no maior tamanho possível  '),
(4207, 283, 204, 0, 0, 1, 'esquerda (DER MG) colorido'),
(4206, 283, 204, 0, 0, 1, 'direita (DER MG) colorido '),
(4205, 283, 87, 0, 0, 1, '(Minas Gerais governo de todos ) branco'),
(4204, 283, 169, 0, 0, 1, 'peito esquerdo '),
(4203, 283, 169, 0, 0, 2, 'na altura da cintura '),
(4237, 284, 161, 0, 0, 3, '5 cm  cinza ( 2 no joelho e 1 na canela )'),
(4236, 284, 87, 0, 0, 1, 'traseiro direito (Minas Gerais governo de todos) branco'),
(4235, 284, 110, 0, 0, 1, ''),
(4234, 284, 109, 0, 0, 1, ''),
(4233, 284, 169, 0, 0, 2, 'atras '),
(4200, 283, 170, 0, 0, 0, ''),
(4201, 283, 102, 0, 0, 0, ''),
(4202, 283, 91, 0, 0, 0, ''),
(4199, 283, 105, 0, 0, 0, ''),
(4232, 284, 169, 0, 0, 2, 'frente '),
(4231, 284, 185, 0, 0, 0, ''),
(4238, 284, 213, 0, 0, 0, 'costura reforçada '),
(4225, 285, 208, 0, 0, 1, 'direito (DER MG)'),
(4224, 285, 131, 0, 0, 1, '(MINAS GERAIS governo de todos) branco'),
(4223, 285, 208, 0, 0, 1, ' esquerdo (DER MG)'),
(4222, 285, 210, 0, 0, 1, 'NA COR PRETA'),
(4221, 285, 197, 0, 0, 0, ''),
(4230, 284, 90, 0, 0, 0, ''),
(4211, 283, 213, 0, 0, 0, 'costura reforçada  '),
(4210, 283, 159, 0, 0, 1, '5 cm cinza ( a faixa da manga deve estar alinhada com a do corpo )'),
(4229, 284, 86, 0, 0, 0, ''),
(4239, 287, 106, 0, 0, 0, ''),
(4240, 287, 207, 0, 0, 0, '6 cm ( c/ 1 botão )'),
(4241, 287, 102, 0, 0, 0, ''),
(4242, 287, 91, 0, 0, 0, '( c/ 5 botões )'),
(4243, 287, 169, 0, 0, 1, 'peito esquerdo'),
(4244, 287, 87, 0, 0, 1, 'logo'),
(4245, 287, 129, 0, 0, 1, 'logo'),
(4246, 287, 179, 0, 0, 0, ''),
(4247, 288, 105, 0, 0, 0, ''),
(4248, 288, 170, 0, 0, 0, ''),
(4249, 288, 100, 0, 0, 0, 'c/ 3 botões ( conforme amostra )'),
(4250, 288, 91, 0, 0, 0, 'c/ 5 botões'),
(4251, 288, 169, 0, 0, 1, 'peito esquerdo '),
(4252, 288, 152, 0, 0, 1, 'logo'),
(5381, 289, 186, 0, 0, 1, 'esquerda (bandeiras de minas gerais e do brasil )'),
(5380, 289, 152, 0, 0, 1, 'logo'),
(5379, 289, 169, 0, 0, 1, 'peito esquerdo'),
(5378, 289, 91, 0, 0, 0, 'c/ 5 botões '),
(4259, 290, 105, 0, 0, 0, ''),
(4260, 290, 170, 0, 0, 0, ''),
(4261, 290, 100, 0, 0, 0, ''),
(4262, 290, 91, 0, 0, 0, ''),
(4263, 290, 169, 0, 0, 1, 'peito esquerdo '),
(4264, 290, 152, 0, 0, 1, ''),
(5377, 289, 100, 0, 0, 0, 'c/ 3 botões '),
(5375, 289, 105, 0, 0, 0, ''),
(5376, 289, 170, 0, 0, 0, ''),
(5386, 292, 169, 0, 0, 1, 'peito esquerdo '),
(5385, 292, 91, 0, 0, 0, ''),
(5384, 292, 100, 0, 0, 0, ''),
(5382, 292, 106, 0, 0, 0, ''),
(5383, 292, 125, 0, 0, 0, ''),
(4291, 291, 169, 0, 0, 2, 'na altura da cintura'),
(4290, 291, 166, 0, 0, 0, 'em 3 pontos: decote, cintura e barra'),
(4289, 291, 143, 0, 0, 0, 'pesponto largo ate a barra '),
(4292, 291, 169, 0, 0, 1, 'peito esquerdo '),
(4293, 291, 218, 0, 0, 1, 'peito direto (menor que bolso - p/ silk )'),
(4294, 291, 87, 0, 0, 1, 'peito esquerdo'),
(4295, 291, 155, 0, 0, 1, 'tampo peito direito'),
(4296, 291, 129, 0, 0, 1, 'superior '),
(4297, 291, 129, 0, 0, 1, 'central'),
(5504, 293, 179, 0, 0, 0, ''),
(5503, 293, 180, 0, 0, 0, ''),
(5502, 293, 92, 0, 0, 0, ''),
(5501, 293, 96, 0, 0, 0, ''),
(5500, 293, 170, 0, 0, 0, ''),
(5499, 293, 105, 0, 0, 0, ''),
(4304, 294, 105, 0, 0, 0, ''),
(4305, 294, 170, 0, 0, 0, ''),
(4306, 294, 96, 0, 0, 0, ''),
(4307, 294, 92, 0, 0, 0, ''),
(4308, 294, 180, 0, 0, 0, ''),
(4309, 294, 179, 0, 0, 0, ''),
(4420, 296, 179, 0, 0, 0, ''),
(4436, 299, 183, 0, 0, 2, 'lateral em micro fibra'),
(5408, 295, 179, 0, 0, 0, ''),
(5407, 295, 129, 0, 0, 1, 'logo ( só na pala Azul Royal ) '),
(5406, 295, 87, 0, 0, 1, 'logo'),
(4419, 296, 156, 0, 0, 1, 'direita (logo) abaixo do bolso'),
(4418, 296, 109, 0, 0, 1, ''),
(4417, 296, 110, 0, 0, 1, ''),
(4416, 296, 169, 0, 0, 2, 'atras '),
(5405, 295, 149, 0, 0, 1, 'Azul Royal'),
(5403, 295, 169, 0, 0, 1, 'peito esquerdo cinza ( metade do bolso sobrepõe a pala Azul Royal )'),
(5404, 295, 148, 0, 0, 1, 'Azul Royal'),
(5402, 295, 91, 0, 0, 0, ''),
(5401, 295, 102, 0, 0, 0, 'Azul Royal'),
(5400, 295, 207, 0, 0, 0, '5 cm  (Azul Royal ) c/ 1 botão'),
(4357, 297, 86, 0, 0, 0, ''),
(4358, 297, 169, 0, 0, 2, 'FRENTE '),
(4359, 297, 169, 0, 0, 2, 'ATRAS '),
(4360, 297, 179, 0, 0, 0, ''),
(4402, 298, 169, 0, 0, 2, 'NA ALTURA DA CINTURA '),
(4401, 298, 91, 0, 0, 0, ''),
(4400, 298, 102, 0, 0, 0, ''),
(4399, 298, 170, 0, 0, 0, ''),
(4398, 298, 106, 0, 0, 0, ''),
(4415, 296, 169, 0, 0, 2, 'frente  '),
(4414, 296, 86, 0, 0, 0, ''),
(4389, 252, 161, 0, 0, 1, '2,5 CM CINZA'),
(4395, 253, 87, 0, 0, 1, ''),
(4396, 253, 129, 0, 0, 1, ''),
(4397, 253, 179, 0, 0, 0, ''),
(4403, 298, 179, 0, 0, 0, ''),
(4435, 299, 211, 0, 0, 0, 'COSTAS '),
(4434, 299, 93, 0, 0, 0, 'barra '),
(4433, 299, 90, 0, 0, 0, 'preto a vista '),
(4432, 299, 102, 0, 0, 0, ''),
(4431, 299, 126, 0, 0, 0, ''),
(4430, 299, 106, 0, 0, 0, ''),
(4437, 299, 127, 0, 0, 1, 'interno de micro fibra preta'),
(4438, 299, 155, 0, 0, 1, 'esquerdo ( logo )'),
(4439, 299, 159, 0, 0, 0, '2.5 CM '),
(4440, 299, 160, 0, 0, 0, '2,5 CM'),
(4766, 260, 169, 0, 0, 2, 'frente'),
(4772, 261, 185, 0, 0, 0, ''),
(4961, 262, 180, 0, 0, 0, ''),
(4789, 263, 169, 0, 0, 2, 'frente '),
(4788, 263, 185, 0, 0, 0, ''),
(4965, 264, 185, 0, 0, 0, ''),
(4804, 265, 185, 0, 0, 0, ''),
(4974, 266, 206, 0, 0, 0, ' FRENTE COS. ATRAS ELÁSTICO'),
(4822, 267, 169, 0, 0, 2, 'atras '),
(4821, 267, 169, 0, 0, 2, 'frente '),
(4750, 259, 86, 0, 0, 0, ''),
(4764, 260, 86, 0, 0, 0, ''),
(4771, 261, 86, 0, 0, 0, ''),
(4958, 262, 206, 0, 0, 0, ' FRENTE COS. ATRAS ELÁSTICO'),
(4957, 262, 185, 0, 0, 0, ''),
(4787, 263, 86, 0, 0, 0, ''),
(4966, 264, 206, 0, 0, 0, ' FRENTE COS. ATRAS ELÁSTICO'),
(4964, 264, 90, 0, 0, 0, 'C/ 1 BOTÃO'),
(4803, 265, 86, 0, 0, 0, ''),
(4975, 266, 169, 0, 0, 2, 'atras'),
(4973, 266, 185, 0, 0, 0, ''),
(4972, 266, 90, 0, 0, 0, 'C/ 1 BOTÃO '),
(4749, 258, 183, 0, 0, 2, 'ATRAS '),
(4748, 258, 183, 0, 0, 2, 'FRENTE '),
(4747, 258, 185, 0, 0, 0, ''),
(4746, 258, 90, 0, 0, 0, 'C/ 1 BOTÃO '),
(4828, 268, 93, 0, 0, 0, ''),
(4827, 268, 211, 0, 0, 0, 'COSTAS '),
(4826, 268, 90, 0, 0, 0, 'C/ 1 BOTÃO'),
(5115, 270, 105, 0, 0, 0, ''),
(4820, 267, 185, 0, 0, 0, ''),
(4819, 267, 86, 0, 0, 0, ''),
(4834, 268, 213, 0, 0, 0, 'COSTURA REFORÇADA '),
(4852, 271, 105, 0, 0, 0, ''),
(5533, 272, 102, 0, 0, 0, ''),
(4884, 274, 179, 0, 0, 0, ''),
(4869, 273, 170, 0, 0, 0, ''),
(4868, 273, 105, 0, 0, 0, ''),
(4952, 275, 169, 0, 0, 1, 'PEITO ESQUERDO'),
(4951, 275, 92, 0, 0, 0, ''),
(4950, 275, 199, 0, 0, 0, 'c/ 3 botões '),
(4949, 275, 97, 0, 0, 0, ''),
(4894, 276, 105, 0, 0, 0, ''),
(4911, 280, 87, 0, 0, 1, 'brasão do município '),
(4906, 280, 170, 0, 0, 0, ''),
(4905, 280, 105, 0, 0, 0, ''),
(4945, 282, 159, 0, 0, 0, '2.5 cm cinza'),
(4705, 300, 183, 0, 0, 2, 'ATRAS ACABAMENTO C\\ VISTA '),
(4704, 300, 203, 0, 0, 2, ' PERNAS C\\ TAMPA ( FUNDO DA PREGA VERDE )'),
(4703, 300, 183, 0, 0, 2, 'FRENTE ( FACA )'),
(4702, 300, 206, 0, 0, 0, ' ( FRENTE COS. ATRAS ELÁSTICO ) C\\ PRESILHAS'),
(4701, 300, 90, 0, 0, 0, 'C/ 1 BOTÃO'),
(4706, 300, 87, 0, 0, 2, 'CARGO NA TAMPA'),
(4707, 300, 179, 0, 0, 0, ''),
(4729, 301, 203, 0, 0, 2, 'PERNAS C\\ TAMPA ( FUNDO DA PREGA AZUL ROYAL )'),
(4728, 301, 183, 0, 0, 2, ' FRENTE ( FACA )'),
(4727, 301, 183, 0, 0, 2, 'ATRAS ACABAMENTO C\\ VISTA '),
(4726, 301, 206, 0, 0, 0, '( FRENTE COS. ATRAS ELÁSTICO ) C\\ PRESILHAS '),
(4725, 301, 90, 0, 0, 0, 'C/ 1 BOTÃO'),
(4739, 302, 149, 0, 0, 1, ' BRANCO'),
(4738, 302, 148, 0, 0, 1, ' BRANCO'),
(4736, 302, 92, 0, 0, 0, ''),
(4737, 302, 169, 0, 0, 1, ' PEITO ESQUERDO AZUL CÉU ( BOCA DO BOLSO ALINHADA C\\ PRESPONTO DA PALA )'),
(4735, 302, 199, 0, 0, 0, 'C/ 3'),
(4734, 302, 102, 0, 0, 0, 'azul céu '),
(4733, 302, 207, 0, 0, 0, '2.5 CM AZUL CÉU '),
(4732, 302, 105, 0, 0, 0, 'BRANCA'),
(4730, 301, 87, 0, 0, 2, 'CARGO NA TAMPA'),
(4731, 301, 179, 0, 0, 0, ''),
(4740, 302, 131, 0, 0, 1, ' VERTICAL LADO DIREITO ESCRITO DEBAIXO PARA CIMA NA COR BRANCO'),
(4741, 302, 179, 0, 0, 0, ''),
(4777, 261, 213, 0, 0, 0, 'COSTURA REFORÇADA '),
(4956, 262, 90, 0, 0, 0, 'C/ 1 BOTÃO'),
(4969, 264, 180, 0, 0, 0, ''),
(4979, 266, 213, 0, 0, 0, 'COSTURA REFORÇADA '),
(4948, 275, 170, 0, 0, 0, ''),
(4947, 275, 105, 0, 0, 0, ''),
(4913, 280, 213, 0, 0, 0, 'COSTURA REFORÇADA '),
(4931, 281, 170, 0, 0, 0, ''),
(4930, 281, 106, 0, 0, 0, ''),
(4953, 275, 87, 0, 0, 1, 'brasão do município '),
(4954, 275, 179, 0, 0, 0, ''),
(4955, 275, 213, 0, 0, 0, 'COSTURA REFORÇADA '),
(4971, 264, 213, 0, 0, 0, 'COSTURA REFORÇADA '),
(4988, 303, 156, 0, 0, 1, 'direita vertical escrito de cima para baixo (somente AMM)'),
(4986, 304, 155, 0, 0, 1, 'esquerdo (logo)'),
(4983, 305, 156, 0, 0, 1, 'ESQUERDA (ABAIXO DO BOLSO ) HORIZONTAL'),
(4984, 306, 129, 0, 0, 1, '(LOGO)'),
(4985, 306, 155, 0, 0, 1, 'ESQUERDO (LOGO)'),
(4987, 304, 129, 0, 0, 1, '(logo)'),
(5340, 307, 169, 0, 0, 1, 'PEITO ESQUERDO '),
(5339, 307, 91, 0, 0, 0, ''),
(5338, 307, 102, 0, 0, 0, ''),
(5337, 307, 170, 0, 0, 0, ''),
(5336, 307, 105, 0, 0, 0, ''),
(5347, 308, 180, 0, 0, 0, ''),
(5346, 308, 169, 0, 0, 2, 'frente'),
(5345, 308, 169, 0, 0, 2, 'atras '),
(5344, 308, 86, 0, 0, 0, ''),
(5354, 309, 152, 0, 0, 1, '(logo)'),
(5352, 309, 91, 0, 0, 0, ''),
(5353, 309, 169, 0, 0, 1, 'peito esquerdo'),
(5148, 310, 152, 0, 0, 1, ''),
(5147, 310, 169, 0, 0, 1, 'preito esquerdo '),
(5146, 310, 91, 0, 0, 0, ''),
(5145, 310, 100, 0, 0, 0, '(vista interna do colarinho em tricoline azul royal)'),
(5144, 310, 125, 0, 0, 0, ''),
(5153, 311, 169, 0, 0, 1, 'peito esquerdo '),
(5152, 311, 91, 0, 0, 0, ''),
(5151, 311, 100, 0, 0, 0, '(vista interna do colarinho em tricoline azul royal)'),
(5150, 311, 125, 0, 0, 0, ''),
(5149, 311, 106, 0, 0, 0, ''),
(5159, 312, 169, 0, 0, 1, 'peito esquerdo'),
(5158, 312, 91, 0, 0, 0, ''),
(5157, 312, 100, 0, 0, 0, '(vista interna do colarinho em tricoline azul royal)'),
(5156, 312, 125, 0, 0, 0, ''),
(5155, 312, 106, 0, 0, 0, ''),
(5165, 313, 169, 0, 0, 1, 'peito esquerdo '),
(5164, 313, 91, 0, 0, 0, ''),
(5163, 313, 100, 0, 0, 0, '(vista interna do colarinho em tricoline azul royal)'),
(5162, 313, 125, 0, 0, 0, ''),
(5161, 313, 106, 0, 0, 0, ''),
(5171, 314, 169, 0, 0, 1, 'peito esquerdo '),
(5170, 314, 91, 0, 0, 0, ''),
(5169, 314, 100, 0, 0, 0, '(vista interna do colarinho em tricoline azul royal)'),
(5168, 314, 125, 0, 0, 0, ''),
(5167, 314, 106, 0, 0, 0, ''),
(5177, 315, 169, 0, 0, 1, 'peito esquerdo '),
(5176, 315, 91, 0, 0, 0, ''),
(5175, 315, 100, 0, 0, 0, '(vista interna do colarinho em tricoline azul royal)'),
(5174, 315, 125, 0, 0, 0, ''),
(5173, 315, 106, 0, 0, 0, ''),
(5228, 316, 87, 0, 0, 1, 'TRASEIRO DIREITO '),
(5227, 316, 169, 0, 0, 2, 'atras '),
(5185, 317, 129, 0, 0, 1, ''),
(5184, 317, 87, 0, 0, 1, ''),
(5183, 317, 169, 0, 0, 1, 'peito esquerdo '),
(5182, 317, 91, 0, 0, 0, ''),
(5181, 317, 102, 0, 0, 0, ''),
(5226, 316, 169, 0, 0, 2, 'frente'),
(5084, 318, 169, 0, 0, 1, 'peito esquerdo '),
(5083, 318, 91, 0, 0, 0, ''),
(5082, 318, 102, 0, 0, 0, ''),
(5081, 318, 126, 0, 0, 0, ''),
(5080, 318, 106, 0, 0, 0, ''),
(5225, 316, 86, 0, 0, 0, ''),
(5180, 317, 170, 0, 0, 0, ''),
(5179, 317, 105, 0, 0, 0, ''),
(5085, 318, 87, 0, 0, 1, ''),
(5086, 318, 129, 0, 0, 1, ''),
(5087, 319, 105, 0, 0, 0, ''),
(5088, 319, 170, 0, 0, 0, ''),
(5089, 319, 199, 0, 0, 0, ' C/ 3 BOTÕES'),
(5090, 319, 92, 0, 0, 0, ''),
(5091, 319, 169, 0, 0, 1, 'peito esquerdo '),
(5092, 319, 129, 0, 0, 1, ''),
(5093, 319, 152, 0, 0, 1, ''),
(5154, 311, 152, 0, 0, 1, ''),
(5349, 309, 106, 0, 0, 0, ''),
(5350, 309, 125, 0, 0, 0, ''),
(5351, 309, 100, 0, 0, 0, 'vista interna do colarinho em tricoline azul royal'),
(5143, 310, 106, 0, 0, 0, ''),
(5160, 312, 152, 0, 0, 1, ''),
(5166, 313, 152, 0, 0, 1, ''),
(5172, 314, 152, 0, 0, 1, ''),
(5178, 315, 152, 0, 0, 1, ''),
(5367, 322, 92, 0, 0, 0, ''),
(5366, 322, 199, 0, 0, 0, ''),
(5365, 322, 97, 0, 0, 0, '( preta )'),
(5364, 322, 170, 0, 0, 0, ''),
(5363, 322, 105, 0, 0, 0, ''),
(5192, 323, 105, 0, 0, 0, ''),
(5193, 323, 170, 0, 0, 0, ''),
(5194, 323, 99, 0, 0, 0, ''),
(5195, 323, 92, 0, 0, 0, ''),
(5196, 323, 155, 0, 0, 1, 'ESQUERDO '),
(5197, 323, 129, 0, 0, 1, ''),
(5198, 323, 179, 0, 0, 0, ''),
(5238, 324, 155, 0, 0, 1, 'ESQUERDO '),
(5237, 324, 92, 0, 0, 0, ''),
(5236, 324, 99, 0, 0, 0, ''),
(5235, 324, 170, 0, 0, 0, ''),
(5234, 324, 105, 0, 0, 0, ''),
(6752, 325, 115, 0, 0, 1, 'ESQUERDO'),
(6751, 325, 92, 0, 0, 0, ''),
(6750, 325, 199, 0, 0, 0, ''),
(6759, 326, 115, 0, 0, 1, 'ESQUERDO'),
(6758, 326, 92, 0, 0, 0, ''),
(6757, 326, 199, 0, 0, 0, ''),
(6756, 326, 97, 0, 0, 0, ''),
(5229, 316, 179, 0, 0, 0, ''),
(5373, 327, 169, 0, 0, 1, 'FRENTE LADO DIREITO (BOLSO DE MOEDAS )'),
(5372, 327, 169, 0, 0, 2, 'ATRAS '),
(5371, 327, 183, 0, 0, 2, 'FACA'),
(5370, 327, 90, 0, 0, 0, 'C/ 1 BOTÃO'),
(5239, 324, 129, 0, 0, 1, ''),
(5240, 324, 179, 0, 0, 0, ''),
(6749, 325, 97, 0, 0, 0, ''),
(6748, 325, 170, 0, 0, 0, ''),
(6755, 326, 170, 0, 0, 0, ''),
(6754, 326, 105, 0, 0, 0, ''),
(6747, 325, 105, 0, 0, 0, ''),
(5290, 328, 156, 0, 0, 1, 'DIREITA VERTICAL ( ESCRITO DE CIMA PARA BAIXO )'),
(5289, 328, 110, 0, 0, 1, ''),
(5288, 328, 109, 0, 0, 1, ''),
(5287, 328, 169, 0, 0, 2, 'atras '),
(5285, 328, 86, 0, 0, 0, ''),
(5286, 328, 169, 0, 0, 2, 'frente '),
(5270, 329, 106, 0, 0, 0, ''),
(5271, 329, 145, 0, 0, 0, ''),
(5272, 329, 96, 0, 0, 0, ''),
(5273, 329, 92, 0, 0, 0, ''),
(5274, 329, 155, 0, 0, 1, 'LADO ESQUERDO '),
(5275, 329, 129, 0, 0, 1, 'SUPERIOR'),
(5276, 329, 160, 0, 0, 1, '2.5 cm CINZA'),
(5277, 329, 159, 0, 0, 1, '2.5 cm CINZA'),
(5493, 330, 161, 0, 0, 1, '2.5 cm CINZA '),
(5492, 330, 156, 0, 0, 1, 'DIREITA VERTICAL ( ESCRITO DE CIMA PARA BAIXO )'),
(5491, 330, 109, 0, 0, 1, ''),
(5490, 330, 110, 0, 0, 1, ''),
(5489, 330, 169, 0, 0, 2, 'FRENTE '),
(5488, 330, 169, 0, 0, 2, 'ATRAS '),
(5291, 328, 161, 0, 0, 1, '2.5 cm CINZA'),
(5292, 331, 106, 0, 0, 0, ''),
(5293, 331, 145, 0, 0, 0, ''),
(5294, 331, 96, 0, 0, 0, ''),
(5295, 331, 92, 0, 0, 0, ''),
(5296, 331, 155, 0, 0, 1, ''),
(5297, 331, 129, 0, 0, 1, 'SUPERIOR '),
(5298, 331, 160, 0, 0, 1, '2.5 cm CINZA'),
(5299, 331, 159, 0, 0, 1, '2.5 cm CINZA'),
(5326, 332, 156, 0, 0, 1, 'DIREITA VERTICAL ( ESCRITO DE CIMA PARA BAIXO )'),
(5325, 332, 110, 0, 0, 1, ''),
(5324, 332, 109, 0, 0, 1, ''),
(5323, 332, 169, 0, 0, 2, 'ATRAS '),
(5322, 332, 169, 0, 0, 2, 'FRENTE '),
(5321, 332, 86, 0, 0, 0, ''),
(5360, 333, 155, 0, 0, 1, 'superior esquerdo '),
(5359, 333, 129, 0, 0, 1, 'SUPERIOR '),
(5358, 333, 92, 0, 0, 0, ''),
(5357, 333, 96, 0, 0, 0, ''),
(5315, 334, 106, 0, 0, 0, ''),
(5316, 334, 125, 0, 0, 0, ''),
(5317, 334, 100, 0, 0, 0, ''),
(5318, 334, 91, 0, 0, 0, ''),
(5319, 334, 169, 0, 0, 1, 'PEITO ESQUERDO '),
(5320, 334, 152, 0, 0, 1, ''),
(5327, 332, 161, 0, 0, 1, '2.5 cm CINZA'),
(5361, 333, 160, 0, 0, 1, '2.5 cm CINZA'),
(5356, 333, 145, 0, 0, 0, ''),
(5355, 333, 106, 0, 0, 0, ''),
(5341, 307, 87, 0, 0, 1, ''),
(5342, 307, 129, 0, 0, 1, ''),
(5343, 307, 179, 0, 0, 0, ''),
(5348, 308, 179, 0, 0, 0, ''),
(5362, 333, 159, 0, 0, 1, '2.5 cm CINZA'),
(5368, 322, 155, 0, 0, 1, 'ESQUERDO (logo)'),
(5369, 322, 179, 0, 0, 0, ''),
(5374, 327, 156, 0, 0, 1, 'esquerda ( abaixo do bolso)'),
(5387, 292, 152, 0, 0, 1, 'logo'),
(5388, 292, 186, 0, 0, 1, 'esquerda (bandeiras de minas gerais e do brasil )'),
(5399, 295, 106, 0, 0, 0, ''),
(5409, 335, 106, 0, 0, 0, ''),
(5410, 335, 207, 0, 0, 0, ' 6 cm ( c/ 1 botão )'),
(5411, 335, 102, 0, 0, 0, ''),
(5412, 335, 91, 0, 0, 0, '( c/ 5 botões )'),
(5413, 335, 169, 0, 0, 1, ' peito esquerdo'),
(5414, 335, 87, 0, 0, 1, '(logo )'),
(5415, 335, 129, 0, 0, 1, '(logo)'),
(5416, 335, 179, 0, 0, 0, ''),
(5417, 336, 90, 0, 0, 0, 'c/ 1 botão'),
(5418, 336, 169, 0, 0, 2, 'atras '),
(5419, 336, 169, 0, 0, 2, 'frente'),
(5420, 336, 87, 0, 0, 1, 'TRASEIRO LADO DIREITO (LOGO)'),
(5421, 336, 156, 0, 0, 1, 'DIREITA ( ESCRITO DE CIMA PARA BAIXO )'),
(5422, 336, 179, 0, 0, 0, ''),
(5472, 337, 155, 0, 0, 1, '(logo)'),
(5471, 337, 127, 0, 0, 0, ''),
(5470, 337, 219, 0, 0, 0, ''),
(5469, 337, 183, 0, 0, 2, 'lateral'),
(5468, 337, 206, 0, 0, 0, 'FRENTE BARRA e ELÁSTICO COSTAS '),
(5467, 337, 90, 0, 0, 0, ' preto a vista '),
(5466, 337, 102, 0, 0, 0, ''),
(5465, 337, 126, 0, 0, 0, ''),
(5464, 337, 106, 0, 0, 0, ''),
(5440, 339, 106, 0, 0, 0, ''),
(5497, 338, 156, 0, 0, 1, 'esquerda abaixo do bolso '),
(5496, 338, 169, 0, 0, 2, 'frente '),
(5495, 338, 169, 0, 0, 2, 'atras '),
(5494, 338, 86, 0, 0, 0, ''),
(5441, 339, 126, 0, 0, 0, ''),
(5442, 339, 102, 0, 0, 0, ''),
(5443, 339, 91, 0, 0, 0, ''),
(5444, 339, 169, 0, 0, 1, 'peito esquerdo '),
(5445, 339, 87, 0, 0, 1, ''),
(5446, 339, 129, 0, 0, 1, ''),
(5447, 339, 179, 0, 0, 0, ''),
(5448, 340, 105, 0, 0, 0, ''),
(5449, 340, 170, 0, 0, 0, ''),
(5450, 340, 193, 0, 0, 0, ''),
(5451, 340, 92, 0, 0, 0, ''),
(5452, 340, 129, 0, 0, 1, ''),
(5453, 340, 155, 0, 0, 1, 'esquerdo '),
(5454, 340, 179, 0, 0, 0, ''),
(5478, 341, 180, 0, 0, 0, ''),
(5477, 341, 169, 0, 0, 2, 'atras '),
(5476, 341, 169, 0, 0, 2, 'frente '),
(5475, 341, 86, 0, 0, 0, ''),
(5473, 337, 160, 0, 0, 1, '2.5 CM cinza'),
(5474, 337, 159, 0, 0, 1, '2.5 CM cinza'),
(5479, 341, 179, 0, 0, 0, ''),
(5487, 330, 86, 0, 0, 0, ''),
(5498, 338, 179, 0, 0, 0, ''),
(5520, 342, 169, 0, 0, 2, 'frente '),
(5519, 342, 169, 0, 0, 2, 'atras '),
(5518, 342, 86, 0, 0, 0, ''),
(5510, 343, 105, 0, 0, 0, ''),
(5511, 343, 170, 0, 0, 0, ''),
(5512, 343, 102, 0, 0, 0, ''),
(5513, 343, 91, 0, 0, 0, ''),
(5514, 343, 169, 0, 0, 1, 'peito esquerdo '),
(5515, 343, 87, 0, 0, 1, ''),
(5516, 343, 129, 0, 0, 1, ''),
(5517, 343, 179, 0, 0, 0, ''),
(5521, 342, 180, 0, 0, 0, ''),
(5522, 342, 161, 0, 0, 1, '2,5 CM CINZA'),
(5532, 272, 170, 0, 0, 0, ''),
(5531, 272, 105, 0, 0, 0, ''),
(5552, 344, 180, 0, 0, 0, ''),
(5551, 344, 169, 0, 0, 2, 'ATRAS '),
(5550, 344, 169, 0, 0, 2, 'FRENTE '),
(5549, 344, 86, 0, 0, 0, ''),
(5544, 345, 86, 0, 0, 0, ''),
(5545, 345, 169, 0, 0, 2, 'FRENTE'),
(5546, 345, 169, 0, 0, 2, 'ATRAS '),
(5547, 345, 180, 0, 0, 0, ''),
(5548, 345, 179, 0, 0, 0, ''),
(5553, 344, 179, 0, 0, 0, ''),
(5564, 346, 129, 0, 0, 1, ''),
(5563, 346, 92, 0, 0, 0, ''),
(5562, 346, 193, 0, 0, 0, ''),
(5561, 346, 170, 0, 0, 0, ''),
(5560, 346, 105, 0, 0, 0, ''),
(5565, 346, 131, 0, 0, 1, 'peito esquerdo '),
(5566, 347, 105, 0, 0, 0, ''),
(5567, 347, 170, 0, 0, 0, ''),
(5568, 347, 193, 0, 0, 0, ''),
(5569, 347, 92, 0, 0, 1, ''),
(5570, 347, 131, 0, 0, 1, 'lado esquerdo '),
(5571, 347, 129, 0, 0, 1, ''),
(5572, 348, 105, 0, 0, 0, ''),
(5573, 348, 170, 0, 0, 0, ''),
(5574, 348, 97, 0, 0, 0, ''),
(5575, 348, 199, 0, 0, 0, ''),
(5576, 348, 92, 0, 0, 0, ''),
(5577, 348, 169, 0, 0, 1, 'peito esquerdo '),
(5578, 348, 152, 0, 0, 1, ''),
(5579, 348, 179, 0, 0, 0, ''),
(5580, 349, 105, 0, 0, 0, ''),
(5581, 349, 170, 0, 0, 0, ''),
(5582, 349, 97, 0, 0, 0, ''),
(5583, 349, 199, 0, 0, 0, ''),
(5584, 349, 92, 0, 0, 0, ''),
(5585, 349, 169, 0, 0, 1, 'peito esquerdo'),
(5586, 349, 152, 0, 0, 1, ''),
(5587, 349, 179, 0, 0, 0, ''),
(5599, 350, 87, 0, 0, 1, 'FRENTE LADO ESQUERDO ( parte inferior do bolso)'),
(5598, 350, 169, 0, 0, 2, 'FRENTE'),
(5596, 350, 86, 0, 0, 0, ''),
(5597, 350, 169, 0, 0, 1, 'ATRAS '),
(5600, 351, 86, 0, 0, 0, ''),
(5601, 351, 169, 0, 0, 1, 'atras ( lado direito )'),
(5602, 351, 169, 0, 0, 2, 'frente'),
(5603, 351, 180, 0, 0, 0, ''),
(5604, 351, 179, 0, 0, 0, ''),
(5605, 352, 106, 0, 0, 0, ''),
(5606, 352, 145, 0, 0, 0, ''),
(5607, 352, 96, 0, 0, 0, ''),
(5608, 352, 92, 0, 0, 0, ''),
(5609, 352, 155, 0, 0, 1, ' LADO ESQUERDO'),
(5610, 352, 129, 0, 0, 1, 'SUPERIOR'),
(5611, 352, 160, 0, 0, 1, '2.5 CM  CINZA'),
(5612, 352, 159, 0, 0, 1, '2.5 CM  CINZA'),
(5613, 353, 86, 0, 0, 1, ''),
(5614, 353, 169, 0, 0, 2, 'FRENTE'),
(5615, 353, 169, 0, 0, 2, 'ATRAS '),
(5616, 353, 109, 0, 0, 1, ''),
(5617, 353, 110, 0, 0, 1, ''),
(5618, 353, 156, 0, 0, 1, 'DIREITA VERTICAL ( ESCRITO DE CIMA PARA BAIXO ) '),
(5619, 353, 161, 0, 0, 1, '2.5 CM CINZA'),
(5620, 354, 106, 0, 0, 0, ''),
(5621, 354, 145, 0, 0, 0, ''),
(5622, 354, 96, 0, 0, 0, ''),
(5623, 354, 92, 0, 0, 0, ''),
(5624, 354, 155, 0, 0, 1, 'LADO ESQUERDO'),
(5625, 354, 129, 0, 0, 1, 'SUPERIOR'),
(5626, 354, 160, 0, 0, 1, '2.5 CM CINZA'),
(5627, 354, 159, 0, 0, 1, '2.5 CM CINZA'),
(5628, 355, 86, 0, 0, 0, ''),
(5629, 355, 169, 0, 0, 2, 'FRENTE'),
(5630, 355, 169, 0, 0, 2, 'ATRAS'),
(5631, 355, 109, 0, 0, 1, ''),
(5632, 355, 110, 0, 0, 1, ''),
(5633, 355, 156, 0, 0, 1, 'DIREITA VERTICAL ( ESCRITO DE CIMA PARA BAIXO ) '),
(5634, 355, 161, 0, 0, 1, ' 2.5 CM CINZA'),
(5635, 356, 106, 0, 0, 0, ''),
(5636, 356, 145, 0, 0, 1, ''),
(5637, 356, 96, 0, 0, 0, ''),
(5638, 356, 92, 0, 0, 0, ''),
(5639, 356, 155, 0, 0, 1, ' LADO ESQUERDO'),
(5640, 356, 129, 0, 0, 1, 'SUPERIOR'),
(5641, 356, 160, 0, 0, 1, '2.5 CM CINZA'),
(5642, 356, 159, 0, 0, 1, '2.5 CM CINZA'),
(5643, 357, 86, 0, 0, 0, ''),
(5644, 357, 169, 0, 0, 2, 'FRENTE '),
(5645, 357, 169, 0, 0, 2, 'ATRAS '),
(5646, 357, 109, 0, 0, 1, ''),
(5647, 357, 110, 0, 0, 1, ''),
(5648, 357, 156, 0, 0, 1, 'DIREITA VERTICAL ( ESCRITO DE CIMA PARA BAIXO ) '),
(5649, 357, 161, 0, 0, 1, '2.5 CM CINZA'),
(5650, 358, 106, 0, 0, 0, ''),
(5651, 358, 145, 0, 0, 0, ''),
(5652, 358, 193, 0, 0, 0, 'PUNHO LARANJA'),
(5653, 358, 92, 0, 0, 0, ''),
(5654, 358, 155, 0, 0, 1, 'ESQUERDO'),
(5655, 358, 129, 0, 0, 1, ' GRANDE'),
(5705, 359, 110, 0, 0, 1, ''),
(5704, 359, 109, 0, 0, 1, ''),
(5703, 359, 148, 0, 0, 1, ''),
(5702, 359, 169, 0, 0, 2, 'atras '),
(5701, 359, 169, 0, 0, 2, 'frente '),
(5700, 359, 86, 0, 0, 0, ''),
(5663, 360, 106, 0, 0, 0, ''),
(5664, 360, 207, 0, 0, 0, ' 5 cm (Azul Royal ) c/ 1 botão'),
(5665, 360, 102, 0, 0, 0, 'Azul Royal'),
(5666, 360, 91, 0, 0, 0, ''),
(5667, 360, 169, 0, 0, 1, ' peito esquerdo cinza ( metade do bolso sobrepõe a pala Azul Royal )'),
(5668, 360, 148, 0, 0, 1, 'Azul Royal'),
(5669, 360, 149, 0, 0, 1, 'Azul Royal'),
(5670, 360, 129, 0, 0, 1, ' logo ( só na pala Azul Royal ) '),
(5671, 360, 87, 0, 0, 1, 'logo'),
(5672, 360, 179, 0, 0, 0, ''),
(5714, 361, 156, 0, 0, 1, 'direita (logo) abaixo do bolso'),
(5713, 361, 110, 0, 0, 1, ''),
(5712, 361, 109, 0, 0, 1, ''),
(5711, 361, 148, 0, 0, 1, ''),
(5710, 361, 169, 0, 0, 2, 'atras '),
(5708, 361, 86, 0, 0, 0, ''),
(5709, 361, 169, 0, 0, 2, 'frente '),
(5693, 362, 169, 0, 0, 1, 'peito esquerdo cinza ( metade do bolso sobrepõe a pala Azul Royal )'),
(5691, 362, 102, 0, 0, 0, 'Azul Royal'),
(5692, 362, 91, 0, 0, 0, ''),
(5690, 362, 207, 0, 0, 0, ' 5 cm (Azul Royal ) c/ 1 botão'),
(5689, 362, 106, 0, 0, 0, ''),
(5694, 362, 148, 0, 0, 1, 'Azul Royal'),
(5695, 362, 149, 0, 0, 1, 'Azul Royal'),
(5696, 362, 87, 0, 0, 1, 'logo'),
(5697, 362, 129, 0, 0, 1, 'logo ( só na pala Azul Royal ) '),
(5698, 362, 160, 0, 0, 1, 'faixa de 5 cm dupla cinza e laranja '),
(5699, 362, 159, 0, 0, 1, 'faixa de 5 cm dupla cinza e laranja'),
(5706, 359, 156, 0, 0, 1, 'direita (logo) abaixo do bolso'),
(5707, 359, 179, 0, 0, 0, ''),
(5715, 361, 161, 0, 0, 1, 'na altura do joelho ( faixa de 5 cm dupla cinza e laranja )'),
(5716, 363, 86, 0, 0, 0, ''),
(5717, 363, 169, 0, 0, 2, 'atras '),
(5718, 363, 169, 0, 0, 2, 'frente'),
(5719, 363, 148, 0, 0, 1, ''),
(5720, 363, 109, 0, 0, 1, ''),
(5721, 363, 110, 0, 0, 1, ''),
(5722, 363, 156, 0, 0, 1, ' direita (logo) abaixo do bolso'),
(5723, 363, 161, 0, 0, 1, 'na altura do joelho ( faixa de 5 cm dupla cinza e laranja )'),
(5724, 364, 106, 0, 0, 0, ''),
(5725, 364, 207, 0, 0, 0, '5 cm (Azul Royal ) c/ 1 botão'),
(5726, 364, 102, 0, 0, 0, ' Azul Royal'),
(5727, 364, 91, 0, 0, 0, ''),
(5728, 364, 169, 0, 0, 1, ' peito esquerdo cinza ( metade do bolso sobrepõe a pala Azul Royal )'),
(5729, 364, 148, 0, 0, 1, 'Azul Royal'),
(5730, 364, 149, 0, 0, 1, 'Azul Royal'),
(5731, 364, 87, 0, 0, 1, ' logo '),
(5732, 364, 129, 0, 0, 1, ' logo ( só na pala Azul Royal ) '),
(5733, 364, 160, 0, 0, 1, ' faixa de 5 cm dupla cinza e laranja '),
(5734, 364, 159, 0, 0, 1, ' faixa de 5 cm dupla cinza e laranja '),
(5735, 365, 105, 0, 0, 0, ''),
(5736, 365, 170, 0, 0, 0, ''),
(5737, 365, 102, 0, 0, 0, 'Azul Royal'),
(5738, 365, 169, 0, 0, 1, ' peito esquerdo cinza ( metade do bolso sobrepõe a pala Azul Royal )'),
(5739, 365, 148, 0, 0, 1, 'Azul Royal'),
(5740, 365, 149, 0, 0, 1, 'Azul Royal'),
(5741, 365, 87, 0, 0, 1, 'logo'),
(5742, 365, 129, 0, 0, 1, 'logo ( só na pala Azul Royal ) '),
(5743, 365, 160, 0, 0, 1, 'faixa de 5 cm dupla cinza e laranja '),
(5744, 365, 159, 0, 0, 1, 'faixa de 5 cm dupla cinza e laranja '),
(5834, 366, 179, 0, 0, 0, ''),
(5833, 366, 155, 0, 0, 1, 'superior logo'),
(5832, 366, 92, 0, 0, 0, ''),
(5831, 366, 99, 0, 0, 0, ''),
(5839, 367, 155, 0, 0, 1, 'superior logo'),
(5838, 367, 92, 0, 0, 0, ''),
(5837, 367, 99, 0, 0, 0, ''),
(5836, 367, 146, 0, 0, 0, ''),
(5835, 367, 106, 0, 0, 0, ''),
(5830, 366, 170, 0, 0, 0, ''),
(5829, 366, 105, 0, 0, 0, ''),
(5873, 368, 159, 0, 0, 1, '2.5 cm cinza'),
(5872, 368, 160, 0, 0, 1, '2.5 cm cinza'),
(5871, 368, 155, 0, 0, 1, 'superior (logo)'),
(5870, 368, 127, 0, 0, 0, ''),
(5868, 368, 183, 0, 0, 2, 'lateral '),
(5869, 368, 219, 0, 0, 0, ''),
(5867, 368, 206, 0, 0, 0, 'frente barra e elástico costas '),
(5777, 369, 86, 0, 0, 0, ''),
(5778, 369, 169, 0, 0, 2, 'atras '),
(5779, 369, 169, 0, 0, 2, 'frente '),
(5780, 369, 148, 0, 0, 1, ''),
(5781, 369, 109, 0, 0, 1, ''),
(5782, 369, 110, 0, 0, 1, ''),
(5783, 369, 156, 0, 0, 1, ' direita (logo) abaixo do bolso'),
(5784, 369, 161, 0, 0, 1, 'na altura do joelho ( faixa de 5 cm dupla cinza e laranja )'),
(5785, 370, 106, 0, 0, 0, ''),
(5786, 370, 146, 0, 0, 0, ''),
(5787, 370, 99, 0, 0, 0, ''),
(5788, 370, 92, 0, 0, 0, ''),
(5789, 370, 129, 0, 0, 1, 'superior logo'),
(5790, 370, 155, 0, 0, 1, ' superior logo'),
(5791, 370, 160, 0, 0, 1, 'faixa de 5 cm dupla cinza e laranja '),
(5792, 370, 159, 0, 0, 1, 'faixa de 5 cm dupla cinza e laranja '),
(5827, 371, 169, 0, 0, 1, 'preito esquerdo '),
(5826, 371, 91, 0, 0, 0, ''),
(5825, 371, 100, 0, 0, 0, ''),
(5824, 371, 125, 0, 0, 0, ''),
(5823, 371, 106, 0, 0, 0, ''),
(5815, 372, 169, 0, 0, 1, 'preito esquerdo '),
(5814, 372, 91, 0, 0, 0, ''),
(5813, 372, 100, 0, 0, 0, ''),
(5812, 372, 170, 0, 0, 0, ''),
(5811, 372, 105, 0, 0, 0, ''),
(5805, 373, 106, 0, 0, 0, ''),
(5806, 373, 125, 0, 0, 0, ''),
(5807, 373, 100, 0, 0, 0, ''),
(5808, 373, 91, 0, 0, 0, ''),
(5809, 373, 169, 0, 0, 1, 'preito esquerdo '),
(5810, 373, 152, 0, 0, 1, '( logo )'),
(5816, 372, 152, 0, 0, 1, '( bolso )'),
(5817, 375, 105, 0, 0, 0, ''),
(5818, 375, 170, 0, 0, 0, ''),
(5819, 375, 100, 0, 0, 0, ''),
(5820, 375, 91, 0, 0, 0, ''),
(5821, 375, 169, 0, 0, 1, 'preito esquerdo '),
(5822, 375, 152, 0, 0, 1, '( logo )'),
(5828, 371, 152, 0, 0, 1, '( logo )'),
(5840, 367, 179, 0, 0, 0, ''),
(5866, 368, 90, 0, 0, 0, 'preto a vista'),
(5864, 368, 146, 0, 0, 0, ''),
(5865, 368, 102, 0, 0, 0, ''),
(5863, 368, 106, 0, 0, 0, ''),
(5874, 376, 105, 0, 0, 0, ''),
(5875, 376, 170, 0, 0, 0, ''),
(5876, 376, 99, 0, 0, 0, ''),
(5877, 376, 92, 0, 0, 0, ''),
(5878, 376, 129, 0, 0, 1, ''),
(5879, 376, 155, 0, 0, 1, 'superior esquerdo '),
(5880, 377, 105, 0, 0, 0, ''),
(5881, 377, 170, 0, 0, 0, ''),
(5882, 377, 102, 0, 0, 0, ''),
(5883, 377, 91, 0, 0, 0, ''),
(5884, 377, 169, 0, 0, 1, 'peito esquerdo '),
(5885, 377, 180, 0, 0, 0, ''),
(5886, 377, 179, 0, 0, 0, ''),
(5887, 378, 86, 0, 0, 0, ''),
(5888, 378, 169, 0, 0, 2, 'frente '),
(5889, 378, 169, 0, 0, 2, 'atras '),
(5890, 378, 180, 0, 0, 0, ''),
(5891, 378, 179, 0, 0, 0, ''),
(6159, 379, 87, 0, 0, 1, ' ( logo com site e tel )'),
(6158, 379, 169, 0, 0, 1, 'peito esquerdo'),
(6157, 379, 91, 0, 0, 0, ''),
(6156, 379, 102, 0, 0, 0, ''),
(5899, 380, 86, 0, 0, 0, ''),
(5900, 380, 169, 0, 0, 2, 'frente '),
(5901, 380, 169, 0, 0, 2, 'atras '),
(5902, 380, 161, 0, 0, 1, '2.5 cm cinza '),
(6155, 379, 170, 0, 0, 0, ''),
(6154, 379, 106, 0, 0, 0, ''),
(6166, 381, 92, 0, 0, 0, ''),
(6165, 381, 193, 0, 0, 0, ''),
(6164, 381, 170, 0, 0, 0, ''),
(6163, 381, 105, 0, 0, 0, ''),
(5934, 382, 161, 0, 0, 1, '10cm cinza e verde (na altura do joelho )'),
(5933, 382, 180, 0, 0, 0, ''),
(5932, 382, 169, 0, 0, 2, 'atras '),
(5930, 382, 86, 0, 0, 0, ''),
(5931, 382, 169, 0, 0, 2, 'frente '),
(5942, 383, 87, 0, 0, 1, '(logo)'),
(5941, 383, 169, 0, 0, 1, 'peito esquerdo '),
(5940, 383, 92, 0, 0, 0, ''),
(5939, 383, 199, 0, 0, 0, 'c/ 1 botão'),
(5938, 383, 102, 0, 0, 0, ''),
(5937, 383, 170, 0, 0, 0, ''),
(5936, 383, 105, 0, 0, 0, ''),
(5935, 382, 161, 0, 0, 1, '10cm cinza e verde (na altura do tornozelo )'),
(5943, 383, 129, 0, 0, 1, 'superior ( a serviço via 040 e logo urbtopo )'),
(5944, 383, 160, 0, 0, 1, '10cm cinza e verde'),
(5945, 383, 159, 0, 0, 1, '10cm cinza e verde'),
(5946, 384, 86, 0, 0, 0, ''),
(5947, 384, 169, 0, 0, 2, 'frente'),
(5948, 384, 169, 0, 0, 2, 'atras '),
(5949, 384, 148, 0, 0, 1, ''),
(5950, 384, 109, 0, 0, 1, ''),
(5951, 384, 110, 0, 0, 1, ''),
(5952, 384, 156, 0, 0, 1, ' direita (logo) abaixo do bolso'),
(5953, 384, 161, 0, 0, 1, ' na altura do joelho ( faixa de 5 cm dupla cinza e laranja )'),
(5954, 385, 106, 0, 0, 0, ''),
(5955, 385, 146, 0, 0, 0, ''),
(5956, 385, 99, 0, 0, 0, ''),
(5957, 385, 92, 0, 0, 0, ''),
(5958, 385, 155, 0, 0, 1, 'esquerdo  superior logo'),
(5959, 385, 129, 0, 0, 1, ' superior logo'),
(5960, 385, 160, 0, 0, 1, 'faixa de 5 cm dupla cinza e laranja '),
(5961, 385, 159, 0, 0, 1, 'faixa de 5 cm dupla cinza e laranja '),
(5962, 386, 86, 0, 0, 0, ''),
(5963, 386, 169, 0, 0, 2, 'frente'),
(5964, 386, 169, 0, 0, 2, 'atrás '),
(5965, 386, 148, 0, 0, 1, ''),
(5966, 386, 109, 0, 0, 1, ''),
(5967, 386, 110, 0, 0, 1, ''),
(5968, 386, 156, 0, 0, 1, 'direita (logo) abaixo do bolso'),
(5969, 386, 161, 0, 0, 1, 'na altura do joelho ( faixa de 5 cm dupla cinza e laranja )'),
(5970, 387, 106, 0, 0, 0, ''),
(5971, 387, 146, 0, 0, 0, ''),
(5972, 387, 99, 0, 0, 0, ''),
(5973, 387, 92, 0, 0, 0, ''),
(5974, 387, 129, 0, 0, 1, 'superior logo'),
(5975, 387, 155, 0, 0, 1, 'esquerdo superior logo'),
(5976, 387, 160, 0, 0, 1, 'faixa de 5 cm dupla cinza e laranja '),
(5977, 387, 159, 0, 0, 1, 'faixa de 5 cm dupla cinza e laranja '),
(5978, 388, 86, 0, 0, 0, ''),
(5979, 388, 171, 0, 0, 0, ''),
(5980, 388, 180, 0, 0, 0, ''),
(5981, 388, 179, 0, 0, 0, ''),
(5982, 389, 86, 0, 0, 0, ''),
(5983, 389, 169, 0, 0, 2, 'frente '),
(5984, 389, 169, 0, 0, 2, 'atras '),
(5985, 389, 180, 0, 0, 0, ''),
(5986, 389, 179, 0, 0, 0, ''),
(6134, 390, 169, 0, 0, 2, 'atras '),
(6140, 391, 179, 0, 0, 0, ''),
(6139, 391, 180, 0, 0, 0, ''),
(6138, 391, 171, 0, 0, 0, ''),
(6137, 391, 86, 0, 0, 0, ''),
(6144, 392, 180, 0, 0, 0, ''),
(6143, 392, 169, 0, 0, 2, 'atras '),
(6142, 392, 169, 0, 0, 2, 'frente '),
(6141, 392, 86, 0, 0, 0, ''),
(6149, 393, 179, 0, 0, 0, ''),
(6148, 393, 180, 0, 0, 0, ''),
(6147, 393, 171, 0, 0, 0, ''),
(6146, 393, 86, 0, 0, 0, ''),
(6153, 394, 179, 0, 0, 0, ''),
(6152, 394, 180, 0, 0, 0, ''),
(6151, 394, 171, 0, 0, 0, ''),
(6150, 394, 86, 0, 0, 0, ''),
(6417, 395, 155, 0, 0, 1, 'superior esquerdo '),
(6416, 395, 171, 0, 0, 0, ''),
(6415, 395, 92, 0, 0, 0, ''),
(6414, 395, 201, 0, 0, 0, ''),
(6413, 395, 220, 0, 0, 0, ''),
(6412, 395, 170, 0, 0, 0, ''),
(6411, 395, 105, 0, 0, 0, ''),
(6017, 396, 105, 0, 0, 0, ''),
(6018, 396, 170, 0, 0, 0, ''),
(6019, 396, 193, 0, 0, 0, ''),
(6020, 396, 92, 0, 0, 0, ''),
(6021, 396, 155, 0, 0, 1, 'superior esquerdo ( logo )'),
(6022, 396, 179, 0, 0, 0, ''),
(6023, 397, 105, 0, 0, 0, ''),
(6024, 397, 170, 0, 0, 0, ''),
(6025, 397, 193, 0, 0, 0, ''),
(6026, 397, 92, 0, 0, 0, ''),
(6027, 397, 155, 0, 0, 1, 'superior esquerdo ( logo )'),
(6028, 398, 105, 0, 0, 0, ''),
(6029, 398, 105, 0, 0, 0, ''),
(6030, 398, 170, 0, 0, 0, ''),
(6031, 398, 193, 0, 0, 0, ''),
(6032, 398, 92, 0, 0, 0, ''),
(6033, 398, 155, 0, 0, 1, 'superior esquerdo ( logo )'),
(6034, 399, 106, 0, 0, 0, ''),
(6035, 399, 146, 0, 0, 0, ''),
(6036, 399, 193, 0, 0, 0, ''),
(6037, 399, 92, 0, 0, 0, ''),
(6038, 399, 155, 0, 0, 1, 'superior esquerdo ( logo )'),
(6039, 400, 106, 0, 0, 0, ''),
(6040, 400, 146, 0, 0, 0, ''),
(6041, 400, 193, 0, 0, 0, ''),
(6042, 400, 92, 0, 0, 0, ''),
(6043, 400, 155, 0, 0, 1, 'superior esquerdo ( logo )'),
(6187, 401, 179, 0, 0, 0, ''),
(6186, 401, 180, 0, 0, 0, ''),
(6184, 401, 169, 0, 0, 2, 'frente'),
(6185, 401, 169, 0, 0, 2, 'atras '),
(6068, 402, 169, 0, 0, 2, 'atras '),
(6067, 402, 169, 0, 0, 2, 'frente'),
(6066, 402, 195, 0, 0, 0, ''),
(6065, 402, 206, 0, 0, 0, 'atras elástico frente cos. '),
(6064, 402, 90, 0, 0, 0, ''),
(6075, 403, 169, 0, 0, 1, 'peito esquerdo '),
(6074, 403, 91, 0, 0, 0, ''),
(6073, 403, 102, 0, 0, 0, ''),
(6072, 403, 170, 0, 0, 0, ''),
(6071, 403, 105, 0, 0, 0, ''),
(6069, 402, 180, 0, 0, 0, ''),
(6070, 402, 179, 0, 0, 0, ''),
(6076, 403, 180, 0, 0, 1, ''),
(6077, 403, 179, 0, 0, 1, ''),
(6078, 404, 90, 0, 0, 0, ''),
(6079, 404, 206, 0, 0, 0, 'atras elástico e frente cos.'),
(6080, 404, 195, 0, 0, 0, ''),
(6081, 404, 169, 0, 0, 2, 'frente'),
(6082, 404, 169, 0, 0, 2, 'atras '),
(6083, 404, 180, 0, 0, 0, ''),
(6084, 404, 179, 0, 0, 0, ''),
(6085, 405, 105, 0, 0, 0, ''),
(6086, 405, 170, 0, 0, 0, ''),
(6087, 405, 102, 0, 0, 0, ''),
(6088, 405, 91, 0, 0, 0, ''),
(6089, 405, 169, 0, 0, 1, 'peito esquerdo'),
(6090, 405, 180, 0, 0, 0, ''),
(6091, 405, 179, 0, 0, 0, ''),
(6092, 406, 86, 0, 0, 0, ''),
(6093, 406, 169, 0, 0, 2, 'frente '),
(6094, 406, 169, 0, 0, 2, 'atras '),
(6095, 406, 87, 0, 0, 1, 'traseiro direito (logo na cor preta )'),
(6096, 406, 179, 0, 0, 0, ''),
(6097, 407, 106, 0, 0, 0, ''),
(6098, 407, 146, 0, 0, 0, ''),
(6099, 407, 99, 0, 0, 0, ''),
(6100, 407, 92, 0, 0, 0, ''),
(6101, 407, 155, 0, 0, 1, 'superior esquerdo ( logo na cor preta )'),
(6102, 407, 204, 0, 0, 1, 'direita ( PBOP )'),
(6103, 407, 204, 0, 0, 1, 'ISO 9001 na cor preta'),
(6116, 408, 155, 0, 0, 1, 'superior esquerdo '),
(6115, 408, 92, 0, 0, 0, ''),
(6114, 408, 96, 0, 0, 0, ''),
(6113, 408, 145, 0, 0, 0, ''),
(6112, 408, 106, 0, 0, 0, ''),
(6117, 408, 129, 0, 0, 1, 'superior'),
(6118, 408, 160, 0, 0, 1, '2.5 cm cinza'),
(6119, 408, 159, 0, 0, 1, '2.5 cm cinza'),
(6120, 409, 86, 0, 0, 0, ''),
(6121, 409, 169, 0, 0, 2, 'frente '),
(6122, 409, 169, 0, 0, 2, 'atras '),
(6123, 409, 109, 0, 0, 1, ''),
(6124, 409, 110, 0, 0, 1, ''),
(6125, 409, 156, 0, 0, 1, 'VERTICAL ( ESCRITO DE CIMA PARA BAIXO ) '),
(6126, 409, 161, 0, 0, 1, ' 2.5 CM CINZA'),
(6133, 390, 169, 0, 0, 2, 'frente '),
(6132, 390, 86, 0, 0, 0, ''),
(6135, 390, 180, 0, 0, 0, ''),
(6136, 390, 179, 0, 0, 0, ''),
(6145, 392, 179, 0, 0, 0, ''),
(6160, 379, 129, 0, 0, 1, '( logo com site e tel )'),
(6161, 379, 160, 0, 0, 1, '2.5  cm cinza'),
(6162, 379, 159, 0, 0, 1, '2.5 cm cinza'),
(6167, 381, 155, 0, 0, 1, 'superior esquerdo ( logo com site e tel )'),
(6168, 381, 129, 0, 0, 1, 'superior ( logo com site e tel )'),
(6183, 401, 222, 0, 0, 0, ''),
(6182, 401, 221, 0, 0, 0, ''),
(6181, 401, 90, 0, 0, 0, ''),
(6188, 410, 106, 0, 0, 0, ''),
(6189, 410, 146, 0, 0, 0, ''),
(6190, 410, 102, 0, 0, 0, ''),
(6191, 410, 90, 0, 0, 0, 'preto a vista '),
(6192, 410, 93, 0, 0, 0, 'barra '),
(6193, 410, 222, 0, 0, 0, ''),
(6194, 410, 183, 0, 0, 2, 'lateral '),
(6195, 410, 127, 0, 0, 0, ''),
(6196, 410, 219, 0, 0, 0, ''),
(6197, 410, 155, 0, 0, 1, 'superior esquerdo ( logo )'),
(6198, 410, 160, 0, 0, 1, '2.5 cm cinza'),
(6199, 410, 159, 0, 0, 1, '2.5 cm cinza'),
(6200, 411, 106, 0, 0, 0, ''),
(6201, 411, 207, 0, 0, 0, ' 6 cm ( c/ 1 botão )'),
(6202, 411, 102, 0, 0, 0, ''),
(6203, 411, 91, 0, 0, 0, ''),
(6204, 411, 169, 0, 0, 1, 'peito esquerdo'),
(6205, 411, 87, 0, 0, 1, '(  logo )'),
(6206, 411, 129, 0, 0, 1, '(  logo )'),
(6207, 411, 179, 0, 0, 0, ''),
(6208, 412, 90, 0, 0, 0, ''),
(6209, 412, 91, 0, 0, 0, ''),
(6210, 412, 169, 0, 0, 2, 'atras '),
(6211, 412, 169, 0, 0, 2, 'frente'),
(6212, 412, 87, 0, 0, 1, ' TRASEIRO LADO DIREITO (LOGO)'),
(6213, 412, 156, 0, 0, 1, 'DIREITA ( ESCRITO DE CIMA PARA BAIXO )'),
(6214, 412, 179, 0, 0, 0, ''),
(6215, 413, 105, 0, 0, 0, ''),
(6216, 413, 170, 0, 0, 0, ''),
(6217, 413, 100, 0, 0, 0, ' c/ 3 botões '),
(6218, 413, 91, 0, 0, 0, ''),
(6219, 413, 169, 0, 0, 1, 'peito esquerdo'),
(6220, 413, 186, 0, 0, 1, 'esquerda (bandeiras de minas gerais e do brasil )'),
(6221, 413, 152, 0, 0, 1, '( logo )'),
(6234, 414, 169, 0, 0, 2, 'atras '),
(6233, 414, 169, 0, 0, 2, 'frente'),
(6232, 414, 86, 0, 0, 0, ''),
(6225, 415, 105, 0, 0, 0, ''),
(6226, 415, 170, 0, 0, 0, ''),
(6227, 415, 193, 0, 0, 0, ''),
(6228, 415, 92, 0, 0, 0, ''),
(6229, 415, 129, 0, 0, 1, '( logo )'),
(6230, 415, 155, 0, 0, 1, '( logo )'),
(6231, 415, 179, 0, 0, 0, ''),
(6235, 414, 156, 0, 0, 1, 'abaixo do bolso dianteiro direito'),
(6236, 414, 179, 0, 0, 0, ''),
(6237, 416, 86, 0, 0, 0, ''),
(6238, 416, 169, 0, 0, 2, 'frente '),
(6239, 416, 169, 0, 0, 2, 'atras '),
(6240, 416, 156, 0, 0, 1, ' esquerda abaixo do bolso'),
(6241, 416, 179, 0, 0, 0, ''),
(6376, 417, 87, 0, 0, 1, '( silk o nome do funcionario acima da logo )'),
(6375, 417, 129, 0, 0, 1, 'escrito ( sacolão santa rita )'),
(6374, 417, 169, 0, 0, 1, 'peito superior esquerdo'),
(6373, 417, 92, 0, 0, 0, ''),
(6372, 417, 192, 0, 0, 0, ''),
(6371, 417, 170, 0, 0, 0, ''),
(6385, 418, 87, 0, 0, 1, '( logo )'),
(6383, 418, 87, 0, 0, 1, ' ( silk o nome do funcionário acima da logo )'),
(6382, 418, 169, 0, 0, 1, 'peito superior esquerdo'),
(6381, 418, 92, 0, 0, 0, ''),
(6380, 418, 192, 0, 0, 0, ''),
(6379, 418, 170, 0, 0, 0, ''),
(6302, 419, 169, 0, 0, 2, 'atras '),
(6301, 419, 169, 0, 0, 2, 'frente'),
(6300, 419, 86, 0, 0, 0, ''),
(6370, 417, 105, 0, 0, 0, ''),
(6384, 418, 129, 0, 0, 1, ' escrito ( sacolão santa rita )'),
(6303, 419, 156, 0, 0, 1, 'direita vertical  escrito de cima para baixo ( sacolão santa rita )'),
(6304, 419, 179, 0, 0, 0, ''),
(6305, 420, 86, 0, 0, 0, ''),
(6306, 420, 169, 0, 0, 2, 'frente '),
(6307, 420, 169, 0, 0, 2, 'atras '),
(6308, 420, 156, 0, 0, 1, 'direita vertical escrito de cima para baixo ( sacolão santa rita )'),
(6309, 420, 179, 0, 0, 0, ''),
(6327, 421, 87, 0, 0, 1, '( silk o nome do funcionário acima da logo )'),
(6326, 421, 87, 0, 0, 1, '( logo )'),
(6325, 421, 169, 0, 0, 1, 'peito superior esquerdo'),
(6324, 421, 192, 0, 0, 0, ''),
(6322, 421, 105, 0, 0, 0, ''),
(6323, 421, 170, 0, 0, 0, ''),
(6367, 422, 169, 0, 0, 1, 'peito superior esquerdo'),
(6366, 422, 92, 0, 0, 0, ''),
(6365, 422, 192, 0, 0, 0, ''),
(6363, 422, 105, 0, 0, 0, ''),
(6364, 422, 170, 0, 0, 0, ''),
(6378, 418, 105, 0, 0, 0, ''),
(6351, 423, 105, 0, 0, 0, ''),
(6352, 423, 170, 0, 0, 0, ''),
(6353, 423, 192, 0, 0, 0, ''),
(6354, 423, 92, 0, 0, 0, ''),
(6355, 423, 169, 0, 0, 1, 'peito superior esquerdo'),
(6356, 423, 87, 0, 0, 1, '( logo )'),
(6357, 424, 105, 0, 0, 0, ''),
(6358, 424, 170, 0, 0, 0, ''),
(6359, 424, 192, 0, 0, 0, ''),
(6360, 424, 92, 0, 0, 0, ''),
(6361, 424, 169, 0, 0, 1, 'peito superior esquerdo'),
(6362, 424, 87, 0, 0, 1, '( logo )'),
(6368, 422, 87, 0, 0, 1, '( logo )'),
(6369, 422, 87, 0, 0, 1, '( silk o nome do funcionário acima da logo )'),
(6377, 417, 87, 0, 0, 1, '( logo )'),
(6408, 425, 169, 0, 0, 2, 'atras '),
(6407, 425, 169, 0, 0, 2, 'frente'),
(6406, 425, 86, 0, 0, 0, ''),
(6402, 426, 169, 0, 0, 2, 'na altura da cintura'),
(6401, 426, 169, 0, 0, 1, 'peito esquerdo'),
(6400, 426, 91, 0, 0, 0, ''),
(6399, 426, 102, 0, 0, 0, ''),
(6398, 426, 170, 0, 0, 0, ''),
(6397, 426, 105, 0, 0, 0, ''),
(6403, 426, 87, 0, 0, 1, 'peito esquerdo ( logo )'),
(6404, 426, 129, 0, 0, 1, '( logo )'),
(6405, 426, 179, 0, 0, 0, ''),
(6409, 425, 180, 0, 0, 0, ''),
(6410, 425, 179, 0, 0, 0, ''),
(6443, 427, 168, 0, 0, 2, 'embutido frente'),
(6442, 427, 169, 0, 0, 2, 'atras '),
(6441, 427, 222, 0, 0, 0, ''),
(6440, 427, 221, 0, 0, 0, ''),
(6439, 427, 90, 0, 0, 0, ''),
(6450, 428, 168, 0, 0, 2, 'embutido frente'),
(6449, 428, 169, 0, 0, 2, 'atras '),
(6448, 428, 221, 0, 0, 0, ''),
(6447, 428, 222, 0, 0, 0, ''),
(6446, 428, 90, 0, 0, 0, ''),
(6444, 427, 180, 0, 0, 0, ''),
(6445, 427, 179, 0, 0, 0, ''),
(6451, 428, 180, 0, 0, 0, ''),
(6452, 428, 179, 0, 0, 0, ''),
(6453, 429, 105, 0, 0, 0, ''),
(6454, 429, 170, 0, 0, 0, ''),
(6455, 429, 100, 0, 0, 0, 'vista interna do colarinho em tricoline azul royal'),
(6456, 429, 91, 0, 0, 0, ''),
(6457, 429, 169, 0, 0, 1, 'peito esquerdo'),
(6458, 429, 152, 0, 0, 1, '(logo)'),
(6620, 430, 91, 0, 0, 0, ''),
(6619, 430, 100, 0, 0, 0, 'vista interna do colarinho em tricoline azul royal'),
(6618, 430, 125, 0, 0, 0, ''),
(6626, 431, 91, 0, 0, 0, ''),
(6625, 431, 100, 0, 0, 0, 'vista interna do colarinho em tricoline azul royal'),
(6624, 431, 170, 0, 0, 0, ''),
(6633, 432, 169, 0, 0, 1, ' peito esquerdo'),
(6632, 432, 91, 0, 0, 0, ''),
(6631, 432, 100, 0, 0, 0, 'vista interna do colarinho em tricoline azul royal'),
(6630, 432, 125, 0, 0, 0, ''),
(6629, 432, 106, 0, 0, 0, ''),
(6621, 430, 169, 0, 0, 1, 'peito esquerdo'),
(6617, 430, 106, 0, 0, 0, ''),
(6640, 433, 152, 0, 0, 1, '( logo )'),
(6639, 433, 169, 0, 0, 1, ' peito esquerdo'),
(6638, 433, 91, 0, 0, 0, ''),
(6637, 433, 100, 0, 0, 0, 'vista interna do colarinho em tricoline azul royal'),
(6636, 433, 170, 0, 0, 0, ''),
(6644, 434, 91, 0, 0, 0, ''),
(6643, 434, 100, 0, 0, 0, 'vista interna do colarinho em tricoline azul royal'),
(6642, 434, 170, 0, 0, 0, ''),
(6495, 435, 105, 0, 0, 0, ''),
(6496, 435, 170, 0, 0, 0, ''),
(6497, 435, 97, 0, 0, 0, ''),
(6498, 435, 199, 0, 0, 0, ''),
(6499, 435, 92, 0, 0, 0, ''),
(6500, 435, 169, 0, 0, 1, ' peito esquerdo '),
(6501, 435, 87, 0, 0, 1, '( logo )'),
(6502, 435, 129, 0, 0, 1, '( logo )'),
(6578, 436, 180, 0, 0, 0, ''),
(6577, 436, 169, 0, 0, 2, 'atras '),
(6576, 436, 169, 0, 0, 2, 'frente'),
(6575, 436, 86, 0, 0, 0, ''),
(6583, 437, 180, 0, 0, 0, ''),
(6582, 437, 169, 0, 0, 2, 'atras '),
(6581, 437, 169, 0, 0, 2, 'frente'),
(6580, 437, 86, 0, 0, 0, ''),
(6589, 438, 169, 0, 0, 1, 'peito esquerdo '),
(6588, 438, 91, 0, 0, 0, ''),
(6587, 438, 102, 0, 0, 0, ''),
(6586, 438, 125, 0, 0, 0, ''),
(6585, 438, 106, 0, 0, 0, ''),
(6596, 439, 169, 0, 0, 1, 'peito esquerdo '),
(6595, 439, 91, 0, 0, 0, ''),
(6594, 439, 102, 0, 0, 0, ''),
(6593, 439, 125, 0, 0, 0, ''),
(6592, 439, 106, 0, 0, 0, ''),
(6566, 440, 186, 0, 0, 1, 'direita (símbolo de saúde ocupacional )'),
(6565, 440, 92, 0, 0, 0, ''),
(6564, 440, 199, 0, 0, 0, ''),
(6563, 440, 97, 0, 0, 0, ''),
(6559, 441, 186, 0, 0, 1, 'direita (símbolo de saúde ocupacional ) '),
(6558, 441, 92, 0, 0, 0, ''),
(6557, 441, 199, 0, 0, 0, ''),
(6556, 441, 97, 0, 0, 0, ''),
(6554, 441, 105, 0, 0, 0, ''),
(6555, 441, 170, 0, 0, 0, ''),
(6561, 440, 105, 0, 0, 0, ''),
(6562, 440, 170, 0, 0, 0, ''),
(6573, 442, 186, 0, 0, 1, 'direita (símbolo de saúde ocupacional )'),
(6572, 442, 92, 0, 0, 0, ''),
(6571, 442, 199, 0, 0, 0, ''),
(6570, 442, 97, 0, 0, 0, ''),
(6568, 442, 105, 0, 0, 0, ''),
(6569, 442, 170, 0, 0, 0, ''),
(6560, 441, 115, 0, 0, 1, 'superior esquerdo (LOGO)'),
(6567, 440, 115, 0, 0, 1, 'superior esquerdo (LOGO)'),
(6574, 442, 115, 0, 0, 1, 'superior esquerdo (LOGO)');
INSERT INTO `sv_itens_produto_has_pedidos` (`id`, `produto_has_pedidos_id`, `materia_prima_id`, `tecido_id`, `id_grupo_mat_prima`, `quantidade`, `obs`) VALUES
(6579, 436, 179, 0, 0, 0, ''),
(6584, 437, 179, 0, 0, 0, ''),
(6590, 438, 180, 0, 0, 0, ''),
(6591, 438, 179, 0, 0, 0, ''),
(6597, 439, 180, 0, 0, 0, ''),
(6598, 439, 179, 0, 0, 0, ''),
(6635, 433, 105, 0, 0, 0, ''),
(6645, 434, 169, 0, 0, 1, 'peito esquerdo'),
(6641, 434, 105, 0, 0, 0, ''),
(6627, 431, 169, 0, 0, 1, 'peito esquerdo'),
(6623, 431, 105, 0, 0, 0, ''),
(6622, 430, 152, 0, 0, 1, '( logo )'),
(6628, 431, 152, 0, 0, 1, '( logo )'),
(6634, 432, 152, 0, 0, 1, '( logo )'),
(6646, 434, 152, 0, 0, 1, '( logo )'),
(6698, 443, 160, 0, 0, 1, 'atras abaixo da cava ( cinza 2.5cm )'),
(6697, 443, 160, 0, 0, 1, 'frente acima do silk e bolso (cinza 2.5cm )'),
(6696, 443, 155, 0, 0, 1, 'superior esquerdo ( logo )'),
(6695, 443, 129, 0, 0, 1, '( fiscalização sanitária ) '),
(6694, 443, 169, 0, 0, 1, '	c/ tampo, prega e botão de pressão peito superior direito ( bolso menor )'),
(6693, 443, 169, 0, 0, 2, 'c/ tampo, prega e botão de pressão na altura da cintura'),
(6692, 443, 222, 0, 0, 0, ''),
(6691, 443, 93, 0, 0, 0, 'cos'),
(6690, 443, 91, 0, 0, 0, 'DE PRESSÃO '),
(6689, 443, 143, 0, 0, 0, ''),
(6688, 443, 175, 0, 0, 0, ''),
(6699, 444, 106, 0, 0, 0, ''),
(6700, 444, 207, 0, 0, 0, ' 6 cm ( c/ 1 botão )'),
(6701, 444, 102, 0, 0, 0, ''),
(6702, 444, 91, 0, 0, 0, ''),
(6703, 444, 169, 0, 0, 1, ' peito esquerdo'),
(6704, 444, 87, 0, 0, 1, '(logo)'),
(6705, 444, 129, 0, 0, 1, '(logo)'),
(6706, 444, 179, 0, 0, 0, ''),
(6707, 445, 90, 0, 0, 0, ''),
(6708, 445, 221, 0, 0, 0, ''),
(6709, 445, 169, 0, 0, 2, 'frente '),
(6710, 445, 169, 0, 0, 2, 'atras '),
(6711, 445, 87, 0, 0, 1, 'TRASEIRO LADO DIREITO (LOGO)'),
(6712, 445, 156, 0, 0, 1, 'DIREITA ( ESCRITO DE CIMA PARA BAIXO )'),
(6713, 445, 179, 0, 0, 0, ''),
(6714, 446, 105, 0, 0, 0, ''),
(6715, 446, 170, 0, 0, 0, ''),
(6716, 446, 100, 0, 0, 0, 'c/ 3 botões ( conforme amostra )'),
(6717, 446, 91, 0, 0, 0, ''),
(6718, 446, 169, 0, 0, 1, ' peito esquerdo '),
(6719, 446, 152, 0, 0, 1, '( logo)'),
(6720, 447, 105, 0, 0, 0, ''),
(6721, 447, 170, 0, 0, 0, ''),
(6722, 447, 100, 0, 0, 0, 'c/ 3 botões ( conforme amostra )'),
(6723, 447, 91, 0, 0, 0, ''),
(6724, 447, 169, 0, 0, 1, 'peito esquerdo '),
(6725, 447, 152, 0, 0, 1, '(logo)'),
(6738, 448, 152, 0, 0, 1, '(logo)'),
(6737, 448, 169, 0, 0, 1, 'peito esquerdo'),
(6736, 448, 91, 0, 0, 0, ''),
(6735, 448, 100, 0, 0, 0, 'c/ 3 botões '),
(6733, 448, 105, 0, 0, 0, ''),
(6734, 448, 170, 0, 0, 0, ''),
(6739, 448, 186, 0, 0, 1, ' esquerda (bandeiras de minas gerais e do brasil )'),
(6771, 449, 155, 0, 0, 1, '	SUPERIOR ESQUERDO ( LOGO EM BRANCO )'),
(6770, 449, 92, 0, 0, 0, ''),
(6769, 449, 99, 0, 0, 0, ''),
(6768, 449, 170, 0, 0, 0, ''),
(6767, 449, 105, 0, 0, 0, ''),
(6753, 325, 179, 0, 0, 0, ''),
(6760, 326, 179, 0, 0, 0, ''),
(6786, 450, 179, 0, 0, 0, ''),
(6785, 450, 153, 0, 0, 1, '	ESQUERDA ( NO MEIO DA COXA ) LOGO EM BRANCO'),
(6784, 450, 148, 0, 0, 0, ''),
(6783, 450, 168, 0, 0, 2, 'EMBUTIDO FRENTE'),
(6772, 449, 129, 0, 0, 1, 'SUPERIOR ( LOGO EM BRANCO )'),
(6773, 449, 179, 0, 0, 0, ''),
(6782, 450, 169, 0, 0, 2, 'ATRAS ( QUADRADO )'),
(6781, 450, 86, 0, 0, 0, ''),
(6965, 451, 148, 0, 0, 0, ''),
(6964, 451, 169, 0, 0, 2, 'FRENTE'),
(7012, 452, 169, 0, 0, 2, 'ATRAS '),
(7011, 452, 168, 0, 0, 2, 'EMBUTIDO FRENTE'),
(7010, 452, 185, 0, 0, 0, ''),
(7009, 452, 221, 0, 0, 0, ''),
(7008, 452, 90, 0, 0, 0, ''),
(6816, 454, 169, 0, 0, 1, 'PEITO ESQUERDO '),
(6815, 454, 92, 0, 0, 0, ''),
(6814, 454, 199, 0, 0, 0, ''),
(6813, 454, 97, 0, 0, 0, ''),
(6812, 454, 170, 0, 0, 0, ''),
(6811, 454, 105, 0, 0, 0, ''),
(6806, 453, 86, 0, 0, 0, ''),
(6807, 453, 168, 0, 0, 2, 'embutido frente'),
(6808, 453, 169, 0, 0, 2, 'atras'),
(6809, 453, 180, 0, 0, 0, ''),
(6810, 453, 179, 0, 0, 0, ''),
(6817, 454, 152, 0, 0, 1, '(palácio dos leilões )'),
(6818, 454, 179, 0, 0, 0, ''),
(6834, 455, 169, 0, 0, 2, 'ATRAS '),
(6833, 455, 169, 0, 0, 2, 'FRENTE'),
(6832, 455, 86, 0, 0, 0, ''),
(6846, 456, 155, 0, 0, 1, 'superior esquerdo'),
(6845, 456, 92, 0, 0, 0, ''),
(6844, 456, 96, 0, 0, 0, ''),
(6843, 456, 170, 0, 0, 0, ''),
(6835, 455, 156, 0, 0, 1, 'direita escrito de cima para baixo ( hidroservice)'),
(6842, 456, 106, 0, 0, 0, ''),
(6847, 456, 129, 0, 0, 1, ''),
(6855, 457, 180, 0, 0, 0, ''),
(6854, 457, 169, 0, 0, 2, 'ATRAS '),
(6853, 457, 169, 0, 0, 2, 'FRENTE'),
(6852, 457, 86, 0, 0, 0, ''),
(6856, 457, 161, 0, 0, 1, '2.5 CM CINZA '),
(6857, 458, 106, 0, 0, 0, ''),
(6858, 458, 126, 0, 0, 0, ''),
(6859, 458, 102, 0, 0, 0, ''),
(6860, 458, 91, 0, 0, 0, ''),
(6861, 458, 169, 0, 0, 1, ' peito esquerdo '),
(6862, 458, 87, 0, 0, 1, ''),
(6863, 458, 129, 0, 0, 1, ''),
(6876, 459, 179, 0, 0, 0, ''),
(6875, 459, 180, 0, 0, 0, ''),
(6874, 459, 169, 0, 0, 2, 'ATRAS '),
(6873, 459, 169, 0, 0, 2, 'FRENTE'),
(6872, 459, 185, 0, 0, 0, ''),
(6871, 459, 86, 0, 0, 0, ''),
(6893, 460, 183, 0, 0, 2, 'lateral '),
(6892, 460, 93, 0, 0, 0, ''),
(6891, 460, 222, 0, 0, 0, ''),
(6890, 460, 90, 0, 0, 0, 'preto a vista '),
(6889, 460, 102, 0, 0, 0, ''),
(6888, 460, 126, 0, 0, 0, ''),
(6887, 460, 106, 0, 0, 0, ''),
(6894, 460, 127, 0, 0, 0, ''),
(6895, 460, 219, 0, 0, 0, ''),
(6896, 460, 155, 0, 0, 1, '( logo )'),
(6897, 460, 160, 0, 0, 1, '2.5 CM cinza'),
(6898, 460, 159, 0, 0, 1, '2.5 CM cinza'),
(6963, 451, 169, 0, 0, 2, 'ATRAS '),
(6962, 451, 86, 0, 0, 0, ''),
(6925, 461, 129, 0, 0, 1, '( FONE: 3352-3074) conforme amostra'),
(6924, 461, 92, 0, 0, 0, ''),
(6921, 461, 105, 0, 0, 0, ''),
(6922, 461, 170, 0, 0, 0, ''),
(6923, 461, 192, 0, 0, 0, 'BRANCO'),
(6930, 462, 180, 0, 0, 0, ''),
(6929, 462, 169, 0, 0, 2, 'FRENTE'),
(6928, 462, 169, 0, 0, 2, 'ATRAS '),
(6927, 462, 86, 0, 0, 0, ''),
(6926, 461, 155, 0, 0, 1, 'su/perior esquerdo (CENTRO ESPECIALIZADO MANUTENÇÃO AUTOMOTIVO FONE: 3352-3074) conforme amostra'),
(6931, 462, 179, 0, 0, 0, ''),
(6938, 463, 100, 0, 0, 0, ' c/ 3 botões'),
(6937, 463, 125, 0, 0, 0, ''),
(6936, 463, 106, 0, 0, 0, ''),
(6939, 463, 91, 0, 0, 0, ''),
(6940, 463, 169, 0, 0, 1, 'peito esquerdo '),
(6941, 463, 152, 0, 0, 1, '(logo)'),
(6942, 464, 106, 0, 0, 0, ''),
(6943, 464, 125, 0, 0, 0, ''),
(6944, 464, 100, 0, 0, 0, 'c/ 3 botões'),
(6945, 464, 91, 0, 0, 0, ''),
(6946, 464, 169, 0, 0, 1, 'peito esquerdo '),
(6947, 464, 152, 0, 0, 1, '(logo)'),
(6948, 465, 86, 0, 0, 0, ''),
(6949, 465, 185, 0, 0, 0, ''),
(6950, 465, 169, 0, 0, 2, 'frente '),
(6951, 465, 169, 0, 0, 2, 'atras '),
(6952, 465, 180, 0, 0, 0, ''),
(6953, 465, 161, 0, 0, 1, '5 cm cinza ( circulando abaixo do joelho )'),
(6954, 466, 86, 0, 0, 0, ''),
(6955, 466, 169, 0, 0, 2, 'frente '),
(6956, 466, 169, 0, 0, 2, 'atras '),
(6957, 466, 148, 0, 0, 1, ''),
(6958, 466, 109, 0, 0, 1, ''),
(6959, 466, 110, 0, 0, 1, ''),
(6960, 466, 180, 0, 0, 0, ''),
(6961, 466, 179, 0, 0, 0, ''),
(6966, 451, 109, 0, 0, 1, ''),
(6967, 451, 110, 0, 0, 1, ''),
(6968, 451, 180, 0, 0, 0, ''),
(6969, 451, 179, 0, 0, 0, ''),
(6970, 467, 90, 0, 0, 0, ''),
(6971, 467, 222, 0, 0, 0, ''),
(6972, 467, 221, 0, 0, 0, ''),
(6973, 467, 185, 0, 0, 0, ''),
(6974, 467, 169, 0, 0, 2, 'frente '),
(6975, 467, 169, 0, 0, 2, 'atras '),
(6976, 467, 180, 0, 0, 0, ''),
(6977, 467, 179, 0, 0, 0, ''),
(6978, 468, 86, 0, 0, 0, ''),
(6979, 468, 222, 0, 0, 0, ''),
(6980, 468, 221, 0, 0, 0, ''),
(6981, 468, 185, 0, 0, 0, ''),
(6982, 468, 169, 0, 0, 2, 'frente '),
(6983, 468, 169, 0, 0, 2, 'atras '),
(6984, 468, 180, 0, 0, 0, ''),
(6985, 468, 179, 0, 0, 0, ''),
(7004, 469, 169, 0, 0, 1, 'peito superior esquerdo'),
(7003, 469, 92, 0, 0, 0, ''),
(7002, 469, 220, 0, 0, 0, ''),
(7000, 469, 106, 0, 0, 0, ''),
(7001, 469, 170, 0, 0, 0, ''),
(6993, 470, 106, 0, 0, 0, ''),
(6994, 470, 170, 0, 0, 0, ''),
(6995, 470, 220, 0, 0, 0, ''),
(6996, 470, 92, 0, 0, 0, ''),
(6997, 470, 169, 0, 0, 1, 'peito superior esquerdo'),
(6998, 470, 87, 0, 0, 1, ' (logo) conforme amostra '),
(6999, 470, 129, 0, 0, 1, ' (logo) conforme amostra '),
(7005, 469, 129, 0, 0, 1, '(logo) conforme amostra '),
(7006, 469, 87, 0, 0, 1, ' (logo) conforme amostra '),
(7007, 478, 90, 0, 0, 0, ''),
(7013, 452, 169, 0, 0, 1, 'FRENTE LADO DIREITO ( bolso de moeda)'),
(7014, 452, 148, 0, 0, 0, ''),
(7015, 452, 180, 0, 0, 0, ''),
(7016, 452, 179, 0, 0, 0, ''),
(7017, 481, 105, 0, 0, 0, ''),
(7018, 481, 170, 0, 0, 0, ''),
(7019, 481, 97, 0, 0, 0, ''),
(7020, 481, 199, 0, 0, 0, ''),
(7021, 481, 92, 0, 0, 0, ''),
(7022, 481, 169, 0, 0, 1, 'peito superior esquerdo'),
(7023, 481, 152, 0, 0, 1, '(logo)'),
(7024, 482, 90, 0, 0, 0, ''),
(7025, 482, 222, 0, 0, 0, ''),
(7026, 482, 221, 0, 0, 0, ''),
(7027, 482, 185, 0, 0, 0, ''),
(7028, 482, 169, 0, 0, 2, 'frente'),
(7029, 482, 169, 0, 0, 2, 'atras '),
(7030, 482, 180, 0, 0, 0, ''),
(7031, 482, 179, 0, 0, 0, ''),
(7032, 483, 106, 0, 0, 0, ''),
(7033, 483, 170, 0, 0, 0, ''),
(7034, 483, 220, 0, 0, 0, ''),
(7035, 483, 92, 0, 0, 0, ''),
(7036, 483, 169, 0, 0, 1, ' peito superior esquerdo'),
(7037, 483, 87, 0, 0, 1, '(logo)'),
(7038, 483, 129, 0, 0, 1, '(logo)'),
(7039, 485, 86, 0, 0, 0, ''),
(7040, 485, 169, 0, 0, 2, 'frente'),
(7041, 485, 169, 0, 0, 2, 'atras '),
(7042, 485, 109, 0, 0, 1, ''),
(7043, 485, 110, 0, 0, 1, ''),
(7044, 485, 156, 0, 0, 1, ' direita (logo) abaixo do bolso'),
(7045, 485, 161, 0, 0, 1, 'na altura do joelho ( faixa de 5 cm dupla cinza e laranja )'),
(7046, 486, 106, 0, 0, 0, ''),
(7047, 486, 146, 0, 0, 0, ''),
(7048, 486, 99, 0, 0, 0, ''),
(7049, 486, 92, 0, 0, 0, ''),
(7050, 486, 129, 0, 0, 1, 'superior logo'),
(7051, 486, 155, 0, 0, 1, 'superior esquerdo (logo)'),
(7052, 486, 160, 0, 0, 1, 'faixa de 5 cm dupla cinza e laranja '),
(7053, 486, 159, 0, 0, 1, 'faixa de 5 cm dupla cinza e laranja '),
(7054, 487, 86, 0, 0, 0, ''),
(7055, 487, 169, 0, 0, 2, 'frente'),
(7056, 487, 169, 0, 0, 2, 'atras '),
(7057, 487, 109, 0, 0, 1, ''),
(7058, 487, 110, 0, 0, 1, ''),
(7059, 487, 156, 0, 0, 1, ' direita (logo) abaixo do bolso'),
(7060, 487, 161, 0, 0, 1, 'na altura do joelho ( faixa de 5 cm dupla cinza e laranja )'),
(7061, 488, 106, 0, 0, 0, ''),
(7062, 488, 207, 0, 0, 0, '5 cm (Azul Royal ) c/ 1 botão'),
(7063, 488, 102, 0, 0, 0, ' Azul Royal'),
(7064, 488, 91, 0, 0, 0, ''),
(7065, 488, 169, 0, 0, 1, 'peito esquerdo cinza ( metade do bolso sobrepõe a pala Azul Royal )'),
(7066, 488, 148, 0, 0, 1, '(Azul Royal)'),
(7067, 488, 149, 0, 0, 1, '(Azul Royal)'),
(7068, 488, 87, 0, 0, 1, '(logo) '),
(7069, 488, 129, 0, 0, 1, 'logo ( só na pala Azul Royal ) '),
(7070, 488, 160, 0, 0, 1, 'faixa de 5 cm dupla cinza e laranja '),
(7071, 488, 159, 0, 0, 1, 'faixa de 5 cm dupla cinza e laranja '),
(7554, 489, 155, 0, 0, 1, 'superior esquerdo (logo)'),
(7553, 489, 92, 0, 0, 0, ''),
(7552, 489, 99, 0, 0, 0, ''),
(7551, 489, 170, 0, 0, 0, ''),
(7550, 489, 105, 0, 0, 0, ''),
(7561, 490, 155, 0, 0, 1, 'superior esquerdo (logo)'),
(7560, 490, 92, 0, 0, 0, ''),
(7559, 490, 99, 0, 0, 0, ''),
(7558, 490, 146, 0, 0, 0, ''),
(7557, 490, 106, 0, 0, 0, ''),
(7259, 491, 169, 0, 0, 1, 'preito esquerdo '),
(7258, 491, 91, 0, 0, 0, ''),
(7257, 491, 100, 0, 0, 0, ''),
(7256, 491, 125, 0, 0, 0, ''),
(7255, 491, 106, 0, 0, 0, ''),
(7253, 492, 169, 0, 0, 1, 'preito esquerdo '),
(7252, 492, 91, 0, 0, 0, ''),
(7251, 492, 100, 0, 0, 0, ''),
(7250, 492, 170, 0, 0, 0, ''),
(7249, 492, 105, 0, 0, 0, ''),
(7096, 493, 86, 0, 0, 0, ''),
(7097, 493, 169, 0, 0, 2, 'frente '),
(7098, 493, 169, 0, 0, 2, 'atras '),
(7099, 493, 109, 0, 0, 1, ''),
(7100, 493, 110, 0, 0, 1, ''),
(7101, 493, 156, 0, 0, 1, 'direita (logo) abaixo do bolso'),
(7102, 493, 179, 0, 0, 0, ''),
(7586, 494, 169, 0, 0, 1, 'peito esquerdo cinza ( metade do bolso sobrepõe a pala Azul Royal )'),
(7585, 494, 91, 0, 0, 0, ''),
(7584, 494, 102, 0, 0, 0, 'Azul Royal'),
(7583, 494, 207, 0, 0, 0, ' 5 cm (Azul Royal ) c/ 1 botão'),
(7582, 494, 106, 0, 0, 0, ''),
(7110, 495, 166, 0, 0, 0, ''),
(7111, 496, 86, 0, 0, 0, ''),
(7112, 496, 169, 0, 0, 2, 'frente '),
(7113, 496, 169, 0, 0, 2, 'atras '),
(7114, 496, 109, 0, 0, 1, ''),
(7115, 496, 110, 0, 0, 1, ''),
(7116, 496, 156, 0, 0, 1, 'direita (logo) abaixo do bolso'),
(7117, 496, 161, 0, 0, 1, 'na altura do joelho ( faixa de 5 cm dupla cinza e laranja )'),
(7245, 497, 87, 0, 0, 1, '(logo)'),
(7244, 497, 148, 0, 0, 1, ''),
(7243, 497, 149, 0, 0, 1, ' Azul Royal'),
(7242, 497, 169, 0, 0, 1, 'peito esquerdo cinza ( metade do bolso sobrepõe a pala Azul Royal )'),
(7241, 497, 91, 0, 0, 0, ''),
(7240, 497, 102, 0, 0, 0, 'Azul Royal'),
(7239, 497, 207, 0, 0, 0, ' 5 cm (Azul Royal ) c/ 1 botão'),
(7238, 497, 106, 0, 0, 0, ''),
(7598, 498, 149, 0, 0, 1, 'Azul Royal'),
(7597, 498, 148, 0, 0, 1, 'Azul Royal'),
(7596, 498, 169, 0, 0, 1, 'peito esquerdo cinza ( metade do bolso sobrepõe a pala Azul Royal )'),
(7595, 498, 91, 0, 0, 0, ''),
(7594, 498, 102, 0, 0, 0, 'Azul Royal'),
(7593, 498, 170, 0, 0, 0, ''),
(7592, 498, 105, 0, 0, 0, ''),
(7136, 499, 106, 0, 0, 0, ''),
(7137, 499, 146, 0, 0, 0, ''),
(7138, 499, 99, 0, 0, 0, ''),
(7139, 499, 92, 0, 0, 0, ''),
(7140, 499, 129, 0, 0, 1, 'superior (logo)'),
(7141, 499, 155, 0, 0, 1, 'superior esquerdo logo'),
(7142, 499, 160, 0, 0, 1, 'faixa de 5 cm dupla cinza e laranja '),
(7143, 499, 159, 0, 0, 1, 'faixa de 5 cm dupla cinza e laranja '),
(7144, 471, 106, 0, 0, 0, ''),
(7145, 471, 146, 0, 0, 0, ''),
(7146, 471, 99, 0, 0, 0, ''),
(7147, 471, 169, 0, 0, 1, 'peito superior esquerdo'),
(7148, 471, 87, 0, 0, 1, '(logo)'),
(7159, 473, 169, 0, 0, 1, 'peito superior esquerdo '),
(7158, 473, 92, 0, 0, 0, ''),
(7157, 473, 99, 0, 0, 0, ''),
(7156, 473, 146, 0, 0, 0, ''),
(7155, 473, 106, 0, 0, 0, ''),
(7160, 473, 87, 0, 0, 1, '(logo)'),
(7161, 472, 106, 0, 0, 0, ''),
(7162, 472, 146, 0, 0, 0, ''),
(7163, 472, 99, 0, 0, 0, ''),
(7164, 472, 92, 0, 0, 0, ''),
(7165, 472, 169, 0, 0, 1, 'peito superior esquerdo '),
(7166, 472, 87, 0, 0, 1, '(logo)'),
(7167, 500, 86, 0, 0, 0, ''),
(7168, 500, 169, 0, 0, 2, 'frente '),
(7169, 500, 169, 0, 0, 2, 'atras '),
(7170, 500, 109, 0, 0, 1, ''),
(7171, 500, 110, 0, 0, 1, ''),
(7172, 500, 156, 0, 0, 1, ' direita (logo) abaixo do bolso'),
(7173, 500, 161, 0, 0, 1, 'na altura do joelho ( faixa de 5 cm dupla cinza e laranja )'),
(7568, 501, 169, 0, 0, 1, 'peito esquerdo cinza ( metade do bolso sobrepõe a pala Azul Royal )'),
(7567, 501, 91, 0, 0, 0, ''),
(7566, 501, 102, 0, 0, 0, 'Azul Royal'),
(7565, 501, 207, 0, 0, 0, '5 cm (Azul Royal ) c/ 1 botão'),
(7564, 501, 106, 0, 0, 0, ''),
(7181, 502, 166, 0, 0, 0, ''),
(7318, 503, 169, 0, 0, 1, 'preito superior esquerdo '),
(7317, 503, 91, 0, 0, 0, ''),
(7316, 503, 100, 0, 0, 0, ''),
(7315, 503, 125, 0, 0, 0, ''),
(7314, 503, 106, 0, 0, 0, ''),
(7188, 504, 86, 0, 0, 0, ''),
(7189, 504, 169, 0, 0, 2, 'frente '),
(7190, 504, 169, 0, 0, 2, 'atras '),
(7191, 504, 109, 0, 0, 1, ''),
(7192, 504, 110, 0, 0, 1, ''),
(7193, 504, 156, 0, 0, 1, 'direita (logo) abaixo do bolso'),
(7194, 504, 161, 0, 0, 1, 'na altura do joelho ( faixa de 5 cm dupla cinza e verde )'),
(7195, 505, 86, 0, 0, 0, ''),
(7196, 505, 169, 0, 0, 2, 'frente '),
(7197, 505, 169, 0, 0, 2, 'atras '),
(7198, 505, 109, 0, 0, 1, ''),
(7199, 505, 156, 0, 0, 1, 'direita (logo) abaixo do bolso'),
(7200, 505, 161, 0, 0, 1, 'na altura do joelho ( faixa de 5 cm dupla cinza e laranja )'),
(7201, 506, 106, 0, 0, 0, ''),
(7202, 506, 207, 0, 0, 0, ' 5 cm (Azul Royal ) c/ 1 botão'),
(7203, 506, 102, 0, 0, 0, 'Azul Royal'),
(7204, 506, 91, 0, 0, 0, ''),
(7205, 506, 169, 0, 0, 1, ' peito esquerdo cinza ( metade do bolso sobrepõe a pala Azul Royal )'),
(7206, 506, 148, 0, 0, 1, 'Azul Royal'),
(7207, 506, 149, 0, 0, 1, 'Azul Royal'),
(7208, 506, 87, 0, 0, 1, '(logo) '),
(7209, 506, 129, 0, 0, 1, 'logo ( só na pala Azul Royal ) '),
(7210, 506, 160, 0, 0, 1, 'faixa de 5 cm dupla cinza e laranja '),
(7211, 506, 159, 0, 0, 1, 'faixa de 5 cm dupla cinza e laranja '),
(7579, 507, 129, 0, 0, 1, 'superior (logo)'),
(7578, 507, 92, 0, 0, 0, ''),
(7577, 507, 99, 0, 0, 0, ''),
(7576, 507, 146, 0, 0, 0, ''),
(7575, 507, 106, 0, 0, 0, ''),
(7218, 508, 166, 0, 0, 0, ''),
(7219, 509, 86, 0, 0, 0, ''),
(7220, 509, 169, 0, 0, 2, 'frentev'),
(7221, 509, 169, 0, 0, 2, 'atras '),
(7222, 509, 109, 0, 0, 1, ''),
(7223, 509, 110, 0, 0, 1, ''),
(7224, 509, 156, 0, 0, 1, 'direita (logo) abaixo do bolso'),
(7225, 509, 161, 0, 0, 1, ' na altura do joelho ( faixa de 5 cm dupla cinza e laranja )'),
(7226, 510, 106, 0, 0, 0, ''),
(7227, 510, 207, 0, 0, 0, '5 cm (Azul Royal ) c/ 1 botão'),
(7228, 510, 102, 0, 0, 0, ' Azul Royal'),
(7229, 510, 91, 0, 0, 0, ''),
(7230, 510, 169, 0, 0, 1, ' Azul Royal'),
(7231, 510, 148, 0, 0, 1, ' Azul Royal'),
(7232, 510, 149, 0, 0, 1, ' Azul Royal'),
(7233, 510, 87, 0, 0, 1, ' (logo)'),
(7234, 510, 129, 0, 0, 1, 'logo ( só na pala Azul Royal ) '),
(7235, 510, 160, 0, 0, 1, 'faixa de 5 cm dupla cinza e laranja '),
(7236, 510, 159, 0, 0, 1, 'faixa de 5 cm dupla cinza e laranja '),
(7237, 511, 166, 0, 0, 0, ''),
(7246, 497, 129, 0, 0, 1, 'logo ( só na pala Azul Royal ) '),
(7247, 497, 160, 0, 0, 1, 'faixa de 5 cm dupla cinza e laranja '),
(7248, 497, 159, 0, 0, 1, 'faixa de 5 cm dupla cinza e laranja '),
(7254, 492, 152, 0, 0, 1, ' ( logo )'),
(7260, 491, 152, 0, 0, 1, ' ( logo )'),
(7261, 480, 106, 0, 0, 0, ''),
(7262, 480, 92, 0, 0, 0, ''),
(7263, 479, 97, 0, 0, 0, ''),
(7264, 479, 92, 0, 0, 0, ''),
(7265, 474, 105, 0, 0, 0, ''),
(7266, 474, 102, 0, 0, 0, ''),
(7267, 513, 105, 0, 0, 0, ''),
(7268, 513, 170, 0, 0, 0, ''),
(7269, 513, 97, 0, 0, 0, ''),
(7270, 513, 199, 0, 0, 0, ''),
(7271, 513, 92, 0, 0, 0, ''),
(7272, 513, 115, 0, 0, 1, 'esquerdo (logo vermelha e escrito de branco)'),
(7273, 514, 105, 0, 0, 0, ''),
(7274, 514, 170, 0, 0, 0, ''),
(7275, 514, 99, 0, 0, 0, ''),
(7276, 514, 92, 0, 0, 0, ''),
(7277, 515, 105, 0, 0, 0, ''),
(7278, 515, 170, 0, 0, 0, ''),
(7279, 515, 99, 0, 0, 0, ''),
(7280, 515, 92, 0, 0, 0, ''),
(7281, 516, 90, 0, 0, 0, 'c/ botão'),
(7282, 516, 183, 0, 0, 2, 'faca frente'),
(7283, 516, 169, 0, 0, 2, 'atras '),
(7284, 516, 169, 0, 0, 1, 'FRENTE LADO DIREITO (BOLSO DE MOEDAS )'),
(7285, 517, 86, 0, 0, 0, ''),
(7286, 517, 169, 0, 0, 2, 'frente '),
(7287, 517, 169, 0, 0, 2, 'atras '),
(7288, 517, 180, 0, 0, 0, ''),
(7289, 517, 161, 0, 0, 1, '10cm cinza e verde (na altura do joelho )'),
(7290, 517, 161, 0, 0, 1, '10cm cinza e verde (na altura do tornozelo )'),
(7609, 518, 129, 0, 0, 1, 'superior ( a serviço via 040 e logo urbtopo )'),
(7608, 518, 87, 0, 0, 1, ' (logo)'),
(7607, 518, 169, 0, 0, 1, ' peito esquerdo '),
(7606, 518, 92, 0, 0, 0, ''),
(7604, 518, 102, 0, 0, 0, ''),
(7605, 518, 199, 0, 0, 0, ' c/ 1 botão'),
(7603, 518, 170, 0, 0, 0, ''),
(7602, 518, 106, 0, 0, 0, ''),
(7301, 520, 106, 0, 0, 0, ''),
(7302, 520, 207, 0, 0, 0, '6 cm ( c/ 1 botão )'),
(7303, 520, 102, 0, 0, 0, ''),
(7304, 520, 91, 0, 0, 0, ''),
(7305, 520, 169, 0, 0, 1, 'peito esquerdo'),
(7306, 520, 87, 0, 0, 1, '(logo)'),
(7307, 520, 129, 0, 0, 1, '(logo)'),
(7308, 520, 179, 0, 0, 0, ''),
(7309, 521, 90, 0, 0, 0, ''),
(7310, 521, 169, 0, 0, 2, 'frente '),
(7311, 521, 169, 0, 0, 2, 'atras '),
(7312, 521, 87, 0, 0, 1, '(logo)'),
(7313, 521, 156, 0, 0, 1, 'DIREITA ( ESCRITO DE CIMA PARA BAIXO )'),
(7319, 503, 152, 0, 0, 1, '( logo )'),
(7463, 522, 129, 0, 0, 1, ' (LOGO) acrescentar um 9 aos numeros dos telefones'),
(7462, 522, 92, 0, 0, 0, ''),
(7461, 522, 192, 0, 0, 0, ''),
(7460, 522, 170, 0, 0, 0, ''),
(7459, 522, 105, 0, 0, 0, ''),
(7456, 523, 92, 0, 0, 0, ''),
(7455, 523, 199, 0, 0, 0, ''),
(7454, 523, 97, 0, 0, 0, '(azul marinho com detalhe amarelo)'),
(7453, 523, 170, 0, 0, 0, ''),
(7452, 523, 105, 0, 0, 0, ''),
(7470, 524, 92, 0, 0, 0, ''),
(7469, 524, 199, 0, 0, 0, ''),
(7468, 524, 97, 0, 0, 0, '(azul marinho com detalhe amarelo )'),
(7467, 524, 170, 0, 0, 0, ''),
(7466, 524, 105, 0, 0, 0, ''),
(7617, 525, 87, 0, 0, 1, '(logo)'),
(7616, 525, 169, 0, 0, 1, 'peito esquerdo'),
(7615, 525, 91, 0, 0, 0, ''),
(7614, 525, 102, 0, 0, 0, ''),
(7613, 525, 207, 0, 0, 0, '6 cm ( c/ 1 botão )'),
(7612, 525, 106, 0, 0, 0, ''),
(7624, 526, 169, 0, 0, 1, 'peito esquerdo'),
(7623, 526, 91, 0, 0, 0, ''),
(7622, 526, 100, 0, 0, 0, 'c/ 3 botões ( conforme amostra )'),
(7621, 526, 170, 0, 0, 0, ''),
(7620, 526, 105, 0, 0, 0, ''),
(7676, 527, 91, 0, 0, 0, ''),
(7677, 527, 169, 0, 0, 1, 'peito esquerdo '),
(7644, 528, 152, 0, 0, 1, '(logo)'),
(7643, 528, 169, 0, 0, 1, 'peito esquerdo'),
(7642, 528, 91, 0, 0, 0, ''),
(7641, 528, 100, 0, 0, 0, ' c/ 3 botões'),
(7639, 528, 105, 0, 0, 0, ''),
(7640, 528, 170, 0, 0, 0, ''),
(7678, 527, 152, 0, 0, 1, '(LOGO)'),
(7674, 527, 207, 0, 0, 0, '6CM C/ 1 BOTAO'),
(7675, 527, 100, 0, 0, 0, 'c/ 3 botões ( conforme amostra )'),
(7379, 529, 90, 0, 0, 0, ''),
(7380, 529, 185, 0, 0, 0, ''),
(7381, 529, 169, 0, 0, 2, 'frente'),
(7382, 529, 169, 0, 0, 2, 'atras '),
(7383, 529, 180, 0, 0, 0, ''),
(7384, 529, 161, 0, 0, 1, '10cm cinza e verde (na altura do joelho )'),
(7385, 529, 161, 0, 0, 1, '10cm cinza e verde (na altura do tornozelo )'),
(7386, 530, 106, 0, 0, 0, ''),
(7387, 530, 170, 0, 0, 0, '(canhão)'),
(7388, 530, 102, 0, 0, 0, ''),
(7389, 530, 199, 0, 0, 0, ' c/ 1 botão'),
(7390, 530, 92, 0, 0, 0, ''),
(7391, 530, 169, 0, 0, 1, 'peito esquerdo '),
(7392, 530, 87, 0, 0, 1, '(logo)'),
(7393, 530, 129, 0, 0, 1, ' superior ( a serviço via 040 e logo urbtopo )'),
(7394, 530, 160, 0, 0, 1, '10cm cinza e verde'),
(7395, 530, 159, 0, 0, 1, '10cm cinza e verde'),
(7396, 531, 105, 0, 0, 0, ''),
(7397, 531, 170, 0, 0, 0, ''),
(7398, 531, 100, 0, 0, 0, ' c/ 3 botões ( conforme amostra )'),
(7399, 531, 91, 0, 0, 0, ''),
(7400, 531, 169, 0, 0, 1, 'peito esquerdo '),
(7401, 531, 152, 0, 0, 1, ' ( logo)'),
(7673, 527, 106, 0, 0, 0, ''),
(7416, 532, 106, 0, 0, 0, ''),
(7417, 532, 126, 0, 0, 0, ''),
(7418, 532, 102, 0, 0, 0, ''),
(7419, 532, 90, 0, 0, 0, 'preto a vista '),
(7420, 532, 93, 0, 0, 0, ''),
(7421, 532, 222, 0, 0, 0, ''),
(7422, 532, 183, 0, 0, 2, 'lateral '),
(7423, 532, 127, 0, 0, 0, ''),
(7424, 532, 219, 0, 0, 0, ''),
(7425, 532, 155, 0, 0, 1, 'superior esquerdo ( logo )'),
(7426, 532, 160, 0, 0, 1, ' 2.5 CM cinza'),
(7427, 532, 159, 0, 0, 1, ' 2.5 CM cinza'),
(7428, 533, 86, 0, 0, 0, ''),
(7429, 533, 169, 0, 0, 2, 'frente'),
(7430, 533, 169, 0, 0, 2, 'atras '),
(7431, 533, 156, 0, 0, 1, 'direita vertical escrito de cima para baixo ( sacolão santa rita )'),
(7432, 533, 179, 0, 0, 0, ''),
(7433, 534, 86, 0, 0, 0, ''),
(7434, 534, 169, 0, 0, 2, 'frente '),
(7435, 534, 169, 0, 0, 2, 'atras '),
(7436, 534, 156, 0, 0, 0, 'direita vertical escrito de cima para baixo ( sacolão santa rita )'),
(7437, 534, 179, 0, 0, 0, ''),
(7438, 535, 105, 0, 0, 0, ''),
(7439, 535, 170, 0, 0, 0, ''),
(7440, 535, 192, 0, 0, 0, ''),
(7441, 535, 92, 0, 0, 0, ''),
(7442, 535, 169, 0, 0, 1, 'peito superior esquerdo'),
(7443, 535, 87, 0, 0, 1, '(logo )'),
(7444, 535, 129, 0, 0, 1, 'escrito ( sacolão santa rita )'),
(7445, 536, 105, 0, 0, 0, ''),
(7446, 536, 170, 0, 0, 0, ''),
(7447, 536, 192, 0, 0, 0, ''),
(7448, 536, 92, 0, 0, 0, ''),
(7449, 536, 169, 0, 0, 1, 'peito superior esquerdo'),
(7450, 536, 87, 0, 0, 1, '( logo )'),
(7451, 536, 129, 0, 0, 1, ' escrito ( sacolão santa rita )'),
(7457, 523, 129, 0, 0, 1, '(LOGO) acrescentar um 9 aos numeros dos telefones'),
(7458, 523, 152, 0, 0, 1, '(LOGO) acrescentar um 9 aos numeros dos telefones'),
(7464, 522, 155, 0, 0, 1, 'superior esquerdo  (LOGO) acrescentar um 9 aos numeros dos telefones'),
(7465, 522, 179, 0, 0, 0, ''),
(7471, 524, 129, 0, 0, 1, ' (LOGO) acrescentar um 9 aos numeros dos telefones'),
(7472, 524, 152, 0, 0, 1, ' (LOGO) acrescentar um 9 aos numeros dos telefones'),
(7473, 537, 105, 0, 0, 0, ''),
(7474, 537, 170, 0, 0, 0, ''),
(7475, 537, 97, 0, 0, 0, ''),
(7476, 537, 199, 0, 0, 0, ''),
(7477, 537, 92, 0, 0, 0, ''),
(7478, 537, 169, 0, 0, 1, 'PEITO ESQUERDO'),
(7479, 537, 152, 0, 0, 1, '(PALÁCIO DOS LEILÕES)'),
(7480, 537, 179, 0, 0, 0, ''),
(7515, 538, 155, 0, 0, 1, 'lado direito: BRIGADA DE INCÊNDIO (9x1,5 branco)'),
(7513, 538, 92, 0, 0, 0, ''),
(7514, 538, 129, 0, 0, 1, 'BRIGADA DE INCÊNDIO (branco)'),
(7510, 538, 105, 0, 0, 0, ''),
(7511, 538, 170, 0, 0, 0, ''),
(7512, 538, 193, 0, 0, 0, 'ribaninha'),
(7522, 539, 115, 0, 0, 1, 'esquerdo: LOGO PALÁCIO DOS LEILÕES (3 cores)'),
(7521, 539, 227, 0, 0, 4, '2 FRENTE, 2 COSTAS (25 cm para acinturar)'),
(7520, 539, 91, 0, 0, 7, ''),
(7519, 539, 100, 0, 0, 1, ''),
(7527, 540, 227, 0, 0, 2, '5cm atrás'),
(7525, 540, 195, 0, 0, 0, '2cm'),
(7526, 540, 171, 0, 0, 0, ''),
(7517, 539, 105, 0, 0, 0, ''),
(7518, 539, 170, 0, 0, 0, ''),
(7524, 540, 221, 0, 0, 2, 'sem presilha'),
(7523, 540, 90, 0, 0, 1, ''),
(7516, 538, 155, 0, 0, 1, 'lado esquerdo: LOGO BRIGADA DE INCÊNDIO/PALÁCIO DOS LEILÕES (10x10 cores)'),
(7671, 541, 152, 0, 0, 1, 'logo'),
(7670, 541, 169, 0, 0, 1, 'Peito esquerdo'),
(7669, 541, 91, 0, 0, 5, ''),
(7668, 541, 100, 0, 0, 0, 'com 3 botões'),
(7535, 543, 105, 0, 0, 0, ''),
(7536, 543, 100, 0, 0, 0, '3 botões'),
(7537, 543, 91, 0, 0, 5, ''),
(7538, 543, 169, 0, 0, 1, 'peito esquerdo'),
(7539, 543, 152, 0, 0, 1, 'logo'),
(7540, 544, 105, 0, 0, 0, ''),
(7541, 544, 100, 0, 0, 0, 'com 3 botões'),
(7542, 544, 91, 0, 0, 5, ''),
(7543, 544, 169, 0, 0, 1, 'peito esquerdo'),
(7544, 544, 152, 0, 0, 1, 'esquerdo (logo)'),
(7664, 545, 169, 0, 0, 1, 'peito esquerdo'),
(7663, 545, 91, 0, 0, 5, ''),
(7662, 545, 100, 0, 0, 0, '3 botões'),
(7555, 489, 180, 0, 0, 0, 'COSTAS'),
(7556, 489, 179, 0, 0, 1, ''),
(7562, 490, 180, 0, 0, 0, 'COSTAS'),
(7563, 490, 179, 0, 0, 0, ''),
(7569, 501, 148, 0, 0, 1, 'Azul Royal'),
(7570, 501, 149, 0, 0, 1, 'Azul Royal'),
(7571, 501, 87, 0, 0, 1, 'logo'),
(7572, 501, 129, 0, 0, 1, 'logo (só na pala azul royal)'),
(7573, 501, 159, 0, 0, 1, 'faixa 5 cm dupla cina e laranja'),
(7574, 501, 160, 0, 0, 1, 'faixa 5 cm dupla cinza e laranja'),
(7580, 507, 180, 0, 0, 0, 'peito'),
(7581, 507, 179, 0, 0, 0, ''),
(7587, 494, 148, 0, 0, 1, 'Azul Royal'),
(7588, 494, 149, 0, 0, 1, 'Azul Royal'),
(7589, 494, 87, 0, 0, 1, 'logo'),
(7590, 494, 129, 0, 0, 1, 'logo (só na pala azul royal)'),
(7591, 494, 179, 0, 0, 0, ''),
(7599, 498, 87, 0, 0, 1, '(logo)'),
(7600, 498, 129, 0, 0, 1, ' logo ( só na pala Azul Royal ) '),
(7601, 498, 160, 0, 0, 1, 'faixa de 5 cm dupla cinza e laranja'),
(7610, 518, 160, 0, 0, 1, '10cm cinza e verde'),
(7611, 518, 159, 0, 0, 1, '10cm cinza e verde'),
(7618, 525, 129, 0, 0, 1, '(logo)'),
(7619, 525, 179, 0, 0, 0, ''),
(7625, 526, 152, 0, 0, 1, '( logo)'),
(7633, 546, 106, 0, 0, 0, ''),
(7634, 546, 207, 0, 0, 0, '6CM C/ 1 BOTAO'),
(7635, 546, 100, 0, 0, 0, 'C/ 3 BOTOES'),
(7636, 546, 91, 0, 0, 0, ''),
(7637, 546, 169, 0, 0, 1, 'PEITO ESQUERDO'),
(7638, 546, 152, 0, 0, 1, 'LOGO'),
(7645, 528, 186, 0, 0, 1, 'esquerda (bandeiras de minas gerais e do brasil )'),
(7665, 545, 152, 0, 0, 1, 'logo'),
(7661, 545, 207, 0, 0, 0, '6CM C/ 1 BOTÃO'),
(7660, 545, 106, 0, 0, 0, ''),
(7672, 541, 186, 0, 0, 1, 'esquerda (bandeiras de minas e do brasil)'),
(7666, 541, 105, 0, 0, 0, ''),
(7667, 541, 170, 0, 0, 0, ''),
(7700, 547, 179, 0, 0, 0, ''),
(7699, 547, 129, 0, 0, 0, 'LOGO GRANDE'),
(7698, 547, 155, 0, 0, 0, 'ESQUERDO (logo pequena)'),
(7697, 547, 92, 0, 0, 0, ''),
(7696, 547, 99, 0, 0, 0, 'LARANJA'),
(7685, 548, 86, 0, 0, 0, ''),
(7686, 548, 169, 0, 0, 4, ''),
(7687, 548, 180, 0, 0, 0, ''),
(7688, 548, 179, 0, 0, 0, ''),
(7695, 547, 105, 0, 0, 0, ''),
(7746, 549, 169, 0, 0, 4, 'FRENTE E ATRAS'),
(7745, 549, 86, 0, 0, 0, 'tipo pronta entrega'),
(7753, 550, 169, 0, 0, 1, 'PEITO ESQUERDO'),
(7752, 550, 91, 0, 0, 5, ''),
(7751, 550, 102, 0, 0, 0, ''),
(7750, 550, 170, 0, 0, 0, ''),
(7749, 550, 106, 0, 0, 0, ''),
(7712, 551, 105, 0, 0, 0, ''),
(7713, 551, 96, 0, 0, 0, ''),
(7714, 551, 92, 0, 0, 0, ''),
(7715, 551, 155, 0, 0, 1, 'ESQUERDO (logo pequena sem tel)'),
(7716, 551, 129, 0, 0, 1, 'LOGO GRANDE com TELEFONE'),
(7717, 551, 179, 0, 0, 0, ''),
(7718, 552, 86, 0, 0, 0, ''),
(7719, 552, 169, 0, 0, 4, ''),
(7720, 552, 180, 0, 0, 0, ''),
(7721, 552, 179, 0, 0, 0, ''),
(7722, 553, 106, 0, 0, 0, ''),
(7723, 553, 145, 0, 0, 0, 'RIBANA'),
(7724, 553, 96, 0, 0, 0, ''),
(7725, 553, 92, 0, 0, 0, ''),
(7726, 553, 155, 0, 0, 0, 'ESQUERDO (logo pequena sem tel)'),
(7727, 553, 129, 0, 0, 0, 'LOGO GRANDE com TELEFONE '),
(7728, 554, 105, 0, 0, 0, ''),
(7729, 554, 96, 0, 0, 0, ''),
(7730, 554, 92, 0, 0, 0, ''),
(7731, 554, 155, 0, 0, 1, 'ESQUERDO (logo pequena sem tel)'),
(7732, 554, 129, 0, 0, 1, 'LOGO GRANDE com TELEFONE'),
(7733, 554, 179, 0, 0, 0, ''),
(7734, 555, 86, 0, 0, 0, ''),
(7735, 555, 169, 0, 0, 4, ''),
(7736, 555, 180, 0, 0, 0, ''),
(7737, 555, 179, 0, 0, 0, ''),
(7738, 556, 106, 0, 0, 0, ''),
(7739, 556, 145, 0, 0, 0, 'RIBANA'),
(7740, 556, 96, 0, 0, 0, ''),
(7741, 556, 92, 0, 0, 0, ''),
(7742, 556, 155, 0, 0, 1, 'ESQUERDO (logo pequena sem tel)'),
(7743, 556, 129, 0, 0, 1, 'LOGO GRANDE com TELEFONE'),
(7744, 556, 179, 0, 0, 0, ''),
(7747, 549, 180, 0, 0, 0, ''),
(7748, 549, 179, 0, 0, 0, ''),
(7754, 550, 180, 0, 0, 0, ''),
(7755, 550, 179, 0, 0, 0, ''),
(7756, 557, 106, 0, 0, 0, ''),
(7757, 557, 126, 0, 0, 0, ''),
(7758, 557, 102, 0, 0, 0, ''),
(7759, 557, 90, 0, 0, 1, 'PRETO A VISTA'),
(7760, 557, 206, 0, 0, 0, 'COS FRENTE/ELÁSTICO COSTAS'),
(7761, 557, 183, 0, 0, 2, 'LATERAL'),
(7762, 557, 219, 0, 0, 0, ''),
(7763, 557, 219, 0, 0, 0, 'MANGA LONGA'),
(7764, 557, 155, 0, 0, 1, 'ESQUERDO (logo TERRAÇO)'),
(7765, 557, 160, 0, 0, 1, '2,5 CM CINZA'),
(7766, 557, 159, 0, 0, 1, '2,5 CM CINZA'),
(7767, 558, 86, 0, 0, 0, ''),
(7768, 558, 169, 0, 0, 4, ''),
(7769, 558, 180, 0, 0, 0, ''),
(7770, 558, 179, 0, 0, 0, ''),
(7771, 559, 86, 0, 0, 0, ''),
(7772, 559, 169, 0, 0, 4, ''),
(7773, 559, 180, 0, 0, 0, ''),
(7774, 559, 179, 0, 0, 0, ''),
(7775, 564, 86, 0, 0, 0, ''),
(7776, 564, 169, 0, 0, 4, ''),
(7777, 565, 87, 0, 0, 1, 'LOGO  (toda branca) SEM TELEFONE'),
(7778, 565, 129, 0, 0, 1, 'LOGO (toda branca) "COM" TELEFONE (incluir o 9)'),
(7779, 566, 156, 0, 0, 1, 'vertical , de baixo pra cima, sem telefone'),
(7990, 567, 161, 0, 0, 1, 'na altura do joelho ( faixa de 5 cm dupla cinza e laranja )'),
(7989, 567, 156, 0, 0, 1, ' direita (logo) abaixo do bolso'),
(7988, 567, 109, 0, 0, 1, ''),
(7987, 567, 110, 0, 0, 1, ''),
(7986, 567, 169, 0, 0, 2, 'frente'),
(7997, 568, 160, 0, 0, 1, 'faixa de 5 cm dupla cinza e laranja '),
(7996, 568, 129, 0, 0, 1, 'superior logo'),
(7995, 568, 155, 0, 0, 1, 'superior esquerdo (logo)'),
(7994, 568, 92, 0, 0, 0, ''),
(7993, 568, 99, 0, 0, 0, ''),
(8023, 569, 161, 0, 0, 1, 'na altura do joelho ( faixa de 5 cm dupla cinza e laranja )'),
(8022, 569, 156, 0, 0, 1, ' direita (logo) abaixo do bolso'),
(8021, 569, 109, 0, 0, 1, ''),
(8020, 569, 110, 0, 0, 1, ''),
(8019, 569, 169, 0, 0, 2, 'frente'),
(8282, 576, 179, 0, 0, 0, ''),
(8261, 570, 87, 0, 0, 1, '(logo) '),
(8260, 570, 129, 0, 0, 0, '"NAO TEM"'),
(8259, 570, 149, 0, 0, 1, '(Azul Royal)'),
(8258, 570, 148, 0, 0, 1, '(Azul Royal)'),
(8257, 570, 169, 0, 0, 1, 'peito esquerdo cinza ( metade do bolso sobrepõe a pala Azul Royal )'),
(8256, 570, 91, 0, 0, 0, ''),
(8201, 571, 180, 0, 0, 0, 'COSTAS'),
(8200, 571, 155, 0, 0, 1, 'superior esquerdo (logo)'),
(8199, 571, 92, 0, 0, 0, ''),
(8198, 571, 99, 0, 0, 0, ''),
(8208, 572, 180, 0, 0, 0, 'COSTAS'),
(8207, 572, 155, 0, 0, 1, 'superior esquerdo (logo)'),
(8206, 572, 92, 0, 0, 0, ''),
(8205, 572, 99, 0, 0, 0, ''),
(8062, 573, 169, 0, 0, 1, 'preito esquerdo '),
(8061, 573, 91, 0, 0, 0, ''),
(8060, 573, 100, 0, 0, 0, ''),
(8059, 573, 125, 0, 0, 0, ''),
(8058, 573, 106, 0, 0, 0, ''),
(7833, 574, 169, 0, 0, 1, 'preito esquerdo '),
(7834, 574, 91, 0, 0, 0, ''),
(7835, 574, 100, 0, 0, 0, ''),
(7836, 574, 170, 0, 0, 0, ''),
(7837, 574, 105, 0, 0, 0, ''),
(7838, 574, 152, 0, 0, 1, ' ( logo )'),
(8084, 575, 156, 0, 0, 1, 'direita (logo) abaixo do bolso'),
(8083, 575, 110, 0, 0, 1, ''),
(8082, 575, 109, 0, 0, 1, ''),
(8081, 575, 169, 0, 0, 2, 'atras '),
(8080, 575, 169, 0, 0, 2, 'frente '),
(8079, 575, 86, 0, 0, 0, ''),
(8102, 578, 156, 0, 0, 1, 'direita (logo) abaixo do bolso'),
(8101, 578, 110, 0, 0, 1, ''),
(8100, 578, 109, 0, 0, 1, ''),
(8099, 578, 169, 0, 0, 2, 'atras '),
(8097, 578, 86, 0, 0, 0, ''),
(8098, 578, 169, 0, 0, 2, 'frente '),
(7853, 579, 87, 0, 0, 1, '(logo)'),
(7854, 579, 148, 0, 0, 1, ''),
(7855, 579, 149, 0, 0, 1, ' Azul Royal'),
(7856, 579, 169, 0, 0, 1, 'peito esquerdo cinza ( metade do bolso sobrepõe a pala Azul Royal )'),
(7857, 579, 91, 0, 0, 0, ''),
(7858, 579, 102, 0, 0, 0, 'Azul Royal'),
(7859, 579, 207, 0, 0, 0, ' 5 cm (Azul Royal ) c/ 1 botão'),
(7860, 579, 106, 0, 0, 0, ''),
(7861, 579, 129, 0, 0, 1, 'logo ( só na pala Azul Royal ) '),
(7862, 579, 160, 0, 0, 1, 'faixa de 5 cm dupla cinza e laranja '),
(7863, 579, 159, 0, 0, 1, 'faixa de 5 cm dupla cinza e laranja '),
(7864, 580, 149, 0, 0, 1, 'Azul Royal'),
(7865, 580, 148, 0, 0, 1, 'Azul Royal'),
(7866, 580, 169, 0, 0, 1, 'peito esquerdo cinza ( metade do bolso sobrepõe a pala Azul Royal )'),
(7867, 580, 91, 0, 0, 0, ''),
(7868, 580, 102, 0, 0, 0, 'Azul Royal'),
(7869, 580, 170, 0, 0, 0, ''),
(7870, 580, 105, 0, 0, 0, ''),
(7871, 580, 87, 0, 0, 1, '(logo)'),
(7872, 580, 129, 0, 0, 1, ' logo ( só na pala Azul Royal ) '),
(7873, 580, 160, 0, 0, 1, 'faixa de 5 cm dupla cinza e laranja'),
(8108, 581, 129, 0, 0, 1, 'superior (logo)'),
(8107, 581, 92, 0, 0, 0, ''),
(8106, 581, 99, 0, 0, 0, ''),
(8105, 581, 146, 0, 0, 0, ''),
(8104, 581, 106, 0, 0, 0, ''),
(8117, 582, 156, 0, 0, 1, ' direita (logo) abaixo do bolso'),
(8116, 582, 110, 0, 0, 1, ''),
(8115, 582, 109, 0, 0, 1, ''),
(8114, 582, 169, 0, 0, 2, 'atras '),
(8112, 582, 86, 0, 0, 0, ''),
(8113, 582, 169, 0, 0, 2, 'frente '),
(8292, 583, 159, 0, 0, 1, 'faixa 5 cm dupla cina e laranja'),
(8289, 583, 149, 0, 0, 1, 'Azul Royal'),
(8290, 583, 129, 0, 0, 1, 'logo (só na pala azul royal)'),
(8291, 583, 87, 0, 0, 1, 'logo'),
(8288, 583, 148, 0, 0, 1, 'Azul Royal'),
(8287, 583, 169, 0, 0, 1, 'peito esquerdo cinza ( metade do bolso sobrepõe a pala Azul Royal )'),
(8130, 584, 166, 0, 0, 0, ''),
(7901, 585, 169, 0, 0, 1, 'preito superior esquerdo '),
(7902, 585, 91, 0, 0, 0, ''),
(7903, 585, 100, 0, 0, 0, ''),
(7904, 585, 125, 0, 0, 0, ''),
(7905, 585, 106, 0, 0, 0, ''),
(7906, 585, 152, 0, 0, 1, '( logo )'),
(8136, 586, 156, 0, 0, 1, 'direita (logo) abaixo do bolso'),
(8135, 586, 110, 0, 0, 1, ''),
(8134, 586, 109, 0, 0, 1, ''),
(8133, 586, 169, 0, 0, 2, 'atras '),
(8131, 586, 86, 0, 0, 0, ''),
(8132, 586, 169, 0, 0, 2, 'frente '),
(8142, 587, 156, 0, 0, 1, 'direita (logo) abaixo do bolso'),
(8141, 587, 109, 0, 0, 1, ''),
(8140, 587, 169, 0, 0, 2, 'atras '),
(8138, 587, 86, 0, 0, 0, ''),
(8139, 587, 169, 0, 0, 2, 'frente '),
(8304, 588, 160, 0, 0, 1, 'faixa de 5 cm dupla cinza e laranja '),
(8302, 588, 87, 0, 0, 1, '(logo) '),
(8303, 588, 159, 0, 0, 1, 'faixa de 5 cm dupla cinza e laranja '),
(8301, 588, 129, 0, 0, 0, '"NÃO TEM"'),
(8300, 588, 148, 0, 0, 1, 'Azul Royal'),
(8299, 588, 149, 0, 0, 1, 'Azul Royal'),
(8298, 588, 169, 0, 0, 1, ' peito esquerdo cinza ( metade do bolso sobrepõe a pala Azul Royal )'),
(8171, 589, 155, 0, 0, 1, 'logo'),
(8170, 589, 129, 0, 0, 0, '"NÃO TEM"'),
(8169, 589, 92, 0, 0, 0, ''),
(8168, 589, 99, 0, 0, 0, ''),
(8167, 589, 146, 0, 0, 0, ''),
(8166, 589, 106, 0, 0, 0, ''),
(8174, 590, 166, 0, 0, 0, ''),
(8186, 591, 156, 0, 0, 1, 'direita (logo) abaixo do bolso'),
(8185, 591, 110, 0, 0, 1, ''),
(8184, 591, 109, 0, 0, 1, ''),
(8183, 591, 169, 0, 0, 2, 'atras '),
(8181, 591, 86, 0, 0, 0, ''),
(8182, 591, 169, 0, 0, 2, 'frentev'),
(8195, 592, 159, 0, 0, 1, 'faixa de 5 cm dupla cinza e laranja '),
(8194, 592, 160, 0, 0, 1, 'faixa de 5 cm dupla cinza e laranja '),
(8193, 592, 155, 0, 0, 1, 'superior esquerdo (logo)'),
(8192, 592, 129, 0, 0, 0, '"NÃO TEM"'),
(8191, 592, 92, 0, 0, 0, ''),
(8190, 592, 99, 0, 0, 0, ''),
(8189, 592, 146, 0, 0, 0, ''),
(8188, 592, 106, 0, 0, 0, ''),
(7957, 593, 166, 0, 0, 0, ''),
(8280, 576, 87, 0, 0, 1, 'logo'),
(8281, 576, 129, 0, 0, 1, 'logo (só na pala azul royal)'),
(8277, 576, 169, 0, 0, 1, 'peito esquerdo cinza ( metade do bolso sobrepõe a pala Azul Royal )'),
(8279, 576, 148, 0, 0, 1, 'Azul Royal'),
(8278, 576, 149, 0, 0, 1, 'Azul Royal'),
(8276, 576, 91, 0, 0, 0, ''),
(8096, 577, 166, 0, 0, 0, ''),
(7984, 567, 86, 0, 0, 0, ''),
(7985, 567, 169, 0, 0, 2, 'atras '),
(7998, 568, 159, 0, 0, 1, 'faixa de 5 cm dupla cinza e laranja '),
(7992, 568, 146, 0, 0, 0, ''),
(7991, 568, 106, 0, 0, 0, ''),
(8017, 569, 86, 0, 0, 0, ''),
(8018, 569, 169, 0, 0, 2, 'atras '),
(8262, 570, 160, 0, 0, 1, 'faixa de 5 cm dupla cinza e laranja '),
(8255, 570, 102, 0, 0, 0, ' Azul Royal'),
(8254, 570, 207, 0, 0, 0, '5 cm (Azul Royal ) c/ 1 botão'),
(8253, 570, 106, 0, 0, 0, ''),
(8269, 595, 149, 0, 0, 1, 'Azul Royal'),
(8268, 595, 148, 0, 0, 1, 'Azul royal'),
(8267, 595, 169, 0, 0, 1, 'peito esquerdo CINZA (metade do bolso sobrepõe a pala Azul Royal)'),
(8266, 595, 91, 0, 0, 0, ''),
(8265, 595, 102, 0, 0, 0, 'Azul Royal'),
(8264, 595, 105, 0, 0, 0, 'cinza'),
(8197, 571, 170, 0, 0, 0, ''),
(8196, 571, 105, 0, 0, 0, ''),
(8204, 572, 146, 0, 0, 0, ''),
(8203, 572, 106, 0, 0, 0, ''),
(8063, 573, 152, 0, 0, 1, ' ( logo )'),
(8064, 596, 106, 0, 0, 0, ''),
(8065, 596, 146, 0, 0, 0, ''),
(8066, 596, 99, 0, 0, 0, ''),
(8067, 596, 92, 0, 0, 0, ''),
(8068, 596, 155, 0, 0, 1, 'superior esquerdo (logo)'),
(8069, 596, 129, 0, 0, 0, '"NÃO TEM"'),
(8070, 596, 160, 0, 0, 1, 'faixa de 5cm dupla cinza e laranja'),
(8071, 596, 159, 0, 0, 1, 'faixa de 5cm dupla cinza e laranja'),
(8072, 597, 105, 0, 0, 0, ''),
(8073, 597, 170, 0, 0, 0, ''),
(8074, 597, 99, 0, 0, 0, ''),
(8075, 597, 92, 0, 0, 0, ''),
(8076, 597, 129, 0, 0, 1, 'logo'),
(8077, 597, 155, 0, 0, 0, 'superior esquerdo (logo)'),
(8078, 597, 179, 0, 0, 0, ''),
(8085, 575, 179, 0, 0, 0, ''),
(8275, 576, 102, 0, 0, 0, 'Azul Royal'),
(8274, 576, 207, 0, 0, 0, ' 5 cm (Azul Royal ) c/ 1 botão'),
(8273, 576, 106, 0, 0, 0, ''),
(8103, 578, 161, 0, 0, 1, 'na altura do joelho ( faixa de 5 cm dupla cinza e laranja )'),
(8109, 581, 155, 0, 0, 1, 'superior esquerdo logo'),
(8110, 581, 160, 0, 0, 1, 'faixa de 5 cm dupla cinza e laranja '),
(8111, 581, 159, 0, 0, 1, 'faixa de 5 cm dupla cinza e laranja '),
(8118, 582, 161, 0, 0, 1, 'na altura do joelho ( faixa de 5 cm dupla cinza e laranja )'),
(8286, 583, 91, 0, 0, 0, ''),
(8285, 583, 102, 0, 0, 0, 'Azul Royal'),
(8284, 583, 207, 0, 0, 0, '5 cm (Azul Royal ) c/ 1 botão'),
(8137, 586, 161, 0, 0, 1, 'na altura do joelho ( faixa de 5 cm dupla cinza e verde )'),
(8143, 587, 161, 0, 0, 1, 'na altura do joelho ( faixa de 5 cm dupla cinza e laranja )'),
(8297, 588, 91, 0, 0, 0, ''),
(8296, 588, 102, 0, 0, 0, 'Azul Royal'),
(8294, 588, 106, 0, 0, 0, ''),
(8295, 588, 207, 0, 0, 0, ' 5 cm (Azul Royal ) c/ 1 botão'),
(8172, 589, 160, 0, 0, 1, 'faixa de 5cm dupla cinza e laranja'),
(8173, 589, 159, 0, 0, 1, 'faixa 5cm dupla cinza e laranja'),
(8175, 598, 106, 0, 0, 0, ''),
(8176, 598, 207, 0, 0, 0, 'botão'),
(8177, 598, 100, 0, 0, 0, ''),
(8178, 598, 91, 0, 0, 0, ''),
(8179, 598, 169, 0, 0, 1, 'peito superior esquerdo'),
(8180, 598, 152, 0, 0, 1, 'logo'),
(8187, 591, 161, 0, 0, 1, ' na altura do joelho ( faixa de 5 cm dupla cinza e laranja )'),
(8202, 571, 179, 0, 0, 1, ''),
(8209, 572, 179, 0, 0, 0, ''),
(8293, 583, 160, 0, 0, 1, 'faixa 5 cm dupla cinza e laranja'),
(8283, 583, 106, 0, 0, 0, ''),
(8263, 570, 159, 0, 0, 1, 'faixa de 5 cm dupla cinza e laranja '),
(8270, 595, 87, 0, 0, 1, '(logo)'),
(8271, 595, 129, 0, 0, 0, '"NÃO TEM"'),
(8272, 595, 160, 0, 0, 1, 'faixa de 5cm dupla cinza e laranja'),
(8322, 599, 169, 0, 0, 4, ''),
(8321, 599, 86, 0, 0, 0, ''),
(8318, 600, 169, 0, 0, 3, '1 superior esquerdo, 2 inferiores'),
(8317, 600, 91, 0, 0, 0, ''),
(8316, 600, 102, 0, 0, 0, ''),
(8315, 600, 170, 0, 0, 0, ''),
(8314, 600, 105, 0, 0, 0, ''),
(8319, 600, 129, 0, 0, 1, 'logo grande'),
(8320, 600, 87, 0, 0, 1, 'superior esquerdo (logo)'),
(8323, 601, 106, 0, 0, 0, ''),
(8324, 601, 125, 0, 0, 0, ''),
(8325, 601, 102, 0, 0, 0, ''),
(8326, 601, 90, 0, 0, 1, '85 CM PRETO Á VISTA'),
(8327, 601, 172, 0, 0, 0, 'CÓS INTEIRO NORMAL "SEM" ELÁSTICO'),
(8328, 601, 183, 0, 0, 2, 'LATERAL TIPO FACA'),
(8329, 601, 219, 0, 0, 0, 'AZUL MARINHO NOITE'),
(8330, 601, 155, 0, 0, 1, 'SUPERIOR ESQUERDO'),
(8331, 601, 129, 0, 0, 1, 'SITE'),
(8332, 601, 179, 0, 0, 0, ''),
(8333, 602, 105, 0, 0, 0, 'PRONTA ENTREGA'),
(8334, 602, 131, 0, 0, 1, ''),
(8335, 602, 129, 0, 0, 1, ''),
(8336, 603, 115, 0, 0, 1, 'LADO ESQUERDO'),
(9742, 604, 129, 0, 0, 1, 'AGENTE COMUNITÁRIO DE SAÚDE'),
(9741, 604, 169, 0, 0, 2, 'COM TAMPO, SÓ NA FRENTE, EMBAIXO'),
(9740, 604, 206, 0, 0, 0, 'elástico só atrás  (mais solto)'),
(9739, 604, 91, 0, 0, 0, 'PRESSAO'),
(9738, 604, 175, 0, 0, 0, '(sem manga)'),
(8355, 605, 131, 0, 0, 1, ''),
(8354, 605, 105, 0, 0, 0, 'pronta entrega'),
(8356, 605, 129, 0, 0, 1, ''),
(8409, 606, 87, 0, 0, 1, '(LOGO)'),
(8408, 606, 129, 0, 0, 0, 'NÃO TEM'),
(8406, 606, 148, 0, 0, 1, 'azul royal'),
(8407, 606, 149, 0, 0, 1, 'azul royal'),
(8405, 606, 169, 0, 0, 1, 'peito esquerdo cinza( metade sobrepoe a pala azul royal)'),
(8404, 606, 166, 0, 0, 0, 'Inteiro ou picado?'),
(8432, 607, 160, 0, 0, 1, '2,5cm só cinza'),
(8431, 607, 129, 0, 0, 0, 'não tem'),
(8430, 607, 87, 0, 0, 1, '(logo)'),
(8429, 607, 149, 0, 0, 1, 'azul royal'),
(8428, 607, 148, 0, 0, 1, 'azul royal'),
(8426, 607, 166, 0, 0, 0, 'inteiro ou picado?'),
(8410, 606, 160, 0, 0, 1, '2,5cm só cinza'),
(8403, 606, 102, 0, 0, 0, 'azul royal'),
(8402, 606, 126, 0, 0, 0, ''),
(8401, 606, 106, 0, 0, 0, ''),
(8427, 607, 169, 0, 0, 1, 'peito esquerdo cinza(metade sobrepõe a pala azul royal)'),
(8425, 607, 102, 0, 0, 1, 'azul royal'),
(8424, 607, 126, 0, 0, 0, ''),
(8411, 606, 159, 0, 0, 1, '2,5cm só cinza'),
(8423, 607, 106, 0, 0, 1, ''),
(8433, 607, 159, 0, 0, 1, '2,5cm só cinza'),
(8594, 608, 169, 0, 0, 1, 'peito esquerdo'),
(8593, 608, 91, 0, 0, 1, ''),
(8592, 608, 100, 0, 0, 1, '3 botoes'),
(8591, 608, 170, 0, 0, 1, ''),
(8590, 608, 105, 0, 0, 1, ''),
(8446, 609, 105, 0, 0, 1, ''),
(8447, 609, 170, 0, 0, 1, ''),
(8448, 609, 100, 0, 0, 1, 'com 3 Botoes'),
(8449, 609, 91, 0, 0, 1, ''),
(8450, 609, 169, 0, 0, 1, 'peito esquerdo'),
(8600, 610, 169, 0, 0, 1, 'peito esquerdo'),
(8599, 610, 91, 0, 0, 1, ''),
(8598, 610, 100, 0, 0, 1, 'com 3 botões'),
(8597, 610, 170, 0, 0, 1, ''),
(8596, 610, 105, 0, 0, 1, ''),
(8463, 611, 105, 0, 0, 1, ''),
(8464, 611, 170, 0, 0, 1, ''),
(8465, 611, 100, 0, 0, 1, 'com 3 botoes'),
(8466, 611, 91, 0, 0, 1, ''),
(8467, 611, 169, 0, 0, 1, 'peito esquerdo'),
(8468, 611, 152, 0, 0, 1, '(logo)'),
(8605, 613, 183, 0, 0, 2, '	- FACA FRENTE - (FORRADO COM POLIÉSTER PRETO)'),
(8473, 614, 90, 0, 0, 1, ''),
(8474, 614, 184, 0, 0, 1, '4 PREGAS (2 CADA LADO)'),
(8475, 614, 183, 0, 0, 2, 'FACA FRENTE'),
(8476, 614, 183, 0, 0, 2, 'BOTÃO ATRAS'),
(8533, 615, 100, 0, 0, 1, '3 botoes'),
(8532, 615, 207, 0, 0, 1, '1 botão'),
(8531, 615, 106, 0, 0, 1, ''),
(8613, 616, 180, 0, 0, 0, ''),
(8603, 613, 184, 0, 0, 1, '- 4 PREGAS - FRENTE (2 CADA LADO) - FORRADO COM POLIÉSTER PRETO'),
(8612, 616, 148, 0, 0, 0, 'COM PREGA MACHO'),
(8617, 617, 150, 0, 0, 1, ' - FRENTE -	acinturar meio da cava até a barra'),
(8615, 617, 228, 0, 0, 1, 'em diagonal com pique no vinco da manga'),
(8618, 617, 227, 0, 0, 0, '	nas costas para acinturar'),
(8616, 617, 100, 0, 0, 1, '1 botao'),
(8500, 618, 230, 0, 0, 1, 'VIVO VERMELHO NA BORDA'),
(8624, 619, 105, 0, 0, 0, '- COM TIRA DE 5CM NO PUNHO E VIVO VERMELHO ENTRE A TIRA E A MANGA '),
(8628, 619, 227, 0, 0, 1, 'FRENTE E COSTAS'),
(8595, 608, 152, 0, 0, 1, '(logo)'),
(8543, 620, 169, 0, 0, 4, '2 FRENTE 2 COSTAS'),
(8542, 620, 86, 0, 0, 1, ''),
(8588, 621, 171, 0, 0, 0, ''),
(8604, 613, 183, 0, 0, 2, '- COM BOTÃO ATRÁS - FORRADO COM POLIÉSTER PRETO'),
(8610, 616, 91, 0, 0, 1, ''),
(8611, 616, 169, 0, 0, 1, '- LADO ESQUERDO'),
(8609, 616, 100, 0, 0, 1, '3 botoes'),
(8534, 615, 91, 0, 0, 1, ''),
(8535, 615, 169, 0, 0, 1, '- LADO ESQUERDO'),
(8536, 615, 148, 0, 0, 1, '-COM PREGA  -MACHO'),
(8614, 617, 144, 0, 0, 1, ''),
(8625, 619, 230, 0, 0, 1, 'VIVO VERMELHO NA BORDA'),
(8626, 619, 91, 0, 0, 0, ''),
(8627, 619, 169, 0, 0, 2, '-INFERIORES  -COM TIRA NA BOCA  -VIVO VERMELHO ENTRE TIRA E BOLSO  -QUINAS ARREDONDADAS'),
(8589, 621, 227, 0, 0, 2, '-ATRÁS'),
(8587, 621, 231, 0, 0, 1, '-SEM PRESILHAS   -5CM ALTURA  (CÓS ALTO)'),
(8586, 621, 90, 0, 0, 1, '1 BOTÃO'),
(8602, 613, 90, 0, 0, 1, '1 botão'),
(8608, 616, 207, 0, 0, 1, '1 botao'),
(8607, 616, 106, 0, 0, 0, ''),
(8601, 610, 152, 0, 0, 1, '(logo)'),
(8606, 613, 219, 0, 0, 1, 'cos e bolso - poliéster preto'),
(8672, 622, 180, 0, 0, 0, ''),
(8671, 622, 169, 0, 0, 2, 'FRENTE'),
(8670, 622, 169, 0, 0, 2, 'ATRAS'),
(8669, 622, 86, 0, 0, 0, ''),
(8918, 623, 160, 0, 0, 1, 'laranja e cinza - 5CM ACIMA DA BARRA'),
(8916, 623, 159, 0, 0, 2, ' - 5CM LARANJA COM CINZA  - DA GOLA ATÉ O MEIO ENCONTRANDO COM A OUTRA FAIXA'),
(8915, 623, 129, 0, 0, 1, '(LOGO)'),
(8914, 623, 87, 0, 0, 1, '(LOGO)'),
(8913, 623, 169, 0, 0, 1, 'NO LADO ESQUERDO'),
(8912, 623, 91, 0, 0, 0, ''),
(8911, 623, 170, 0, 0, 0, ''),
(8910, 623, 106, 0, 0, 0, ''),
(8907, 626, 129, 0, 0, 0, 'logo'),
(8906, 626, 87, 0, 0, 1, 'logo'),
(8905, 626, 169, 0, 0, 1, 'peito esquerdo'),
(8904, 626, 169, 0, 0, 1, 'PEITO ESQUERDO'),
(8903, 626, 91, 0, 0, 0, ' ( c/ 5 botões )'),
(8700, 627, 171, 0, 0, 0, ''),
(8699, 627, 199, 0, 0, 1, '2'),
(8698, 627, 97, 0, 0, 0, 'LARANJA'),
(8697, 627, 105, 0, 0, 0, ''),
(8673, 622, 179, 0, 0, 0, ''),
(8917, 623, 159, 0, 0, 2, '- 5CM LARANJA COM CINZA'),
(8909, 623, 102, 0, 0, 0, ''),
(8685, 624, 166, 0, 0, 0, ''),
(8686, 625, 166, 0, 0, 0, ''),
(8902, 626, 207, 0, 0, 0, '6 cm ( c/ 1 botão )'),
(8901, 626, 106, 0, 0, 0, ''),
(8900, 626, 102, 0, 0, 0, ''),
(8701, 627, 131, 0, 0, 1, ''),
(8702, 627, 129, 0, 0, 1, ''),
(8771, 628, 129, 0, 0, 1, 'DE ACORDO COM A FOTO (DOURADO)'),
(8770, 628, 131, 0, 0, 1, 'DE ACORDO COM A FOTO (DOURADO)'),
(8769, 628, 92, 0, 0, 0, ''),
(8767, 628, 105, 0, 0, 0, ''),
(8768, 628, 170, 0, 0, 0, ''),
(8766, 628, 192, 0, 0, 0, ''),
(8757, 629, 169, 0, 0, 2, 'FRENTE'),
(8756, 629, 169, 0, 0, 2, 'ATRAS'),
(8755, 629, 195, 0, 0, 0, 'OVERLOQUE'),
(8754, 629, 86, 0, 0, 0, 'COM VISTA FALSA'),
(8763, 630, 169, 0, 0, 2, 'FRENTE'),
(8762, 630, 169, 0, 0, 2, 'ATRAS'),
(8761, 630, 195, 0, 0, 0, 'COM OVERLOQUE'),
(8760, 630, 86, 0, 0, 0, 'COM VISTA FALSA'),
(8758, 629, 208, 0, 0, 1, 'PERNA DIREITA, NA FRENTE, NA VERTICAL - (SEM O TELEFONE) NA COR BRANCA'),
(8764, 630, 208, 0, 0, 1, '	PERNA DIREITA, NA FRENTE, NA VERTICAL - (SEM O TELEFONE) NA COR BRANCA'),
(8759, 629, 179, 0, 0, 0, ''),
(8765, 630, 179, 0, 0, 0, ''),
(8836, 631, 150, 0, 0, 0, 'FRENTE - ACINTURAR MEIO DA CAVA ATÉ A BARRA'),
(8837, 631, 227, 0, 0, 0, 'NAS COSTAS PARA ACINTURAR'),
(8812, 632, 169, 0, 0, 1, '- LADO ESQUERDO'),
(8811, 632, 91, 0, 0, 0, ''),
(8810, 632, 207, 0, 0, 0, '1 BOTÃO'),
(8809, 632, 106, 0, 0, 0, ''),
(8808, 632, 100, 0, 0, 0, '3 BOTÕES'),
(8889, 633, 189, 0, 0, 0, 'não tem'),
(8822, 634, 171, 0, 0, 0, ''),
(8821, 634, 231, 0, 0, 0, '-  SEM PRESILHAS - 5CM DE ALTURA (CÓS ALTO)'),
(8820, 634, 90, 0, 0, 0, '1 botão'),
(8829, 635, 183, 0, 0, 2, '- COM BOTÃO - ATRÁS - FORRADO COM POLIÉSTER PRETO'),
(8828, 635, 183, 0, 0, 2, '- FACA FRENTE - (FORRADO COM POLIÉSTER PRETO) '),
(8827, 635, 184, 0, 0, 0, ' - 4 PREGAS - FRENTE  (2 CADA LADO) FORRADO COM POLIÉSTER PRETO'),
(8826, 635, 90, 0, 0, 0, '1 BOTÃO'),
(8838, 631, 180, 0, 0, 0, ''),
(8835, 631, 228, 0, 0, 0, 'EM DIAGONAL - COM PIQUE NO VINCO DA MANGA'),
(8834, 631, 144, 0, 0, 0, ''),
(8833, 631, 100, 0, 0, 0, '1 BOTÃO'),
(8813, 632, 148, 0, 0, 0, '- COM PREGA - MACHO'),
(8814, 632, 180, 0, 0, 0, ''),
(8815, 632, 178, 0, 0, 0, ''),
(8888, 633, 227, 0, 0, 8, 'DUAS DE CADA LADO ATRAZ E FRENTE'),
(8823, 634, 227, 0, 0, 2, '- ATRÁS'),
(8824, 634, 180, 0, 0, 0, ''),
(8825, 634, 178, 0, 0, 0, ''),
(8830, 635, 219, 0, 0, 0, 'CÓS E BOLSO (POLIÉSTER PRETO)'),
(8831, 635, 180, 0, 0, 0, ''),
(8832, 635, 178, 0, 0, 0, ''),
(8839, 631, 178, 0, 0, 0, ''),
(8840, 636, 102, 0, 0, 0, ''),
(8841, 636, 106, 0, 0, 0, ''),
(8842, 636, 125, 0, 0, 0, ''),
(8843, 636, 91, 0, 0, 0, ''),
(8844, 636, 169, 0, 0, 1, 'LADO ESQUERDO'),
(8845, 636, 180, 0, 0, 0, ''),
(8846, 636, 179, 0, 0, 0, ''),
(8847, 637, 86, 0, 0, 0, ''),
(8848, 637, 169, 0, 0, 2, 'FRENTE'),
(8849, 637, 169, 0, 0, 2, 'ATRAS'),
(8850, 637, 180, 0, 0, 0, ''),
(8851, 637, 179, 0, 0, 0, ''),
(8881, 640, 183, 0, 0, 2, 'lateral faca'),
(9883, 639, 180, 0, 0, 0, 'NA MANGA'),
(8887, 633, 172, 0, 0, 0, ''),
(8886, 633, 90, 0, 0, 0, 'invisível 20cm'),
(8880, 640, 211, 0, 0, 0, 'frente e costas'),
(8879, 640, 90, 0, 0, 0, '80cm'),
(8878, 640, 125, 0, 0, 0, '5cm, 1 botão, lapela com vivo preto'),
(8877, 640, 106, 0, 0, 0, ''),
(8876, 640, 102, 0, 0, 0, ''),
(8882, 640, 219, 0, 0, 0, 'microfibra'),
(8883, 640, 219, 0, 0, 0, 'matelasê'),
(8884, 640, 180, 0, 0, 0, ''),
(8885, 640, 178, 0, 0, 0, ''),
(8890, 633, 219, 0, 0, 0, 'POLIÉSTER PRETO'),
(8891, 633, 180, 0, 0, 0, ''),
(8892, 633, 178, 0, 0, 0, ''),
(8893, 641, 100, 0, 0, 0, '3 botões'),
(8894, 641, 105, 0, 0, 0, ''),
(8895, 641, 170, 0, 0, 0, ''),
(8896, 641, 91, 0, 0, 0, ''),
(8897, 641, 169, 0, 0, 0, 'peito esquerdo'),
(8898, 641, 152, 0, 0, 1, 'logo'),
(8899, 641, 186, 0, 0, 0, 'esquerda (bandeiras de minas e do brasil)'),
(8908, 626, 179, 0, 0, 0, ''),
(8937, 642, 129, 0, 0, 1, 'agente comunitario de saude'),
(8936, 642, 169, 0, 0, 2, 'COM TAMPO,SÓ NA FRENTE, embaixo'),
(8935, 642, 206, 0, 0, 0, 'ELÁSTICO SÓ ATRAS'),
(8934, 642, 91, 0, 0, 0, 'PRESSÃO'),
(8933, 642, 175, 0, 0, 0, '/SEM MANGA'),
(8938, 642, 155, 0, 0, 1, 'logo lado esquerdo'),
(8939, 642, 179, 0, 0, 0, ''),
(9370, 643, 86, 0, 0, 0, ''),
(9371, 643, 169, 0, 0, 2, 'frente'),
(9372, 643, 169, 0, 0, 2, 'atras '),
(9373, 643, 109, 0, 0, 1, ''),
(9374, 643, 110, 0, 0, 1, ''),
(9375, 643, 156, 0, 0, 1, ' direita (logo) abaixo do bolso'),
(9369, 644, 160, 0, 0, 1, 'faixa de 5 cm dupla cinza e laranja '),
(9367, 644, 155, 0, 0, 1, 'superior esquerdo (logo)'),
(9368, 644, 159, 0, 0, 1, 'faixa de 5 cm dupla cinza e laranja '),
(9200, 646, 109, 0, 0, 1, ''),
(9201, 646, 110, 0, 0, 1, ''),
(9202, 646, 156, 0, 0, 1, ' direita (logo) abaixo do bolso'),
(9203, 646, 161, 0, 0, 1, 'na altura do joelho ( faixa de 5 cm dupla cinza e laranja )'),
(9199, 646, 169, 0, 0, 2, 'atras '),
(9198, 646, 169, 0, 0, 2, 'frente'),
(9197, 646, 86, 0, 0, 0, ''),
(9213, 647, 160, 0, 0, 1, 'faixa de 5 cm dupla cinza e laranja '),
(9212, 647, 129, 0, 0, 0, '"NAO TEM"'),
(9211, 647, 87, 0, 0, 1, '(logo) '),
(9210, 647, 148, 0, 0, 1, '(Azul Royal)'),
(9209, 647, 149, 0, 0, 1, '(Azul Royal)'),
(9208, 647, 169, 0, 0, 1, 'peito esquerdo cinza ( metade do bolso sobrepõe a pala Azul Royal )'),
(9207, 647, 91, 0, 0, 0, ''),
(9206, 647, 207, 0, 0, 0, '5 cm (Azul Royal ) c/ 1 botão'),
(9205, 647, 106, 0, 0, 0, ''),
(9204, 647, 102, 0, 0, 0, ' Azul Royal'),
(9422, 648, 179, 0, 0, 0, ''),
(9420, 648, 155, 0, 0, 1, 'superior esquerdo (logo)'),
(9419, 648, 92, 0, 0, 0, ''),
(9418, 648, 170, 0, 0, 0, ''),
(9417, 648, 105, 0, 0, 0, ''),
(8987, 649, 180, 0, 0, 0, 'COSTAS'),
(8988, 649, 155, 0, 0, 1, 'superior esquerdo (logo)'),
(8989, 649, 92, 0, 0, 0, ''),
(8990, 649, 99, 0, 0, 0, ''),
(8991, 649, 146, 0, 0, 0, ''),
(8992, 649, 106, 0, 0, 0, ''),
(8993, 649, 179, 0, 0, 0, ''),
(8994, 650, 169, 0, 0, 1, 'preito esquerdo '),
(8995, 650, 91, 0, 0, 0, ''),
(8996, 650, 100, 0, 0, 0, ''),
(8997, 650, 125, 0, 0, 0, ''),
(8998, 650, 106, 0, 0, 0, ''),
(8999, 650, 152, 0, 0, 1, ' ( logo )'),
(9527, 676, 148, 0, 0, 0, ''),
(9415, 651, 179, 0, 0, 0, ''),
(9414, 651, 129, 0, 0, 0, '"NÃO TEM"'),
(9413, 651, 155, 0, 0, 1, 'superior esquerdo (logo)'),
(9412, 651, 92, 0, 0, 0, ''),
(9008, 652, 149, 0, 0, 1, 'Azul Royal'),
(9009, 652, 148, 0, 0, 1, 'Azul royal'),
(9010, 652, 169, 0, 0, 1, 'peito esquerdo CINZA (metade do bolso sobrepõe a pala Azul Royal)'),
(9011, 652, 91, 0, 0, 0, ''),
(9012, 652, 102, 0, 0, 0, 'Azul Royal'),
(9013, 652, 105, 0, 0, 0, 'cinza'),
(9014, 652, 87, 0, 0, 1, '(logo)'),
(9015, 652, 129, 0, 0, 0, '"NÃO TEM"'),
(9016, 652, 160, 0, 0, 1, 'faixa de 5cm dupla cinza e laranja'),
(9234, 653, 109, 0, 0, 1, ''),
(9233, 653, 110, 0, 0, 1, ''),
(9232, 653, 169, 0, 0, 2, 'frente '),
(9231, 653, 169, 0, 0, 2, 'atras '),
(9230, 653, 86, 0, 0, 0, ''),
(9242, 654, 148, 0, 0, 1, 'Azul Royal'),
(9240, 654, 91, 0, 0, 0, ''),
(9241, 654, 169, 0, 0, 1, 'peito esquerdo cinza ( metade do bolso sobrepõe a pala Azul Royal )'),
(9239, 654, 207, 0, 0, 0, ' 5 cm (Azul Royal ) c/ 1 botão'),
(9238, 654, 106, 0, 0, 0, ''),
(9237, 654, 102, 0, 0, 0, 'Azul Royal'),
(9247, 655, 166, 0, 0, 0, ''),
(9352, 656, 155, 0, 0, 1, 'superior esquerdo (logo)'),
(9351, 656, 129, 0, 0, 1, 'logo'),
(9350, 656, 92, 0, 0, 0, ''),
(9349, 656, 170, 0, 0, 0, '');
INSERT INTO `sv_itens_produto_has_pedidos` (`id`, `produto_has_pedidos_id`, `materia_prima_id`, `tecido_id`, `id_grupo_mat_prima`, `quantidade`, `obs`) VALUES
(9348, 656, 105, 0, 0, 0, ''),
(9347, 656, 99, 0, 0, 0, ''),
(9253, 657, 156, 0, 0, 1, 'direita (logo) abaixo do bolso'),
(9252, 657, 109, 0, 0, 1, ''),
(9251, 657, 110, 0, 0, 1, ''),
(9250, 657, 169, 0, 0, 2, 'frente '),
(9248, 657, 86, 0, 0, 0, ''),
(9249, 657, 169, 0, 0, 2, 'atras '),
(9259, 658, 129, 0, 0, 1, 'superior (logo)'),
(9258, 658, 92, 0, 0, 0, ''),
(9257, 658, 146, 0, 0, 0, ''),
(9256, 658, 106, 0, 0, 0, ''),
(9255, 658, 99, 0, 0, 0, ''),
(9280, 659, 156, 0, 0, 1, ' direita (logo) abaixo do bolso'),
(9279, 659, 109, 0, 0, 1, ''),
(9278, 659, 110, 0, 0, 1, ''),
(9277, 659, 169, 0, 0, 2, 'frente '),
(9275, 659, 86, 0, 0, 0, ''),
(9276, 659, 169, 0, 0, 2, 'atras '),
(9287, 660, 149, 0, 0, 1, 'Azul Royal'),
(9286, 660, 169, 0, 0, 1, 'peito esquerdo cinza ( metade do bolso sobrepõe a pala Azul Royal )'),
(9285, 660, 91, 0, 0, 0, ''),
(9284, 660, 207, 0, 0, 0, '5 cm (Azul Royal ) c/ 1 botão'),
(9283, 660, 106, 0, 0, 0, ''),
(9282, 660, 102, 0, 0, 0, 'Azul Royal'),
(9075, 661, 166, 0, 0, 0, ''),
(9298, 663, 156, 0, 0, 1, 'direita (logo) abaixo do bolso'),
(9297, 663, 109, 0, 0, 1, ''),
(9296, 663, 110, 0, 0, 1, ''),
(9295, 663, 169, 0, 0, 2, 'frente '),
(9293, 663, 86, 0, 0, 0, ''),
(9294, 663, 169, 0, 0, 2, 'atras '),
(9408, 664, 161, 0, 0, 1, 'na altura do joelho ( faixa de 5 cm dupla cinza e laranja )'),
(9407, 664, 156, 0, 0, 1, 'direita (logo) abaixo do bolso'),
(9406, 664, 110, 0, 0, 1, ''),
(9405, 664, 109, 0, 0, 1, ''),
(9404, 664, 169, 0, 0, 2, 'atras '),
(9306, 665, 149, 0, 0, 1, 'Azul Royal'),
(9305, 665, 148, 0, 0, 1, 'Azul Royal'),
(9304, 665, 169, 0, 0, 1, ' peito esquerdo cinza ( metade do bolso sobrepõe a pala Azul Royal )'),
(9303, 665, 91, 0, 0, 0, ''),
(9302, 665, 207, 0, 0, 0, ' 5 cm (Azul Royal ) c/ 1 botão'),
(9301, 665, 106, 0, 0, 0, ''),
(9300, 665, 102, 0, 0, 0, 'Azul Royal'),
(9317, 666, 160, 0, 0, 1, 'faixa de 5cm dupla cinza e laranja'),
(9316, 666, 129, 0, 0, 0, '"NÃO TEM"'),
(9315, 666, 155, 0, 0, 1, 'logo'),
(9314, 666, 92, 0, 0, 0, ''),
(9313, 666, 146, 0, 0, 0, ''),
(9312, 666, 106, 0, 0, 0, ''),
(9311, 666, 99, 0, 0, 0, ''),
(9319, 667, 166, 0, 0, 0, ''),
(9109, 662, 106, 0, 0, 0, ''),
(9110, 662, 207, 0, 0, 0, 'botão'),
(9111, 662, 100, 0, 0, 0, ''),
(9112, 662, 91, 0, 0, 0, ''),
(9113, 662, 169, 0, 0, 1, 'peito superior esquerdo'),
(9114, 662, 152, 0, 0, 1, 'logo'),
(9325, 668, 156, 0, 0, 1, 'direita (logo) abaixo do bolso'),
(9324, 668, 109, 0, 0, 1, ''),
(9323, 668, 110, 0, 0, 1, ''),
(9322, 668, 169, 0, 0, 2, 'frentev'),
(9320, 668, 86, 0, 0, 0, ''),
(9321, 668, 169, 0, 0, 2, 'atras '),
(9333, 669, 159, 0, 0, 1, 'faixa de 5 cm dupla cinza e laranja '),
(9332, 669, 129, 0, 0, 0, '"NÃO TEM"'),
(9331, 669, 155, 0, 0, 1, 'superior esquerdo (logo)'),
(9330, 669, 92, 0, 0, 0, ''),
(9329, 669, 146, 0, 0, 0, ''),
(9328, 669, 106, 0, 0, 0, ''),
(9327, 669, 99, 0, 0, 0, ''),
(9130, 670, 87, 0, 0, 1, '(LOGO)'),
(9131, 670, 129, 0, 0, 0, 'NÃO TEM'),
(9132, 670, 148, 0, 0, 1, 'azul royal'),
(9133, 670, 149, 0, 0, 1, 'azul royal'),
(9134, 670, 169, 0, 0, 1, 'peito esquerdo cinza( metade sobrepoe a pala azul royal)'),
(9135, 670, 166, 0, 0, 0, 'Inteiro ou picado?'),
(9136, 670, 160, 0, 0, 1, '2,5cm só cinza'),
(9137, 670, 102, 0, 0, 0, 'azul royal'),
(9138, 670, 126, 0, 0, 0, ''),
(9139, 670, 106, 0, 0, 0, ''),
(9140, 670, 159, 0, 0, 1, '2,5cm só cinza'),
(9141, 671, 160, 0, 0, 1, '2,5cm só cinza'),
(9142, 671, 129, 0, 0, 0, 'não tem'),
(9143, 671, 87, 0, 0, 1, '(logo)'),
(9144, 671, 149, 0, 0, 1, 'azul royal'),
(9145, 671, 148, 0, 0, 1, 'azul royal'),
(9146, 671, 166, 0, 0, 0, 'inteiro ou picado?'),
(9147, 671, 169, 0, 0, 1, 'peito esquerdo cinza(metade sobrepõe a pala azul royal)'),
(9148, 671, 102, 0, 0, 1, 'azul royal'),
(9149, 671, 126, 0, 0, 0, ''),
(9150, 671, 106, 0, 0, 1, ''),
(9151, 671, 159, 0, 0, 1, '2,5cm só cinza'),
(9366, 644, 129, 0, 0, 1, 'superior logo'),
(9365, 644, 92, 0, 0, 0, ''),
(9376, 643, 161, 0, 0, 1, 'na altura do joelho ( faixa de 5 cm dupla cinza e laranja )'),
(9364, 644, 146, 0, 0, 0, ''),
(9363, 644, 106, 0, 0, 0, ''),
(9362, 644, 99, 0, 0, 0, ''),
(9214, 647, 159, 0, 0, 1, 'faixa de 5 cm dupla cinza e laranja '),
(9421, 648, 180, 0, 0, 0, 'COSTAS'),
(9416, 648, 99, 0, 0, 0, ''),
(9411, 651, 146, 0, 0, 0, ''),
(9410, 651, 106, 0, 0, 0, ''),
(9409, 651, 99, 0, 0, 0, ''),
(9235, 653, 156, 0, 0, 1, 'direita (logo) abaixo do bolso'),
(9236, 653, 179, 0, 0, 0, ''),
(9243, 654, 149, 0, 0, 1, 'Azul Royal'),
(9244, 654, 87, 0, 0, 1, 'logo'),
(9245, 654, 129, 0, 0, 1, 'logo (só na pala azul royal)'),
(9246, 654, 179, 0, 0, 0, ''),
(9254, 657, 161, 0, 0, 1, 'na altura do joelho ( faixa de 5 cm dupla cinza e laranja )'),
(9260, 658, 155, 0, 0, 1, 'superior esquerdo logo'),
(9261, 658, 160, 0, 0, 1, 'faixa de 5 cm dupla cinza e laranja '),
(9262, 658, 159, 0, 0, 1, 'faixa de 5 cm dupla cinza e laranja '),
(9393, 672, 169, 0, 0, 1, 'peito esquerdo'),
(9392, 672, 91, 0, 0, 0, ''),
(9391, 672, 125, 0, 0, 0, ''),
(9390, 672, 106, 0, 0, 0, ''),
(9389, 672, 100, 0, 0, 0, ''),
(9387, 673, 169, 0, 0, 1, 'peito esquerdo'),
(9386, 673, 91, 0, 0, 0, ''),
(9385, 673, 170, 0, 0, 0, ''),
(9384, 673, 105, 0, 0, 0, ''),
(9383, 673, 100, 0, 0, 0, ''),
(9281, 659, 161, 0, 0, 1, 'na altura do joelho ( faixa de 5 cm dupla cinza e laranja )'),
(9288, 660, 148, 0, 0, 1, 'Azul Royal'),
(9289, 660, 129, 0, 0, 1, 'logo (só na pala azul royal)'),
(9290, 660, 87, 0, 0, 1, 'logo'),
(9291, 660, 159, 0, 0, 1, 'faixa 5 cm dupla cina e laranja'),
(9292, 660, 160, 0, 0, 1, 'faixa 5 cm dupla cinza e laranja'),
(9299, 663, 161, 0, 0, 1, 'na altura do joelho ( faixa de 5 cm dupla cinza e verde )'),
(9307, 665, 87, 0, 0, 1, '(logo) '),
(9308, 665, 129, 0, 0, 0, '"NÃO TEM"'),
(9309, 665, 160, 0, 0, 1, 'faixa de 5 cm dupla cinza e laranja '),
(9310, 665, 159, 0, 0, 1, 'faixa de 5 cm dupla cinza e laranja '),
(9318, 666, 159, 0, 0, 1, 'faixa 5cm dupla cinza e laranja'),
(9326, 668, 161, 0, 0, 1, ' na altura do joelho ( faixa de 5 cm dupla cinza e laranja )'),
(9334, 669, 160, 0, 0, 1, 'faixa de 5 cm dupla cinza e laranja '),
(9381, 674, 169, 0, 0, 0, 'preito superior esquerdo '),
(9380, 674, 91, 0, 0, 0, ''),
(9379, 674, 125, 0, 0, 0, ''),
(9378, 674, 106, 0, 0, 0, ''),
(9377, 674, 100, 0, 0, 0, ''),
(9881, 639, 131, 0, 0, 1, '	lado esquerdo cipa (retirar habit lado direito)  - sai residencial bem viver e entre residencial monte castelo'),
(9880, 639, 92, 0, 0, 0, ''),
(9879, 639, 105, 0, 0, 0, ''),
(9878, 639, 96, 0, 0, 0, ''),
(9353, 656, 179, 0, 0, 0, ''),
(9382, 674, 152, 0, 0, 1, 'logo'),
(9388, 673, 152, 0, 0, 1, 'logo'),
(9394, 672, 152, 0, 0, 1, 'logo'),
(9395, 675, 166, 0, 0, 0, ''),
(9402, 664, 86, 0, 0, 0, ''),
(9403, 664, 169, 0, 0, 2, 'frente '),
(9528, 676, 131, 0, 0, 1, 'PERNA ESQUERDA - (LOGO E DATA) NA COR BRANCA - ABAIXO DO BOLSO'),
(9526, 676, 86, 0, 0, 0, '- vista falsa'),
(9533, 677, 129, 0, 0, 1, 'LOGO'),
(9532, 677, 92, 0, 0, 0, ''),
(9531, 677, 170, 0, 0, 0, ''),
(9530, 677, 105, 0, 0, 0, ''),
(9464, 678, 206, 0, 0, 0, 'COM PRESILHAS'),
(9467, 678, 131, 0, 0, 1, 'NA PERNA - LADO ESQUERDO - ABAIXO DO BOLSO - LOGO, DATA, E A PALAVRA: MANUTENÇÃO - VERTICAL: SEGUIR MODELO)'),
(9560, 679, 131, 0, 0, 1, 'NA PERNA - LADO ESQUERDO - ABAIXO DO BOLSO - LOGO, DATA, E A PALAVRA: CURRAL - NA VERTICAL: SEGUIR MODELO)'),
(9559, 679, 148, 0, 0, 0, ''),
(9523, 680, 92, 0, 0, 0, ''),
(9522, 680, 170, 0, 0, 0, ''),
(9521, 680, 105, 0, 0, 0, ''),
(9481, 681, 131, 0, 0, 1, 'BRANCO - LADO ESQUERDO - ABAIXO DO BOLSO - LOGO E DATA (CONFORME MODELO)'),
(9480, 681, 148, 0, 0, 0, ''),
(9478, 681, 86, 0, 0, 0, 'COM VISTA FALSA'),
(9479, 681, 171, 0, 0, 0, ''),
(9465, 678, 169, 0, 0, 4, '2 FRENTES 2 COSTAS'),
(9466, 678, 148, 0, 0, 0, ''),
(9557, 679, 206, 0, 0, 0, 'COM PRESILHAS'),
(9558, 679, 169, 0, 0, 4, '2 FRENTE 2 COSTAS'),
(9463, 678, 90, 0, 0, 0, '1 BOTÃO'),
(9556, 679, 90, 0, 0, 0, 'COM 1 BOTÃO'),
(9524, 680, 131, 0, 0, 1, 'LOGO E DATA - LADO ESQUERDO - NO PEITO'),
(9520, 680, 192, 0, 0, 0, 'REDONDA'),
(9529, 677, 192, 0, 0, 0, 'REDONDA'),
(9570, 682, 86, 0, 0, 0, ''),
(9571, 682, 169, 0, 0, 4, '2 FRENTE 2 COSTAS'),
(9572, 682, 194, 0, 0, 2, 'GANCHO, VISTA, LATERAL E SEM PALA'),
(9573, 682, 156, 0, 0, 1, 'FRENTR -DIREITA - LOGO ABAIXO DO BOLSO 2CM - DIMENSÕES 5x20CM - DE FORA PARA DENTRO'),
(9495, 683, 96, 0, 0, 0, 'AREDONDADA'),
(9496, 683, 105, 0, 0, 0, ''),
(9497, 683, 92, 0, 0, 0, ''),
(9498, 683, 131, 0, 0, 1, 'ESQUERDO - 3x10CM'),
(9499, 683, 129, 0, 0, 1, '12CM ABAIXO DA GOLA 0 8x28CM'),
(9632, 684, 155, 0, 0, 1, 'LOGO'),
(9630, 684, 219, 0, 0, 0, 'MANGA LONGA'),
(9631, 684, 219, 0, 0, 0, ''),
(9629, 684, 183, 0, 0, 2, 'LATERAL'),
(9628, 684, 206, 0, 0, 0, 'FRENTE BARRA e ELÁSTICO COSTAS '),
(9525, 680, 129, 0, 0, 1, 'LOGO GRANDE'),
(9534, 677, 155, 0, 0, 1, '	LADO ESQUERDO (LOGO E DATA)'),
(9633, 684, 160, 0, 0, 1, '2.5 CM cinza'),
(9627, 684, 90, 0, 0, 0, 'A VISTA'),
(9626, 684, 126, 0, 0, 0, ''),
(9625, 684, 106, 0, 0, 0, ''),
(9624, 684, 102, 0, 0, 0, ''),
(9546, 685, 96, 0, 0, 0, ''),
(9547, 685, 105, 0, 0, 0, ''),
(9548, 685, 92, 0, 0, 0, ''),
(9549, 685, 180, 0, 0, 0, 'NA MANGA'),
(9550, 685, 129, 0, 0, 1, ' sai habit e entra quartzo, sai construtora e entra incorporações'),
(9551, 685, 131, 0, 0, 1, 'lado esquerdo cipa (retirar habit lado direito) - sai residencial bem viver e entre residencial monte castelo'),
(9797, 687, 169, 0, 0, 2, 'peito - tampão de velcro'),
(9718, 686, 179, 0, 0, 0, ''),
(9717, 686, 131, 0, 0, 1, 'perna direita  -  de lado  -  vertical  -  de fora para dentro  -  2cm abaixo do bolso  -  2 cores'),
(9561, 679, 156, 0, 0, 0, 'em pé'),
(9716, 686, 148, 0, 0, 0, 'NÂO TEM POS É PRONTA ENTREGA'),
(9796, 687, 195, 0, 0, 0, ''),
(9795, 687, 222, 0, 0, 0, ''),
(9794, 687, 90, 0, 0, 0, ''),
(9793, 687, 207, 0, 0, 0, '	fechamento de ziper'),
(9792, 687, 106, 0, 0, 0, ''),
(9791, 687, 187, 0, 0, 1, 'fechamento de velcro'),
(9585, 688, 106, 0, 0, 0, ''),
(9586, 688, 90, 0, 0, 0, ''),
(9587, 688, 169, 0, 0, 4, 'COM TAMPÃO VELCRO'),
(9588, 688, 115, 0, 0, 1, 'LADO ESQUERDO'),
(9589, 688, 159, 0, 0, 0, 'E NOS OMBRO 20 CM E NA PERNA - NA COR CINZA 2,5CM'),
(9590, 689, 102, 0, 0, 0, ''),
(9591, 689, 106, 0, 0, 0, ''),
(9592, 689, 91, 0, 0, 0, ''),
(9593, 689, 169, 0, 0, 1, 'FRENTE - LADO ESQUERDO - COM TRÊS CANTOS - COM TAMPA'),
(9594, 689, 152, 0, 0, 1, 'ESQUERDO - AGUATEC'),
(9595, 689, 186, 0, 0, 1, 'DIREITA - BANDEIRA MERGULHO'),
(9596, 689, 128, 0, 0, 1, 'AQUATEC'),
(9834, 690, 152, 0, 0, 1, 'LADO ESQUERDO - AQUATEC'),
(9833, 690, 169, 0, 0, 1, 'ESQUERDO - COM TAMPA'),
(9832, 690, 91, 0, 0, 0, ''),
(9831, 690, 106, 0, 0, 0, ''),
(9830, 690, 102, 0, 0, 0, ''),
(9618, 691, 179, 0, 0, 0, ''),
(9617, 691, 152, 0, 0, 1, 'DIREITO - AGUATEC'),
(9616, 691, 109, 0, 0, 0, 'E JOELHO'),
(9615, 691, 169, 0, 0, 4, '2 frente 2 costas'),
(9614, 691, 86, 0, 0, 0, ''),
(9623, 692, 179, 0, 0, 0, ''),
(9622, 692, 152, 0, 0, 1, '	DIREITO - AQUATEC'),
(9621, 692, 109, 0, 0, 0, 'E JOELHO'),
(9620, 692, 169, 0, 0, 4, '2 FRENTE 2 COSTA'),
(9619, 692, 86, 0, 0, 0, ''),
(9634, 684, 159, 0, 0, 1, '2.5 CM cinza'),
(9691, 694, 129, 0, 0, 1, 'LOGO'),
(9690, 694, 92, 0, 0, 0, ''),
(9689, 694, 170, 0, 0, 0, ''),
(9688, 694, 105, 0, 0, 0, ''),
(9687, 694, 192, 0, 0, 0, 'REDONDA'),
(9645, 695, 86, 0, 0, 0, 'VISTA FALSA'),
(9646, 695, 171, 0, 0, 0, ''),
(9647, 695, 148, 0, 0, 0, ''),
(9648, 695, 131, 0, 0, 1, 'PERNA ESQUERDA - NA COXA - BRANCO - CONTENDO A LOGO E A DATA'),
(9696, 696, 131, 0, 0, 1, '	PERNA ESQUERDA - NA COXA - BRANCO - CONTENDO A LOGO E A DATA'),
(9695, 696, 148, 0, 0, 0, ''),
(9693, 696, 86, 0, 0, 0, 'VISTA FALSA'),
(9694, 696, 171, 0, 0, 0, ''),
(9708, 697, 129, 0, 0, 1, 'LOGO'),
(9715, 686, 169, 0, 0, 4, '2 FRENTE 2 COSTAS'),
(9707, 697, 131, 0, 0, 1, 'PEITO LADO ESQUERDO (LOGO E DATA)'),
(9706, 697, 92, 0, 0, 0, ''),
(9705, 697, 170, 0, 0, 0, ''),
(9704, 697, 105, 0, 0, 0, ''),
(9678, 698, 169, 0, 0, 4, '2 frente 2 costas'),
(9677, 698, 86, 0, 0, 0, 'vista falsa'),
(9684, 699, 92, 0, 0, 0, ''),
(9683, 699, 170, 0, 0, 0, ''),
(9682, 699, 105, 0, 0, 0, ''),
(9681, 699, 96, 0, 0, 0, 'REDONDA'),
(9679, 698, 180, 0, 0, 0, ''),
(9680, 698, 179, 0, 0, 0, ''),
(9685, 699, 180, 0, 0, 0, ''),
(9686, 699, 179, 0, 0, 0, ''),
(9692, 694, 155, 0, 0, 1, 'LADO ESQUERDO (LOGO E DATA)'),
(9703, 697, 192, 0, 0, 0, 'redonda'),
(9714, 686, 86, 0, 0, 0, ''),
(9719, 686, 214, 0, 0, 2, 'vista, gancho, lateral e pala'),
(9720, 701, 96, 0, 0, 0, 'em "v"'),
(9721, 701, 106, 0, 0, 0, ''),
(9722, 701, 146, 0, 0, 0, ''),
(9723, 701, 155, 0, 0, 0, '*a olhar'),
(9724, 701, 160, 0, 0, 1, 'peito'),
(9725, 701, 159, 0, 0, 2, ''),
(9726, 702, 86, 0, 0, 0, 'frente falsa'),
(9727, 702, 169, 0, 0, 4, '2 frentes 2 costas'),
(9728, 702, 219, 0, 0, 0, 'no joelho e gavião'),
(9729, 702, 131, 0, 0, 0, 'ainda em aberto'),
(9730, 702, 161, 0, 0, 0, ''),
(9731, 703, 97, 0, 0, 1, 'com paty azul turqueza - duas listras azuis na berada da gola -  com botões'),
(9732, 703, 105, 0, 0, 0, ''),
(9733, 703, 146, 0, 0, 0, ''),
(9734, 703, 169, 0, 0, 1, 'lado esquerdo - 3 quinas'),
(9735, 703, 152, 0, 0, 1, 'logo'),
(9736, 703, 128, 0, 0, 1, 'superior - site'),
(9737, 703, 186, 0, 0, 2, 'bandeiras'),
(9743, 604, 155, 0, 0, 1, 'LOGO lado esquerdo'),
(9744, 604, 179, 0, 0, 0, ''),
(9745, 704, 100, 0, 0, 0, ''),
(9746, 704, 106, 0, 0, 0, ''),
(9747, 704, 207, 0, 0, 0, ''),
(9748, 704, 91, 0, 0, 0, ''),
(9749, 704, 169, 0, 0, 1, 'peito esquerdo'),
(9750, 704, 152, 0, 0, 1, ''),
(9751, 705, 100, 0, 0, 0, ''),
(9752, 705, 105, 0, 0, 0, ''),
(9753, 705, 170, 0, 0, 0, ''),
(9754, 705, 91, 0, 0, 0, ''),
(9755, 705, 169, 0, 0, 1, 'peito lado esquerdo'),
(9756, 705, 152, 0, 0, 1, ''),
(9812, 706, 148, 0, 0, 1, '(Azul Royal)'),
(9811, 706, 149, 0, 0, 1, '(Azul Royal)'),
(9810, 706, 169, 0, 0, 1, 'peito esquerdo cinza ( metade do bolso sobrepõe a pala Azul Royal )'),
(9809, 706, 91, 0, 0, 0, ''),
(9808, 706, 207, 0, 0, 0, '5 cm (Azul Royal ) c/ 1 botão'),
(9807, 706, 106, 0, 0, 0, ''),
(9806, 706, 102, 0, 0, 0, 'azul royal'),
(9850, 707, 152, 0, 0, 1, 'logo'),
(9849, 707, 148, 0, 0, 0, 'VERDE - prega macho abaixo da pala'),
(9848, 707, 169, 0, 0, 1, 'frente - com 3 cantos'),
(9847, 707, 91, 0, 0, 0, ''),
(9845, 707, 105, 0, 0, 0, ''),
(9846, 707, 170, 0, 0, 0, 'por fora verde'),
(9844, 707, 100, 0, 0, 0, ' - pé da gola verde por dentro'),
(9777, 708, 100, 0, 0, 0, 'o pé do colarinho é verde a parte de dentro'),
(9778, 708, 106, 0, 0, 0, ''),
(9779, 708, 207, 0, 0, 0, 'com 2 pregas - com 2 botões - com a parte de dentro verde'),
(9780, 708, 91, 0, 0, 0, ''),
(9781, 708, 169, 0, 0, 1, 'esquerdo - 3 cantos'),
(9782, 708, 128, 0, 0, 1, 'na pala verde - com e-mail (www.aquatecsub.com.br)'),
(9783, 708, 152, 0, 0, 1, 'logo'),
(9784, 708, 186, 0, 0, 2, '	direita bandeiras de minas e do brasil / esquerda bandeiras'),
(9785, 709, 192, 0, 0, 0, 'em "V" na cor verde'),
(9786, 709, 105, 0, 0, 0, ''),
(9787, 709, 145, 0, 0, 0, 'verde'),
(9788, 709, 92, 0, 0, 0, ''),
(9789, 709, 115, 0, 0, 1, 'lado esquerdo - logo'),
(9790, 709, 186, 0, 0, 2, 'direita bandeira minas e brasil / esquerda bandeira'),
(9798, 687, 169, 0, 0, 2, 'frente'),
(9799, 687, 169, 0, 0, 2, 'atras com zíper'),
(9800, 687, 115, 0, 0, 1, 'LADO ESQUERDO'),
(9801, 687, 186, 0, 0, 1, 'DIREITA E ESQUERDA'),
(9802, 687, 128, 0, 0, 1, ''),
(9803, 687, 115, 0, 0, 1, 'acima do bolso - lado esquerdo'),
(9804, 687, 159, 0, 0, 0, 'E NOS OMBRO 20 CM E NA PERNA - NA COR CINZA 2,5CM'),
(9805, 687, 161, 0, 0, 0, 'batata da perna'),
(9813, 706, 87, 0, 0, 1, 'logo'),
(9814, 706, 180, 0, 0, 0, 'NAS COSTAS'),
(9815, 706, 160, 0, 0, 1, 'faixa de 5 cm dupla cinza e laranja '),
(9816, 706, 159, 0, 0, 1, 'faixa de 5 cm dupla cinza e laranja '),
(9839, 710, 146, 0, 0, 0, 'AZUL COM DUAS LISTRAS AZUIS NA BERADA'),
(9838, 710, 105, 0, 0, 0, ''),
(9837, 710, 97, 0, 0, 0, 'COM PATY BRANCO - duas listras azuis na berada da gola - com botões'),
(9824, 711, 192, 0, 0, 0, 'em "V" na cor azul'),
(9825, 711, 105, 0, 0, 0, ''),
(9826, 711, 145, 0, 0, 0, 'azul'),
(9827, 711, 92, 0, 0, 0, ''),
(9828, 711, 115, 0, 0, 1, ' lado esquerdo - logo'),
(9829, 711, 186, 0, 0, 2, 'direita bandeira minas e brasil / esquerda bandeira'),
(9835, 690, 128, 0, 0, 1, 'AQUATEC'),
(9836, 690, 186, 0, 0, 1, '	DIREITA - BANDEIRA MERGULHO'),
(9840, 710, 169, 0, 0, 1, 'lado esquerdo - 3 quinas'),
(9841, 710, 186, 0, 0, 2, 'bandeiras'),
(9842, 710, 128, 0, 0, 1, 'superior - site'),
(9843, 710, 152, 0, 0, 0, 'LOGO'),
(9851, 707, 186, 0, 0, 2, 'direita bandeiras brasil e minas/ esquerda outras bandeiras'),
(9852, 707, 128, 0, 0, 1, 'site (www.aquatecsub.com.br)'),
(9870, 712, 131, 0, 0, 1, 'abaixo do bolso, logo e telefone'),
(9869, 712, 169, 0, 0, 4, '2 frente 2costas'),
(9868, 712, 195, 0, 0, 0, ''),
(9867, 712, 86, 0, 0, 0, 'vista falsa'),
(9858, 713, 102, 0, 0, 0, ''),
(9859, 713, 106, 0, 0, 0, ''),
(9860, 713, 170, 0, 0, 0, ''),
(9861, 713, 91, 0, 0, 0, ''),
(9862, 713, 169, 0, 0, 1, 'lado esquerdo'),
(9863, 713, 87, 0, 0, 1, 'logo e telefone'),
(9864, 713, 129, 0, 0, 1, 'superior - logo e telefone'),
(9865, 713, 159, 0, 0, 0, '5cm verde e cinza'),
(9866, 713, 160, 0, 0, 0, 'abaixo do bolso - 5cm verde e cinza'),
(9871, 712, 161, 0, 0, 0, '5cm cinza com verde - abaixo do bolso'),
(9882, 639, 129, 0, 0, 1, 'sai habit e entra quartzo, sai construtora e entra incorporações'),
(9884, 714, 86, 0, NULL, 0, ''),
(9885, 714, 169, 0, NULL, 2, 'frente'),
(9886, 714, 169, 0, NULL, 2, 'atras '),
(9887, 714, 109, 0, NULL, 1, ''),
(9888, 714, 110, 0, NULL, 1, ''),
(9889, 714, 156, 0, NULL, 1, ' direita (logo) abaixo do bolso'),
(9890, 714, 161, 0, NULL, 1, 'na altura do joelho ( faixa de 5 cm dupla cinza e laranja )'),
(9891, 715, 160, 0, NULL, 1, 'faixa de 5 cm dupla cinza e laranja '),
(9892, 715, 155, 0, NULL, 1, 'superior esquerdo (logo)'),
(9893, 715, 159, 0, NULL, 1, 'faixa de 5 cm dupla cinza e laranja '),
(9894, 715, 129, 0, NULL, 1, 'superior logo'),
(9895, 715, 92, 0, NULL, 0, ''),
(9896, 715, 146, 0, NULL, 0, ''),
(9897, 715, 106, 0, NULL, 0, ''),
(9898, 715, 99, 0, NULL, 0, ''),
(9899, 716, 169, 0, NULL, 4, '2 FRENTE 2 COSTAS'),
(9900, 716, 194, 0, NULL, 2, 'GANCHO, VISTA, LATERAL E SEM PALA'),
(9901, 716, 156, 0, NULL, 1, 'FRENTR -DIREITA - LOGO ABAIXO DO BOLSO 2CM - DIMENSÕES 5x20CM - DE FORA PARA DENTRO'),
(9902, 716, 86, 0, NULL, 0, ''),
(9903, 717, 105, 0, NULL, 0, ''),
(9904, 717, 92, 0, NULL, 0, ''),
(9905, 717, 131, 0, NULL, 1, 'ESQUERDO - 3x10CM'),
(9906, 717, 129, 0, NULL, 1, '12CM ABAIXO DA GOLA 0 8x28CM'),
(9907, 717, 96, 0, NULL, 0, 'AREDONDADA'),
(9908, 718, 86, 0, NULL, 0, ''),
(9909, 718, 169, 0, NULL, 4, '2 FRENTE 2 COSTAS'),
(9910, 718, 194, 0, NULL, 2, 'GANCHO, VISTA, LATERAL E SEM PALA'),
(9911, 718, 156, 0, NULL, 1, ' -DIREITA -FRENTE- 2 CM  ABAIXO DO BOLSO -LOGOMARCA-DIMENSÕES 5x20CM -NA VERTICAL DE FORA PARA DENTRO'),
(9912, 719, 105, 0, NULL, 0, ''),
(9913, 719, 92, 0, NULL, 0, ''),
(9914, 719, 131, 0, NULL, 1, 'ESQUERDO - 3x10CM'),
(9915, 719, 129, 0, NULL, 1, '12CM ABAIXO DA GOLA 0 8x28CM'),
(9916, 719, 193, 0, NULL, 0, ''),
(9917, 720, 100, 0, NULL, 0, ' c/ 3 botões'),
(9918, 720, 91, 0, NULL, 0, ''),
(9919, 720, 169, 0, NULL, 1, 'peito esquerdo '),
(9920, 720, 152, 0, NULL, 1, '(logo)'),
(9921, 720, 105, 0, NULL, 0, ''),
(9922, 720, 125, 0, NULL, 0, ''),
(9923, 721, 90, 0, NULL, 0, ''),
(9924, 721, 221, 0, NULL, 0, ''),
(9925, 721, 169, 0, NULL, 2, 'FRENTE'),
(9926, 721, 169, 0, NULL, 2, 'ATRAS'),
(9927, 721, 87, 0, NULL, 1, 'TRASEIRO LADO DIREITO(LOGOMARCA)'),
(9928, 721, 156, 0, NULL, 1, 'DIREITA (ESCRITO DE CIMA PARA BAIXO)'),
(9929, 721, 179, 0, NULL, 0, 'NAO TEM FAIXA'),
(9930, 722, 96, 0, NULL, 0, 'AREDONDADA'),
(9931, 722, 105, 0, NULL, 0, ''),
(9932, 722, 92, 0, NULL, 0, ''),
(9933, 722, 131, 0, NULL, 1, 'ESQUERDO - 3x10CM'),
(9934, 722, 129, 0, NULL, 1, '12CM ABAIXO DA GOLA 0 8x28CM'),
(9935, 723, 86, 0, NULL, 0, ''),
(9936, 723, 169, 0, NULL, 2, 'ATRAS'),
(9937, 723, 168, 0, NULL, 2, 'FRENTE'),
(9938, 723, 180, 0, NULL, 0, ''),
(9939, 724, 97, 0, NULL, 0, ''),
(9940, 724, 105, 0, NULL, 0, ''),
(9941, 724, 171, 0, NULL, 0, ''),
(9942, 724, 155, 0, NULL, 0, ''),
(9943, 725, 105, 0, NULL, 0, ''),
(9944, 725, 193, 0, NULL, 0, ''),
(9945, 725, 87, 0, NULL, 1, 'COLOCAR TELEFONE JUNTO COM A LOGOMARCA(3348-6300)'),
(9946, 725, 169, 0, NULL, 1, ''),
(9947, 725, 129, 0, NULL, 0, 'COLOCAR TELEFONE JUNTO COM A LOGOMARCA (3348-6300'),
(9948, 726, 86, 0, NULL, 0, ''),
(9949, 726, 169, 0, NULL, 2, 'ATRAS'),
(9950, 726, 168, 0, NULL, 2, 'FRENTE'),
(9951, 726, 156, 0, NULL, 0, 'ESQUERDA'),
(9952, 726, 179, 0, NULL, 0, ''),
(9953, 727, 193, 0, NULL, 0, ''),
(9954, 727, 105, 0, NULL, 0, ''),
(9955, 727, 131, 0, NULL, 1, ''),
(9956, 727, 129, 0, NULL, 1, ''),
(9957, 728, 193, 0, NULL, 0, ''),
(9958, 728, 106, 0, NULL, 0, ''),
(9959, 728, 145, 0, NULL, 0, ''),
(9960, 728, 171, 0, NULL, 0, ''),
(9961, 728, 155, 0, NULL, 1, ''),
(9962, 728, 129, 0, NULL, 1, ''),
(9963, 729, 86, 0, NULL, 0, ''),
(9964, 729, 169, 0, NULL, 2, 'ATRAS'),
(9965, 729, 168, 0, NULL, 2, 'FRENTE'),
(9966, 729, 156, 0, NULL, 0, 'ESQUERDA'),
(9967, 729, 179, 0, NULL, 0, ''),
(9968, 730, 193, 0, NULL, 0, ''),
(9969, 730, 105, 0, NULL, 0, ''),
(9970, 730, 131, 0, NULL, 1, ''),
(9971, 730, 129, 0, NULL, 1, ''),
(9972, 731, 86, 0, NULL, 0, ''),
(9973, 731, 169, 0, NULL, 2, 'ATRAS'),
(9974, 731, 168, 0, NULL, 2, 'FRENTE'),
(9975, 731, 156, 0, NULL, 0, 'ESQUERDA'),
(9976, 731, 179, 0, NULL, 0, ''),
(9977, 732, 86, 0, NULL, 0, ''),
(9978, 732, 169, 0, NULL, 2, 'ATRAS'),
(9979, 732, 168, 0, NULL, 2, 'FRENTE'),
(9980, 732, 179, 0, NULL, 0, ''),
(9981, 732, 156, 0, NULL, 0, '??????????'),
(9982, 733, 193, 0, NULL, 0, ''),
(9983, 733, 105, 0, NULL, 0, ''),
(9984, 733, 131, 0, NULL, 1, '??????'),
(9985, 733, 129, 0, NULL, 1, '????????'),
(9986, 734, 86, 0, NULL, 0, ''),
(9987, 734, 169, 0, NULL, 2, 'ATRAS'),
(9988, 734, 168, 0, NULL, 2, 'FRENTE'),
(9989, 734, 156, 0, NULL, 0, 'ESQUERDA'),
(9990, 734, 179, 0, NULL, 0, ''),
(9991, 735, 193, 0, NULL, 0, ''),
(9992, 735, 105, 0, NULL, 0, ''),
(9993, 735, 131, 0, NULL, 1, ''),
(9994, 735, 129, 0, NULL, 1, ''),
(9995, 736, 156, 0, NULL, 1, ' direita (logo) abaixo do bolso'),
(9996, 736, 109, 0, NULL, 1, ''),
(9997, 736, 110, 0, NULL, 1, ''),
(9998, 736, 169, 0, NULL, 2, 'frente '),
(9999, 736, 86, 0, NULL, 0, ''),
(10000, 736, 169, 0, NULL, 2, 'atras '),
(10001, 736, 161, 0, NULL, 1, 'na altura do joelho ( faixa de 5 cm dupla cinza e laranja )'),
(10002, 737, 149, 0, NULL, 1, 'Azul Royal'),
(10003, 737, 169, 0, NULL, 1, 'peito esquerdo cinza ( metade do bolso sobrepõe a pala Azul Royal )'),
(10004, 737, 91, 0, NULL, 0, ''),
(10005, 737, 207, 0, NULL, 0, '5 cm (Azul Royal ) c/ 1 botão'),
(10006, 737, 106, 0, NULL, 0, ''),
(10007, 737, 102, 0, NULL, 0, 'Azul Royal'),
(10008, 737, 148, 0, NULL, 1, 'Azul Royal'),
(10009, 737, 129, 0, NULL, 1, 'logo (só na pala azul royal)'),
(10010, 737, 87, 0, NULL, 1, 'logo'),
(10011, 737, 159, 0, NULL, 1, 'faixa 5 cm dupla cina e laranja'),
(10012, 737, 160, 0, NULL, 1, 'faixa 5 cm dupla cinza e laranja'),
(10013, 738, 156, 0, NULL, 1, 'direita (logo) abaixo do bolso'),
(10014, 738, 109, 0, NULL, 1, ''),
(10015, 738, 110, 0, NULL, 1, ''),
(10016, 738, 169, 0, NULL, 2, 'frente '),
(10017, 738, 86, 0, NULL, 0, ''),
(10018, 738, 169, 0, NULL, 2, 'atras '),
(10019, 738, 161, 0, NULL, 1, 'na altura do joelho ( faixa de 5 cm dupla cinza e verde )'),
(10020, 739, 160, 0, NULL, 1, 'faixa de 5cm dupla cinza e laranja'),
(10021, 739, 129, 0, NULL, 0, '"NÃO TEM"'),
(10022, 739, 155, 0, NULL, 1, 'logo'),
(10023, 739, 92, 0, NULL, 0, ''),
(10024, 739, 146, 0, NULL, 0, ''),
(10025, 739, 106, 0, NULL, 0, ''),
(10026, 739, 99, 0, NULL, 0, ''),
(10027, 739, 159, 0, NULL, 1, 'faixa 5cm dupla cinza e laranja'),
(10028, 740, 166, 0, NULL, 0, ''),
(10029, 741, 86, 0, NULL, 0, ''),
(10030, 741, 169, 0, NULL, 2, 'frente'),
(10031, 741, 169, 0, NULL, 2, 'atras '),
(10032, 741, 109, 0, NULL, 1, ''),
(10033, 741, 110, 0, NULL, 1, ''),
(10034, 741, 156, 0, NULL, 1, ' direita (logo) abaixo do bolso'),
(10035, 741, 161, 0, NULL, 1, 'na altura do joelho ( faixa de 5 cm dupla cinza e laranja )'),
(10036, 742, 160, 0, NULL, 1, 'faixa de 5 cm dupla cinza e laranja '),
(10037, 742, 155, 0, NULL, 1, 'superior esquerdo (logo)'),
(10038, 742, 159, 0, NULL, 1, 'faixa de 5 cm dupla cinza e laranja '),
(10039, 742, 129, 0, NULL, 1, 'superior logo'),
(10040, 742, 92, 0, NULL, 0, ''),
(10041, 742, 146, 0, NULL, 0, ''),
(10042, 742, 106, 0, NULL, 0, ''),
(10043, 742, 99, 0, NULL, 0, ''),
(10044, 743, 166, 0, NULL, 0, ''),
(10045, 744, 109, 0, NULL, 1, ''),
(10046, 744, 110, 0, NULL, 1, ''),
(10047, 744, 156, 0, NULL, 1, ' direita (logo) abaixo do bolso'),
(10048, 744, 161, 0, NULL, 1, 'na altura do joelho ( faixa de 5 cm dupla cinza e laranja )'),
(10049, 744, 169, 0, NULL, 2, 'atras '),
(10050, 744, 169, 0, NULL, 2, 'frente'),
(10051, 744, 86, 0, NULL, 0, ''),
(10052, 745, 160, 0, NULL, 1, 'faixa de 5 cm dupla cinza e laranja '),
(10053, 745, 129, 0, NULL, 0, '"NAO TEM"'),
(10054, 745, 87, 0, NULL, 1, '(logo) '),
(10055, 745, 148, 0, NULL, 1, '(Azul Royal)'),
(10056, 745, 149, 0, NULL, 1, '(Azul Royal)'),
(10057, 745, 169, 0, NULL, 1, 'peito esquerdo cinza ( metade do bolso sobrepõe a pala Azul Royal )'),
(10058, 745, 91, 0, NULL, 0, ''),
(10059, 745, 207, 0, NULL, 0, '5 cm (Azul Royal ) c/ 1 botão'),
(10060, 745, 106, 0, NULL, 0, ''),
(10061, 745, 102, 0, NULL, 0, ' Azul Royal'),
(10062, 745, 159, 0, NULL, 1, 'faixa de 5 cm dupla cinza e laranja '),
(10063, 746, 109, 0, NULL, 1, ''),
(10064, 746, 110, 0, NULL, 1, ''),
(10065, 746, 169, 0, NULL, 2, 'frente '),
(10066, 746, 169, 0, NULL, 2, 'atras '),
(10067, 746, 86, 0, NULL, 0, ''),
(10068, 746, 156, 0, NULL, 1, 'direita (logo) abaixo do bolso'),
(10069, 746, 179, 0, NULL, 0, ''),
(10070, 747, 148, 0, NULL, 1, 'Azul Royal'),
(10071, 747, 91, 0, NULL, 0, ''),
(10072, 747, 169, 0, NULL, 1, 'peito esquerdo cinza ( metade do bolso sobrepõe a pala Azul Royal )'),
(10073, 747, 207, 0, NULL, 0, ' 5 cm (Azul Royal ) c/ 1 botão'),
(10074, 747, 106, 0, NULL, 0, ''),
(10075, 747, 102, 0, NULL, 0, 'Azul Royal'),
(10076, 747, 149, 0, NULL, 1, 'Azul Royal'),
(10077, 747, 87, 0, NULL, 1, 'logo'),
(10078, 747, 129, 0, NULL, 1, 'logo (só na pala azul royal)'),
(10079, 747, 179, 0, NULL, 0, ''),
(10080, 748, 166, 0, NULL, 0, ''),
(10081, 749, 156, 0, NULL, 1, 'direita (logo) abaixo do bolso'),
(10082, 749, 109, 0, NULL, 1, ''),
(10083, 749, 110, 0, NULL, 1, ''),
(10084, 749, 169, 0, NULL, 2, 'frente '),
(10085, 749, 86, 0, NULL, 0, ''),
(10086, 749, 169, 0, NULL, 2, 'atras '),
(10087, 749, 161, 0, NULL, 1, 'na altura do joelho ( faixa de 5 cm dupla cinza e laranja )'),
(10088, 750, 169, 0, NULL, 1, 'peito esquerdo'),
(10089, 750, 91, 0, NULL, 0, ''),
(10090, 750, 170, 0, NULL, 0, ''),
(10091, 750, 105, 0, NULL, 0, ''),
(10092, 750, 100, 0, NULL, 0, ''),
(10093, 750, 152, 0, NULL, 1, 'logo'),
(10094, 751, 169, 0, NULL, 1, 'peito esquerdo'),
(10287, 751, 100, 0, NULL, 0, ''),
(10096, 751, 125, 0, NULL, 0, ''),
(10097, 751, 106, 0, NULL, 0, ''),
(10286, 751, 91, 0, NULL, 0, ''),
(10099, 751, 152, 0, NULL, 1, 'logo'),
(10100, 752, 100, 0, NULL, 0, ''),
(10101, 752, 105, 0, NULL, 0, ''),
(10102, 752, 91, 0, NULL, 0, ''),
(10103, 752, 170, 0, NULL, 0, ''),
(10104, 752, 169, 0, NULL, 1, 'peito esquerdo'),
(10105, 752, 152, 0, NULL, 1, 'LOGO'),
(10106, 753, 129, 0, NULL, 1, 'superior (logo)'),
(10107, 753, 92, 0, NULL, 0, ''),
(10108, 753, 146, 0, NULL, 0, ''),
(10109, 753, 106, 0, NULL, 0, ''),
(10110, 753, 99, 0, NULL, 0, ''),
(10111, 753, 155, 0, NULL, 1, 'superior esquerdo logo'),
(10112, 753, 160, 0, NULL, 1, 'faixa de 5 cm dupla cinza e laranja '),
(10113, 753, 159, 0, NULL, 1, 'faixa de 5 cm dupla cinza e laranja '),
(10114, 753, 106, 0, NULL, 0, ''),
(10115, 754, 156, 0, NULL, 1, ' direita (logo) abaixo do bolso'),
(10116, 754, 109, 0, NULL, 1, ''),
(10117, 754, 110, 0, NULL, 1, ''),
(10118, 754, 169, 0, NULL, 2, 'frente '),
(10119, 754, 86, 0, NULL, 0, ''),
(10120, 754, 169, 0, NULL, 2, 'atras '),
(10121, 754, 161, 0, NULL, 1, 'na altura do joelho ( faixa de 5 cm dupla cinza e laranja )'),
(10123, 755, 169, 0, NULL, 1, 'peito esquerdo cinza ( metade do bolso sobrepõe a pala Azul Royal )'),
(10275, 755, 91, 0, NULL, 0, ''),
(10126, 755, 106, 0, NULL, 0, ''),
(10127, 755, 102, 0, NULL, 0, 'Azul Royal'),
(10285, 755, 247, 3, NULL, 0, '5 cm (Azul Royal ) c/ 1 botão'),
(10129, 755, 129, 0, NULL, 1, 'logo (só na pala azul royal)'),
(10130, 755, 87, 0, NULL, 1, 'logo'),
(10131, 755, 159, 0, NULL, 1, 'faixa 5 cm dupla cina e laranja'),
(10132, 755, 160, 0, NULL, 1, 'faixa 5 cm dupla cinza e laranja'),
(10133, 756, 97, 0, NULL, 0, ''),
(10134, 756, 105, 0, NULL, 0, ''),
(10135, 756, 171, 0, NULL, 0, ''),
(10136, 756, 155, 0, NULL, 0, ''),
(10137, 757, 193, 0, NULL, 0, ''),
(10138, 757, 105, 0, NULL, 0, ''),
(10139, 757, 169, 0, NULL, 1, ''),
(10176, 757, 87, 0, NULL, 1, ''),
(10141, 757, 129, 0, NULL, 1, ''),
(10142, 758, 156, 0, NULL, 1, 'direita (logo) abaixo do bolso'),
(10143, 758, 109, 0, NULL, 1, ''),
(10144, 758, 110, 0, NULL, 1, ''),
(10145, 758, 169, 0, NULL, 2, 'frente '),
(10146, 758, 86, 0, NULL, 0, ''),
(10147, 758, 169, 0, NULL, 2, 'atras '),
(10148, 758, 161, 0, NULL, 1, 'na altura do joelho ( faixa de 5 cm dupla cinza e verde )'),
(10149, 759, 161, 0, NULL, 1, 'na altura do joelho ( faixa de 5 cm dupla cinza e laranja )'),
(10150, 759, 156, 0, NULL, 1, 'direita (logo) abaixo do bolso'),
(10151, 759, 110, 0, NULL, 1, ''),
(10152, 759, 109, 0, NULL, 1, ''),
(10153, 759, 169, 0, NULL, 2, 'atras '),
(10154, 759, 86, 0, NULL, 0, ''),
(10155, 759, 169, 0, NULL, 2, 'frente '),
(10156, 760, 149, 0, NULL, 1, 'Azul Royal'),
(10157, 760, 148, 0, NULL, 1, 'Azul Royal'),
(10158, 760, 169, 0, NULL, 1, ' peito esquerdo cinza ( metade do bolso sobrepõe a pala Azul Royal )'),
(10159, 760, 91, 0, NULL, 0, ''),
(10160, 760, 207, 0, NULL, 0, ' 5 cm (Azul Royal ) c/ 1 botão'),
(10161, 760, 106, 0, NULL, 0, ''),
(10162, 760, 102, 0, NULL, 0, 'Azul Royal'),
(10163, 760, 87, 0, NULL, 1, '(logo) '),
(10164, 760, 129, 0, NULL, 0, '"NÃO TEM"'),
(10165, 760, 160, 0, NULL, 1, 'faixa de 5 cm dupla cinza e laranja '),
(10166, 760, 159, 0, NULL, 1, 'faixa de 5 cm dupla cinza e laranja '),
(10167, 761, 160, 0, NULL, 1, 'faixa de 5cm dupla cinza e laranja'),
(10168, 761, 129, 0, NULL, 0, '"NÃO TEM"'),
(10169, 761, 155, 0, NULL, 1, 'logo'),
(10170, 761, 92, 0, NULL, 0, ''),
(10171, 761, 146, 0, NULL, 0, ''),
(10172, 761, 106, 0, NULL, 0, ''),
(10173, 761, 99, 0, NULL, 0, ''),
(10174, 761, 159, 0, NULL, 1, 'faixa 5cm dupla cinza e laranja'),
(10175, 763, 166, 0, NULL, 0, ''),
(10177, 764, 193, 0, NULL, 0, ''),
(10178, 764, 105, 0, NULL, 0, ''),
(10179, 764, 155, 0, NULL, 1, ''),
(10180, 764, 129, 0, NULL, 1, ''),
(10181, 765, 86, 0, NULL, 0, ''),
(10182, 765, 169, 0, NULL, 2, ''),
(10183, 765, 169, 0, NULL, 2, 'ATRAS'),
(10184, 765, 156, 0, NULL, 1, 'ESQUERA'),
(10185, 765, 179, 0, NULL, 0, ''),
(10186, 766, 170, 0, NULL, 0, ''),
(10187, 766, 193, 0, NULL, 0, 'PUNHO LARANJA'),
(10188, 766, 92, 0, NULL, 0, ''),
(10189, 766, 155, 0, NULL, 0, 'ESQUERDO'),
(10190, 766, 129, 0, NULL, 0, 'GRANDE'),
(10191, 766, 106, 0, NULL, 0, ''),
(10192, 767, 86, 0, NULL, 0, ''),
(10193, 767, 169, 0, NULL, 4, ''),
(10194, 767, 180, 0, NULL, 0, ''),
(10195, 768, 86, 0, NULL, 0, ''),
(10196, 768, 169, 0, NULL, 4, ''),
(10197, 768, 180, 0, NULL, 0, ''),
(10198, 768, 179, 0, NULL, 0, ''),
(10199, 769, 86, 0, NULL, 0, ''),
(10200, 769, 169, 0, NULL, 4, ''),
(10201, 769, 180, 0, NULL, 0, ''),
(10202, 769, 179, 0, NULL, 0, ''),
(10203, 770, 105, 0, NULL, 0, ''),
(10204, 770, 92, 0, NULL, 0, ''),
(10205, 770, 131, 0, NULL, 1, 'ESQUERDO - 3x10CM'),
(10206, 770, 129, 0, NULL, 1, '12CM ABAIXO DA GOLA 0 8x28CM'),
(10207, 770, 193, 0, NULL, 0, ''),
(10208, 771, 86, 0, NULL, 0, ''),
(10209, 771, 169, 0, NULL, 4, '2 FRENTE 2 COSTAS'),
(10210, 771, 194, 0, NULL, 2, 'GANCHO, VISTA, LATERAL E SEM PALA'),
(10211, 771, 156, 0, NULL, 1, ' -DIREITA -FRENTE- 2 CM  ABAIXO DO BOLSO -LOGOMARCA-DIMENSÕES 5x20CM -NA VERTICAL DE FORA PARA DENTRO'),
(10236, 772, 228, 0, NULL, 0, ''),
(10213, 772, 160, 2, NULL, 0, ''),
(10214, 773, 86, 0, NULL, 0, ''),
(10215, 774, 86, 0, NULL, 0, ''),
(10216, 774, 169, 0, NULL, 2, 'FRENTE'),
(10217, 774, 169, 0, NULL, 2, 'TRASEIRO'),
(10218, 775, 96, 0, NULL, 0, 'em "v"'),
(10219, 775, 106, 0, NULL, 0, ''),
(10220, 775, 146, 0, NULL, 0, ''),
(10221, 775, 155, 0, NULL, 0, '*a olhar'),
(10222, 775, 160, 0, NULL, 1, 'peito'),
(10223, 775, 159, 0, NULL, 2, ''),
(10224, 776, 86, 0, NULL, 0, 'frente falsa'),
(10225, 776, 169, 0, NULL, 4, '2 frentes 2 costas'),
(10226, 776, 219, 0, NULL, 0, 'no joelho e gavião'),
(10238, 776, 156, 0, NULL, 0, 'vertical de cima para baixo,terraço escrito primeiro'),
(10228, 776, 161, 0, NULL, 0, ''),
(10229, 777, 106, 0, NULL, 0, ''),
(10235, 778, 90, 0, NULL, 0, ''),
(10231, 777, 126, 0, NULL, 0, ''),
(10232, 777, 91, 0, NULL, 0, ''),
(10234, 778, 161, 0, NULL, 0, ''),
(10273, 772, 144, 158, NULL, 0, ''),
(10239, 779, 86, 0, NULL, 0, 'frente falsa'),
(10240, 779, 169, 0, NULL, 4, '2 frentes 2 costas'),
(10241, 779, 219, 0, NULL, 0, 'no joelho e gavião'),
(10242, 779, 131, 0, NULL, 0, 'ainda em aberto'),
(10243, 779, 161, 0, NULL, 0, ''),
(10244, 780, 100, 0, NULL, 0, ''),
(10245, 780, 105, 0, NULL, 0, ''),
(10246, 780, 170, 0, NULL, 0, ''),
(10247, 780, 91, 0, NULL, 0, ''),
(10248, 780, 169, 0, NULL, 1, 'peito'),
(10249, 780, 152, 0, NULL, 0, ''),
(10250, 781, 96, 0, NULL, 0, 'em "v"'),
(10251, 781, 106, 0, NULL, 0, ''),
(10383, 781, 159, 0, NULL, 2, ''),
(10382, 781, 160, 0, NULL, 1, 'peito'),
(10381, 781, 145, 0, NULL, 0, ''),
(10255, 781, 129, 0, NULL, 0, 'TERRAÇO COMSA'),
(10256, 781, 155, 0, NULL, 0, 'TERRAÇO COMSA'),
(10258, 782, 169, 0, NULL, 4, '2 frentes 2 costas'),
(10259, 782, 219, 0, NULL, 0, 'no joelho e gavião'),
(10384, 782, 86, 0, NULL, 0, 'frente falsa'),
(10261, 782, 156, 0, NULL, 0, 'VERTICAL DE CIMA PARA BAIXO TERRAÇO ESCRITO PRIMEIRO'),
(10262, 785, 170, 0, NULL, 0, ''),
(10269, 785, 155, 0, NULL, 0, 'ESQUERDO'),
(10268, 785, 193, 0, NULL, 0, 'PUNHO LARANJA'),
(10270, 785, 129, 0, NULL, 0, 'GRANDE'),
(10271, 785, 92, 0, NULL, 0, ''),
(10272, 785, 106, 0, NULL, 0, ''),
(10277, 755, 149, 3, NULL, 1, 'Azul Royal'),
(10278, 786, 105, 0, NULL, 0, ''),
(10279, 786, 170, 0, NULL, 0, ''),
(10284, 786, 99, 0, NULL, 0, ''),
(10281, 786, 129, 0, NULL, 1, ''),
(10282, 786, 155, 0, NULL, 1, 'superior esquerdo '),
(10283, 786, 92, 0, NULL, 0, ''),
(10288, 788, 109, 0, NULL, 1, ''),
(10289, 788, 110, 0, NULL, 1, ''),
(10290, 788, 86, 0, NULL, 0, ''),
(10291, 788, 169, 0, NULL, 2, 'frente'),
(10292, 788, 169, 0, NULL, 2, 'atres'),
(10293, 788, 156, 0, NULL, 1, 'direita (logo) abaixo do bolso'),
(10367, 788, 161, 0, NULL, 1, 'na altura do joelho (faixa de 5 cm dupla cinza e laranja)'),
(10296, 789, 106, 0, NULL, 0, 'cinza'),
(10365, 789, 102, 3, NULL, 0, 'Azul Royal'),
(10298, 789, 91, 0, NULL, 0, ''),
(10299, 789, 169, 0, NULL, 1, 'peito esquerdo cinza ( metade do bolso sobrepoe a pala azul royal)'),
(10364, 789, 207, 3, NULL, 0, '5 cm (azul royal) c/1 botao'),
(10302, 789, 129, 0, NULL, 1, 'logo (so na pala azul royal)'),
(10303, 789, 87, 0, NULL, 1, 'logo'),
(10363, 789, 148, 3, NULL, 1, 'Azul Royal'),
(10362, 789, 149, 3, NULL, 1, 'azul royal'),
(10306, 790, 96, 0, NULL, 0, ''),
(10307, 790, 105, 0, NULL, 0, ''),
(10308, 790, 92, 0, NULL, 0, ''),
(10309, 790, 131, 0, NULL, 1, 'esquerdo 3x10cm'),
(10310, 790, 129, 0, NULL, 1, '12 cm abaixo da gola 8x28 cm'),
(10311, 791, 96, 0, NULL, 0, ''),
(10312, 791, 105, 0, NULL, 0, ''),
(10313, 791, 170, 0, NULL, 0, ''),
(10314, 791, 92, 0, NULL, 0, ''),
(10315, 791, 155, 0, NULL, 1, 'ESQUERDO ( SILK AZUL E CINZA ESCURO)'),
(10316, 791, 129, 0, NULL, 1, 'SILK AZUL E CINZA ESCURO'),
(10317, 792, 96, 0, NULL, 0, ''),
(10318, 792, 105, 0, NULL, 0, ''),
(10319, 792, 170, 0, NULL, 0, ''),
(10320, 792, 92, 0, NULL, 0, ''),
(10321, 792, 155, 0, NULL, 1, 'ESQUERDO (SILK BRANCO E CINZA)'),
(10322, 792, 129, 0, NULL, 1, '(SILK BRANCO E CINZA)'),
(10323, 793, 86, 0, NULL, 0, ''),
(10324, 793, 185, 0, NULL, 0, ''),
(10325, 793, 169, 0, NULL, 2, 'FRENTE'),
(10326, 793, 169, 0, NULL, 2, 'ATRAS'),
(10327, 793, 110, 0, NULL, 0, ''),
(10328, 793, 109, 0, NULL, 0, ''),
(10329, 793, 87, 0, NULL, 1, 'FRENTE ( LADO ESQUERDO)'),
(10330, 793, 87, 0, NULL, 1, 'TRASEIRO (LADO DIREITO)'),
(10331, 794, 100, 0, NULL, 0, ''),
(10332, 794, 106, 0, NULL, 0, ''),
(10333, 794, 125, 0, NULL, 0, ''),
(10334, 794, 91, 0, NULL, 0, ''),
(10335, 794, 169, 0, NULL, 1, 'PEITO ESQUERDO'),
(10336, 794, 152, 0, NULL, 1, ''),
(10337, 795, 156, 0, NULL, 1, 'DIREITA VERTICAL ( ESCRITO DE CIMA PARA BAIXO )'),
(10338, 795, 110, 0, NULL, 1, ''),
(10339, 795, 109, 0, NULL, 1, ''),
(10340, 795, 169, 0, NULL, 2, 'ATRAS '),
(10341, 795, 169, 0, NULL, 2, 'FRENTE '),
(10388, 795, 161, 0, NULL, 1, '2.5 cm CINZA'),
(10387, 795, 86, 0, NULL, 0, ''),
(10344, 796, 106, 0, NULL, 0, ''),
(10345, 796, 125, 0, NULL, 0, ''),
(10346, 796, 100, 0, NULL, 0, ''),
(10347, 796, 91, 0, NULL, 0, ''),
(10348, 796, 169, 0, NULL, 1, 'PEITO ESQUERDO '),
(10349, 796, 152, 0, NULL, 1, ''),
(10350, 797, 155, 0, NULL, 1, 'superior esquerdo '),
(10351, 797, 129, 0, NULL, 1, 'SUPERIOR '),
(10352, 797, 92, 0, NULL, 0, ''),
(10353, 797, 96, 0, NULL, 0, ''),
(10390, 797, 159, 0, NULL, 1, '2.5 cm CINZA'),
(10356, 797, 106, 0, NULL, 0, ''),
(10389, 797, 145, 0, NULL, 0, ''),
(10366, 789, 160, 0, NULL, 1, 'faixa 5 cm dupla cinza e laranja'),
(10368, 798, 99, 0, NULL, 0, ''),
(10369, 798, 105, 0, NULL, 0, ''),
(10370, 798, 170, 0, NULL, 0, ''),
(10371, 798, 92, 0, NULL, 0, ''),
(10372, 798, 169, 0, NULL, 1, 'LADO ESQUERDO'),
(10373, 798, 87, 0, NULL, 1, ''),
(10374, 798, 129, 0, NULL, 1, ''),
(10375, 799, 86, 0, NULL, 0, ''),
(10376, 799, 169, 0, NULL, 3, '2 FRENTE, 1 TRASEIRO'),
(10377, 799, 87, 0, NULL, 1, 'FRENTE LADO ESQUERDO'),
(10378, 800, 86, 0, NULL, 0, ''),
(10379, 801, 197, 0, NULL, 0, ''),
(10380, 801, 131, 0, NULL, 0, ''),
(10385, 782, 161, 0, NULL, 0, ''),
(10391, 797, 160, 0, NULL, 1, '2.5 cm CINZA'),
(10392, 802, 180, 0, NULL, 0, ''),
(10393, 802, 169, 0, NULL, 2, 'atras '),
(10394, 802, 169, 0, NULL, 2, 'frente'),
(10395, 802, 179, 0, NULL, 0, ''),
(10396, 802, 86, 0, NULL, 0, ''),
(10397, 803, 180, 0, NULL, 0, ''),
(10398, 803, 169, 0, NULL, 2, 'atras '),
(10399, 803, 169, 0, NULL, 2, 'frente'),
(10400, 803, 179, 0, NULL, 0, ''),
(10401, 803, 86, 0, NULL, 0, ''),
(10402, 804, 169, 0, NULL, 1, 'peito esquerdo '),
(10403, 804, 102, 0, NULL, 0, ''),
(10404, 804, 180, 0, NULL, 0, ''),
(10405, 804, 179, 0, NULL, 0, ''),
(10406, 804, 91, 0, NULL, 0, ''),
(10407, 804, 106, 0, NULL, 0, ''),
(10408, 804, 125, 0, NULL, 0, ''),
(10409, 805, 169, 0, NULL, 1, 'peito esquerdo '),
(10410, 805, 102, 0, NULL, 0, ''),
(10411, 805, 106, 0, NULL, 0, ''),
(10412, 805, 180, 0, NULL, 0, ''),
(10413, 805, 179, 0, NULL, 0, ''),
(10414, 805, 91, 0, NULL, 0, ''),
(10415, 805, 125, 0, NULL, 0, ''),
(10416, 806, 169, 0, NULL, 2, 'frente '),
(10417, 806, 169, 0, NULL, 2, 'atras '),
(10418, 806, 180, 0, NULL, 0, ''),
(10419, 806, 161, 0, NULL, 1, '10cm cinza e verde (na altura do joelho )'),
(10420, 806, 161, 0, NULL, 1, '10cm cinza e verde (na altura do tornozelo )'),
(10421, 806, 86, 0, NULL, 0, ''),
(10422, 807, 129, 0, NULL, 1, 'superior ( a serviço via 040 e logo urbtopo )'),
(10423, 807, 87, 0, NULL, 1, ' (logo)'),
(10424, 807, 169, 0, NULL, 1, ' peito esquerdo '),
(10425, 807, 170, 0, NULL, 0, ''),
(10426, 807, 106, 0, NULL, 0, ''),
(10427, 807, 160, 0, NULL, 1, '10cm cinza e verde'),
(10428, 807, 159, 0, NULL, 1, '10cm cinza e verde'),
(10429, 807, 92, 0, NULL, 0, ''),
(10430, 807, 199, 0, NULL, 0, 'c/ 1 botão'),
(10431, 807, 102, 0, NULL, 0, ''),
(10432, 808, 179, 0, NULL, 0, ''),
(10433, 808, 129, 0, NULL, 0, 'LOGO GRANDE'),
(10434, 808, 155, 0, NULL, 0, 'ESQUERDO (logo pequena)'),
(10435, 808, 92, 0, NULL, 0, ''),
(10436, 808, 105, 0, NULL, 0, ''),
(10437, 808, 99, 0, NULL, 0, 'LARANJA'),
(10438, 809, 86, 0, NULL, 0, ''),
(10439, 810, 160, 0, NULL, 1, 'laranja e cinza - 5CM ACIMA DA BARRA'),
(10440, 810, 159, 0, NULL, 2, ' - 5CM LARANJA COM CINZA  - DA GOLA ATÉ O MEIO ENCONTRANDO COM A OUTRA FAIXA'),
(10441, 810, 129, 0, NULL, 1, '(LOGO)'),
(10442, 810, 87, 0, NULL, 1, '(LOGO)'),
(10443, 810, 169, 0, NULL, 1, 'NO LADO ESQUERDO'),
(10444, 810, 170, 0, NULL, 0, ''),
(10445, 810, 106, 0, NULL, 0, ''),
(10446, 810, 159, 0, NULL, 2, '- 5CM LARANJA COM CINZA'),
(10447, 810, 91, 0, NULL, 0, ''),
(10448, 810, 102, 0, NULL, 0, ''),
(10449, 811, 106, 0, NULL, 0, ''),
(10450, 811, 125, 0, NULL, 0, ''),
(10451, 811, 91, 0, NULL, 0, ''),
(10452, 811, 169, 0, NULL, 1, 'PEITO ESQUERDO'),
(10453, 811, 152, 0, NULL, 1, ''),
(10454, 811, 100, 0, NULL, 0, ''),
(10455, 812, 106, 0, NULL, 0, ''),
(10456, 812, 169, 0, NULL, 1, 'PEITO ESQUERDO '),
(10457, 812, 152, 0, NULL, 1, ''),
(10458, 812, 100, 0, NULL, 0, ''),
(10459, 812, 125, 0, NULL, 0, ''),
(10460, 812, 91, 0, NULL, 0, ''),
(10461, 815, 156, 0, NULL, 1, 'direita (logo) abaixo do bolso'),
(10462, 815, 109, 0, NULL, 1, ''),
(10463, 815, 110, 0, NULL, 1, ''),
(10464, 815, 169, 0, NULL, 2, 'frente '),
(10465, 815, 86, 0, NULL, 0, ''),
(10466, 815, 169, 0, NULL, 2, 'atras '),
(10467, 815, 161, 0, NULL, 1, 'na altura do joelho ( faixa de 5 cm dupla cinza e verde )'),
(10468, 816, 161, 0, NULL, 1, 'na altura do joelho ( faixa de 5 cm dupla cinza e laranja )'),
(10469, 816, 156, 0, NULL, 1, 'direita (logo) abaixo do bolso'),
(10470, 816, 109, 0, NULL, 1, ''),
(10471, 816, 169, 0, NULL, 2, 'atras '),
(10472, 816, 169, 0, NULL, 2, 'frente '),
(10473, 816, 86, 0, NULL, 0, ''),
(10474, 816, 110, 0, NULL, 1, ''),
(10475, 817, 148, 0, NULL, 1, 'Azul Royal'),
(10476, 817, 169, 0, NULL, 1, ' peito esquerdo cinza ( metade do bolso sobrepõe a pala Azul Royal )'),
(10477, 817, 91, 0, NULL, 0, ''),
(10478, 817, 106, 0, NULL, 0, ''),
(10479, 817, 102, 0, NULL, 0, 'Azul Royal'),
(10480, 817, 87, 0, NULL, 1, '(logo) '),
(10481, 817, 129, 0, NULL, 0, '"NÃO TEM"'),
(10482, 817, 160, 0, NULL, 1, 'faixa de 5 cm dupla cinza e laranja '),
(10483, 817, 159, 0, NULL, 1, 'faixa de 5 cm dupla cinza e laranja '),
(10484, 817, 149, 3, NULL, 1, 'Azul Royal'),
(10485, 817, 149, 0, NULL, 0, '5 cm (Azul Royal ) c/ 1 botão'),
(10486, 818, 166, 0, NULL, 0, ''),
(10487, 819, 160, 0, NULL, 1, 'faixa de 5cm dupla cinza e laranja'),
(10488, 819, 129, 0, NULL, 0, '"NÃO TEM"'),
(10489, 819, 155, 0, NULL, 1, 'logo'),
(10490, 819, 92, 0, NULL, 0, ''),
(10491, 819, 106, 0, NULL, 0, ''),
(10492, 819, 159, 0, NULL, 1, 'faixa 5cm dupla cinza e laranja'),
(10493, 819, 146, 0, NULL, 0, ''),
(10494, 819, 99, 0, NULL, 0, ''),
(10495, 820, 169, 0, NULL, 2, 'frente'),
(10496, 820, 169, 0, NULL, 2, 'atras '),
(10497, 820, 109, 0, NULL, 1, ''),
(10498, 820, 110, 0, NULL, 1, ''),
(10499, 820, 156, 0, NULL, 1, ' direita (logo) abaixo do bolso'),
(10500, 820, 161, 0, NULL, 1, 'na altura do joelho ( faixa de 5 cm dupla cinza e laranja )'),
(10501, 820, 86, 0, NULL, 0, ''),
(10502, 821, 160, 0, NULL, 1, 'faixa de 5 cm dupla cinza e laranja '),
(10503, 821, 155, 0, NULL, 1, 'superior esquerdo (logo)'),
(10504, 821, 159, 0, NULL, 1, 'faixa de 5 cm dupla cinza e laranja '),
(10505, 821, 129, 0, NULL, 1, 'superior logo'),
(10506, 821, 92, 0, NULL, 0, ''),
(10507, 821, 106, 0, NULL, 0, ''),
(10508, 821, 99, 0, NULL, 0, ''),
(10509, 821, 146, 0, NULL, 0, ''),
(10510, 822, 166, 0, NULL, 0, ''),
(10511, 823, 106, 0, NULL, 0, 'cinza'),
(10512, 823, 169, 0, NULL, 1, 'peito esquerdo cinza ( metade do bolso sobrepoe a pala azul royal)'),
(10513, 823, 207, 3, NULL, 0, '5 cm (azul royal) c/1 botao'),
(10514, 823, 129, 0, NULL, 1, 'logo (so na pala azul royal)'),
(10515, 823, 87, 0, NULL, 1, 'logo'),
(10516, 823, 148, 3, NULL, 1, 'Azul Royal'),
(10517, 823, 149, 3, NULL, 1, 'azul royal'),
(10518, 823, 160, 0, NULL, 1, 'faixa 5 cm dupla cinza e laranja'),
(10519, 823, 102, 3, NULL, 0, 'Azul Royal'),
(10520, 823, 91, 0, NULL, 0, ''),
(10521, 824, 109, 0, NULL, 1, ''),
(10522, 824, 110, 0, NULL, 1, ''),
(10523, 824, 86, 0, NULL, 0, ''),
(10524, 824, 169, 0, NULL, 2, 'frente'),
(10525, 824, 169, 0, NULL, 2, 'atres'),
(10526, 824, 156, 0, NULL, 1, 'direita (logo) abaixo do bolso'),
(10527, 824, 161, 0, NULL, 1, 'na altura do joelho (faixa de 5 cm dupla cinza e laranja)'),
(10528, 825, 166, 0, NULL, 0, ''),
(10529, 826, 109, 0, NULL, 1, ''),
(10530, 826, 110, 0, NULL, 1, ''),
(10531, 826, 156, 0, NULL, 1, ' direita (logo) abaixo do bolso'),
(10532, 826, 169, 0, NULL, 2, 'atras '),
(10533, 826, 169, 0, NULL, 2, 'frente'),
(10534, 826, 86, 0, NULL, 0, ''),
(10535, 826, 161, 0, NULL, 1, 'na altura do joelho ( faixa de 5 cm dupla cinza e laranja )'),
(10536, 827, 129, 0, NULL, 0, '"NAO TEM"'),
(10537, 827, 87, 0, NULL, 1, '(logo) '),
(10538, 827, 148, 0, NULL, 1, '(Azul Royal)'),
(10539, 827, 149, 0, NULL, 1, '(Azul Royal)'),
(10540, 827, 169, 0, NULL, 1, 'peito esquerdo cinza ( metade do bolso sobrepõe a pala Azul Royal )'),
(10541, 827, 106, 0, NULL, 0, ''),
(10542, 827, 160, 0, NULL, 1, 'faixa de 5 cm dupla cinza e laranja'),
(10543, 827, 91, 0, NULL, 0, ''),
(10544, 827, 102, 3, NULL, 0, 'Azul Royal'),
(10545, 827, 207, 3, NULL, 0, '5 cm (Azul Royal ) c/ 1 botão'),
(10546, 827, 159, 0, NULL, 1, 'faixa de 5 cm dupla cinza e laranja'),
(10547, 828, 156, 0, NULL, 1, 'direita (logo) abaixo do bolso'),
(10548, 828, 109, 0, NULL, 1, ''),
(10549, 828, 110, 0, NULL, 1, ''),
(10550, 828, 169, 0, NULL, 2, 'frente '),
(10551, 828, 169, 0, NULL, 2, 'atras '),
(10552, 828, 86, 0, NULL, 0, ''),
(10553, 828, 161, 0, NULL, 1, 'na altura do joelho ( faixa de 5 cm dupla cinza e laranja )'),
(10554, 829, 169, 0, NULL, 1, 'peito esquerdo'),
(10555, 829, 100, 0, NULL, 0, ''),
(10556, 829, 125, 0, NULL, 0, ''),
(10557, 829, 91, 0, NULL, 0, ''),
(10558, 829, 152, 0, NULL, 1, 'logo'),
(10559, 829, 105, 0, NULL, 0, ''),
(10560, 830, 99, 0, NULL, 0, ''),
(10561, 830, 106, 0, NULL, 0, ''),
(10562, 830, 146, 0, NULL, 0, ''),
(10563, 830, 92, 0, NULL, 0, ''),
(10564, 830, 155, 0, NULL, 1, 'SUPERIOR ESQUERDO (LOGO)'),
(10565, 830, 129, 0, NULL, 1, 'SUPERIOR LOGO'),
(10566, 830, 160, 0, NULL, 1, 'faixa de 5 cm dupla cinza e laranja'),
(10567, 830, 159, 0, NULL, 1, 'faixa de 5 cm dupla cinza e laranja'),
(10568, 831, 109, 0, NULL, 1, ''),
(10569, 831, 110, 0, NULL, 1, ''),
(10570, 831, 169, 0, NULL, 2, 'frente '),
(10571, 831, 169, 0, NULL, 2, 'atras '),
(10572, 831, 156, 0, NULL, 1, 'direita (logo) abaixo do bolso'),
(10573, 831, 179, 0, NULL, 0, ''),
(10574, 831, 86, 0, NULL, 0, ''),
(10575, 832, 148, 0, NULL, 1, 'Azul Royal'),
(10576, 832, 169, 0, NULL, 1, 'peito esquerdo cinza ( metade do bolso sobrepõe a pala Azul Royal )'),
(10577, 832, 207, 0, NULL, 0, ' 5 cm (Azul Royal ) c/ 1 botão'),
(10578, 832, 106, 0, NULL, 0, ''),
(10579, 832, 149, 0, NULL, 1, 'Azul Royal'),
(10580, 832, 87, 0, NULL, 1, 'logo'),
(10581, 832, 129, 0, NULL, 1, 'logo (só na pala azul royal)'),
(10582, 832, 179, 0, NULL, 0, ''),
(10583, 832, 91, 0, NULL, 0, ''),
(10584, 832, 102, 3, NULL, 0, 'Azul Royal'),
(10585, 833, 166, 0, NULL, 0, ''),
(10765, 834, 96, 0, NULL, 0, ''),
(10587, 834, 105, 0, NULL, 0, ''),
(10588, 834, 92, 0, NULL, 0, ''),
(10589, 834, 155, 0, NULL, 1, 'ESQUERDO'),
(10590, 834, 129, 0, NULL, 1, ''),
(10591, 835, 97, 0, NULL, 0, '2 BOTAO'),
(10592, 835, 105, 0, NULL, 0, ''),
(10593, 835, 169, 0, NULL, 1, ''),
(10594, 835, 152, 0, NULL, 1, ''),
(10595, 836, 96, 0, NULL, 0, 'em "v"'),
(10596, 836, 106, 0, NULL, 0, ''),
(10597, 836, 159, 0, NULL, 2, ''),
(10598, 836, 160, 0, NULL, 1, 'peito'),
(10599, 836, 145, 0, NULL, 0, ''),
(10600, 836, 129, 0, NULL, 0, ''),
(10601, 836, 155, 0, NULL, 0, ''),
(10602, 837, 169, 0, NULL, 4, '2 frentes 2 costas'),
(10603, 837, 219, 0, NULL, 0, 'no joelho e gavião'),
(10604, 837, 86, 0, NULL, 0, 'frente falsa'),
(10605, 837, 161, 0, NULL, 0, ''),
(10606, 837, 156, 0, NULL, 0, ''),
(10607, 838, 183, 0, NULL, 2, '	- FACA FRENTE - (FORRADO COM POLIÉSTER PRETO)'),
(10608, 838, 183, 0, NULL, 2, '- COM BOTÃO ATRÁS - FORRADO COM POLIÉSTER PRETO'),
(10609, 838, 219, 0, NULL, 1, 'cos e bolso - poliéster preto'),
(10610, 838, 184, 0, NULL, 1, '- 4 PREGAS - FRENTE (2 CADA LADO) - FORRADO COM POLIÉSTER PRETO'),
(10611, 838, 90, 0, NULL, 1, '1 botão'),
(10612, 839, 160, 0, NULL, 1, 'faixa de 5 cm dupla cinza e laranja '),
(10613, 839, 155, 0, NULL, 1, 'superior esquerdo (logo)'),
(10614, 839, 129, 0, NULL, 1, 'superior logo'),
(10615, 839, 92, 0, NULL, 0, ''),
(10616, 839, 106, 0, NULL, 0, ''),
(10617, 839, 146, 0, NULL, 0, ''),
(10618, 839, 99, 0, NULL, 0, ''),
(10619, 839, 159, 0, NULL, 1, 'faixa de 5 cm dupla cinza e laranja'),
(10620, 840, 102, 0, NULL, 0, 'AZUL ROYAL'),
(10621, 840, 106, 0, NULL, 0, ''),
(10622, 840, 91, 0, NULL, 0, ''),
(10623, 840, 207, 0, NULL, 0, '5 cm (AZUL ROYAL)C 1botao'),
(10624, 840, 169, 0, NULL, 1, 'peito esquerdo cinza ( metade do bolso sobrepoe a pala Azul Royal)'),
(10625, 840, 149, 0, NULL, 1, 'Azul Royal'),
(10626, 840, 148, 0, NULL, 0, 'azul royal'),
(10627, 840, 87, 0, NULL, 1, '(logo)'),
(10628, 840, 129, 0, NULL, 1, ''),
(10629, 840, 160, 0, NULL, 1, 'faixa de 5 cm dupla cinza e laranja'),
(10630, 840, 159, 0, NULL, 1, 'faixa de 5 cm dupla cinza e laranja'),
(10631, 841, 99, 0, NULL, 0, ''),
(10632, 841, 106, 0, NULL, 0, ''),
(10633, 841, 146, 0, NULL, 0, ''),
(10634, 841, 92, 0, NULL, 0, ''),
(10635, 841, 155, 0, NULL, 1, 'Superior esquerdo (logo)'),
(10636, 841, 129, 0, NULL, 1, 'superior logo'),
(10637, 841, 160, 0, NULL, 1, 'faixa de 5 cm dupla cinza e laranja'),
(10638, 841, 159, 0, NULL, 1, 'faixa de 5 cm dupla cinza e laranja'),
(10639, 842, 169, 0, NULL, 1, 'PEITO ESQUERDO '),
(10640, 842, 152, 0, NULL, 1, ''),
(10641, 842, 106, 0, NULL, 0, ''),
(10642, 842, 100, 0, NULL, 0, ''),
(10643, 842, 125, 0, NULL, 0, ''),
(10644, 842, 91, 0, NULL, 0, ''),
(10645, 843, 100, 0, NULL, 0, ''),
(10646, 843, 105, 0, NULL, 0, ''),
(10647, 843, 170, 0, NULL, 0, ''),
(10648, 843, 91, 0, NULL, 0, ''),
(10649, 843, 169, 0, NULL, 1, ''),
(10650, 843, 152, 0, NULL, 1, ''),
(10651, 844, 199, 0, NULL, 0, 'VELCRO ( 2 QUADRADINHO DE 0,02 CM CADA'),
(10652, 844, 97, 0, NULL, 0, ''),
(10653, 844, 105, 0, NULL, 0, ''),
(10654, 844, 171, 0, NULL, 0, ''),
(10655, 844, 170, 0, NULL, 0, ''),
(10656, 844, 155, 0, NULL, 1, 'LOGO ETAL'),
(10657, 845, 199, 0, NULL, 0, 'VELCRO ( 2 QUADRADINHO DE 0,02 CM CADA'),
(10658, 845, 97, 0, NULL, 0, ''),
(10659, 845, 105, 0, NULL, 0, ''),
(10660, 845, 170, 0, NULL, 0, ''),
(10661, 845, 171, 0, NULL, 0, ''),
(10662, 845, 155, 0, NULL, 1, 'LOGO ETAL'),
(10663, 846, 96, 0, NULL, 0, 'em "v"'),
(10664, 846, 106, 0, NULL, 0, ''),
(10665, 846, 146, 0, NULL, 0, ''),
(10666, 846, 155, 0, NULL, 0, '*a olhar'),
(10667, 846, 160, 0, NULL, 1, 'peito'),
(10668, 846, 159, 0, NULL, 2, ''),
(10669, 847, 169, 0, NULL, 4, '2 frentes 2 costas'),
(10670, 847, 219, 0, NULL, 0, 'no joelho e gavião'),
(10671, 847, 86, 0, NULL, 0, ''),
(10672, 847, 131, 0, NULL, 0, ' '),
(10673, 847, 161, 0, NULL, 0, ''),
(10674, 848, 86, 0, NULL, 0, 'ZIPER COM PRESILHA'),
(10675, 848, 206, 0, NULL, 0, ''),
(10676, 848, 169, 0, NULL, 2, 'FRENTE'),
(10677, 848, 169, 0, NULL, 2, 'ATRAS'),
(10678, 848, 148, 0, NULL, 0, ''),
(10679, 848, 131, 0, NULL, 1, 'NA VERTICAL ABAIXO DO BOLSO ESQUERDO'),
(10680, 849, 129, 0, NULL, 1, 'COM SITE DA FRIVASA'),
(10681, 849, 97, 0, NULL, 0, ''),
(10682, 849, 105, 0, NULL, 0, ''),
(10683, 849, 169, 0, NULL, 1, ''),
(10684, 849, 87, 0, NULL, 1, ''),
(10685, 850, 229, 0, NULL, 0, ''),
(10686, 850, 105, 0, NULL, 0, ''),
(10687, 850, 155, 0, NULL, 1, ''),
(10688, 850, 129, 0, NULL, 1, ''),
(10689, 851, 105, 0, NULL, 0, ''),
(10690, 851, 91, 0, NULL, 0, ''),
(10691, 851, 87, 0, NULL, 1, ''),
(10692, 851, 129, 0, NULL, 1, ''),
(10693, 852, 105, 0, NULL, 0, ''),
(10694, 852, 92, 0, NULL, 0, ''),
(10695, 852, 131, 0, NULL, 1, 'ESQUERDO - 3x10CM'),
(10696, 852, 129, 0, NULL, 1, '12CM ABAIXO DA GOLA 0 8x28CM'),
(10697, 852, 193, 0, NULL, 0, ''),
(10698, 854, 156, 0, NULL, 1, 'DIREITO ABAIXO DO BOLSO'),
(10699, 855, 169, 0, NULL, 4, '2 frentes 2 costas'),
(10700, 855, 219, 0, NULL, 0, 'no joelho e gavião'),
(10701, 855, 86, 0, NULL, 0, ''),
(10702, 855, 131, 0, NULL, 0, ' '),
(10703, 855, 161, 0, NULL, 0, ''),
(10704, 856, 169, 0, NULL, 2, 'frentev');
INSERT INTO `sv_itens_produto_has_pedidos` (`id`, `produto_has_pedidos_id`, `materia_prima_id`, `tecido_id`, `id_grupo_mat_prima`, `quantidade`, `obs`) VALUES
(10705, 856, 169, 0, NULL, 2, 'atras '),
(10706, 856, 109, 0, NULL, 1, ''),
(10707, 856, 110, 0, NULL, 1, ''),
(10708, 856, 156, 0, NULL, 1, 'direita (logo) abaixo do bolso'),
(10709, 856, 161, 0, NULL, 1, 'na altura do joelho ( faixa de 5 cm dupla cinza e laranja )'),
(10710, 856, 86, 0, NULL, 0, ''),
(10711, 857, 106, 0, NULL, 0, ''),
(10712, 857, 102, 0, NULL, 0, ' Azul Royal'),
(10713, 857, 169, 0, NULL, 1, ' Azul Royal'),
(10714, 857, 148, 0, NULL, 1, ' Azul Royal'),
(10715, 857, 149, 0, NULL, 1, ' Azul Royal'),
(10716, 857, 87, 0, NULL, 1, ' (logo)'),
(10717, 857, 129, 0, NULL, 1, 'logo ( só na pala Azul Royal ) '),
(10718, 857, 159, 0, NULL, 1, 'faixa de 5 cm dupla cinza e laranja '),
(10719, 857, 207, 0, NULL, 0, '5 cm (Azul Royal ) c/ 1 botão'),
(10720, 857, 91, 0, NULL, 0, ''),
(10721, 857, 160, 0, NULL, 1, 'faixa de 5 cm dupla cinza e laranja'),
(10722, 858, 86, 0, NULL, 0, ''),
(10723, 858, 206, 0, NULL, 0, 'ZIPER'),
(10724, 858, 169, 0, NULL, 2, 'FRENTE'),
(10725, 858, 169, 0, NULL, 2, 'TRASEIRO'),
(10726, 858, 156, 0, NULL, 1, 'SILK SALA DE MAQUINAS , ABAIXO DO BOLSO'),
(10727, 859, 86, 0, NULL, 0, ''),
(10728, 859, 206, 0, NULL, 0, 'ZIPER'),
(10729, 859, 169, 0, NULL, 2, 'FRENTE'),
(10730, 859, 169, 0, NULL, 2, 'TRASEIRO'),
(10731, 859, 180, 0, NULL, 0, 'NAO TEM SILK'),
(10732, 860, 86, 0, NULL, 0, ''),
(10733, 860, 171, 0, NULL, 0, ''),
(10734, 860, 156, 0, NULL, 1, 'NA ALTURA DO BOLSO LOGOTIPO E BAIXO O NUMERO 03/16 CONFORME A FOTO (DATA)'),
(10735, 861, 129, 0, NULL, 1, ''),
(10736, 861, 155, 0, NULL, 0, ''),
(10737, 861, 229, 0, NULL, 0, ''),
(10738, 861, 105, 0, NULL, 0, ''),
(10739, 862, 96, 0, NULL, 0, 'em "v"'),
(10740, 862, 106, 0, NULL, 0, ''),
(10741, 862, 146, 0, NULL, 0, ''),
(10742, 862, 160, 0, NULL, 1, 'peito'),
(10743, 862, 159, 0, NULL, 2, ''),
(10744, 862, 155, 0, NULL, 0, ''),
(10745, 863, 169, 0, NULL, 4, '2 frentes 2 costas'),
(10746, 863, 219, 0, NULL, 0, 'no joelho e gavião'),
(10747, 863, 86, 0, NULL, 0, ''),
(10748, 863, 131, 0, NULL, 0, ' '),
(10749, 863, 161, 0, NULL, 0, ''),
(10750, 864, 97, 0, NULL, 0, ''),
(10751, 864, 199, 0, NULL, 0, ''),
(10752, 864, 105, 0, NULL, 0, ''),
(10753, 864, 169, 0, NULL, 1, 'LADO ESQUERDO'),
(10754, 864, 87, 0, NULL, 1, 'SILK FRIVASA MOTORISTA'),
(10755, 865, 96, 0, NULL, 0, ''),
(10756, 865, 105, 0, NULL, 0, ''),
(10757, 865, 155, 0, NULL, 1, 'esquerdo brasao'),
(10758, 866, 86, 0, NULL, 0, ''),
(10759, 866, 169, 0, NULL, 2, 'sobrepostos na frente'),
(10760, 866, 169, 0, NULL, 2, ''),
(10761, 867, 86, 0, NULL, 0, ''),
(10762, 867, 169, 0, NULL, 2, 'SOBREPOSTO NA FRENTE, PESPONTADO COM ABERTURA SEMICIRCULAR '),
(10763, 867, 169, 0, NULL, 2, 'ATRAS'),
(10764, 868, 155, 0, NULL, 1, 'ESQUERDO ,O BRASAO DO MUNICIPIO, COM ESCRITA  ( PREFEITURA MUNICIPAL DE MONTE MOR'),
(10766, 869, 169, 0, NULL, 1, 'peito esquerdo '),
(10767, 869, 152, 0, NULL, 1, '(logo)'),
(10768, 869, 106, 0, NULL, 0, ''),
(10769, 869, 100, 0, NULL, 0, 'c/ 3 botões'),
(10770, 869, 125, 0, NULL, 0, ''),
(10771, 869, 91, 0, NULL, 0, ''),
(10772, 870, 169, 0, NULL, 2, 'FRENTE'),
(10773, 870, 169, 0, NULL, 2, 'ATRAS'),
(10774, 870, 87, 0, NULL, 1, 'TRASEIRO LADO DIREITO(LOGOMARCA)'),
(10775, 870, 156, 0, NULL, 1, 'DIREITA (ESCRITO DE CIMA PARA BAIXO)'),
(10776, 870, 179, 0, NULL, 0, 'NAO TEM FAIXA'),
(10777, 870, 90, 0, NULL, 0, ''),
(10778, 870, 221, 0, NULL, 0, ''),
(10779, 871, 91, 0, NULL, 0, ''),
(10780, 871, 169, 0, NULL, 1, ''),
(10781, 871, 102, 0, NULL, 0, ''),
(10782, 871, 207, 0, NULL, 0, '6 CM COM 1 BOTAO'),
(10783, 871, 87, 0, NULL, 1, ''),
(10784, 871, 129, 0, NULL, 1, ''),
(10785, 871, 179, 0, NULL, 0, ''),
(10786, 872, 96, 0, NULL, 0, 'em "v"'),
(10787, 872, 106, 0, NULL, 0, ''),
(10788, 872, 146, 0, NULL, 0, ''),
(10789, 872, 160, 0, NULL, 1, 'peito'),
(10790, 872, 159, 0, NULL, 2, ''),
(10791, 872, 155, 0, NULL, 0, ''),
(10792, 873, 169, 0, NULL, 4, '2 frentes 2 costas'),
(10803, 873, 109, 0, NULL, 0, 'no joelho e gavião'),
(10794, 873, 86, 0, NULL, 0, ''),
(10795, 873, 131, 0, NULL, 0, ' '),
(10796, 873, 161, 0, NULL, 0, ''),
(10797, 874, 100, 0, NULL, 0, ''),
(10798, 874, 170, 0, NULL, 0, ''),
(10799, 874, 91, 0, NULL, 0, ''),
(10800, 874, 169, 0, NULL, 1, ''),
(10801, 874, 152, 0, NULL, 1, ''),
(10802, 874, 106, 0, NULL, 0, ''),
(10804, 875, 169, 0, NULL, 4, '2 frentes 2 costas'),
(10805, 875, 86, 0, NULL, 0, ''),
(10806, 875, 131, 0, NULL, 0, ' '),
(10807, 875, 161, 0, NULL, 0, ''),
(10808, 875, 109, 0, NULL, 0, 'no joelho e gavião'),
(10809, 875, 110, 0, NULL, 0, '');

-- --------------------------------------------------------

--
-- Estrutura da tabela `sv_materia_prima`
--

CREATE TABLE IF NOT EXISTS `sv_materia_prima` (
  `id` int(11) NOT NULL,
  `descricao` varchar(45) NOT NULL,
  `tipo` int(11) NOT NULL,
  `unidade` varchar(2) NOT NULL,
  `data_cadastro` date NOT NULL,
  `ativo` int(11) NOT NULL,
  `qtde_retira` decimal(8,2) DEFAULT NULL,
  `qtde_retira_mat_prima` decimal(8,2) DEFAULT NULL,
  `categoria` int(11) DEFAULT NULL,
  `id_aviamento` int(11) DEFAULT NULL
) ENGINE=MyISAM AUTO_INCREMENT=248 DEFAULT CHARSET=latin1;

--
-- Extraindo dados da tabela `sv_materia_prima`
--

INSERT INTO `sv_materia_prima` (`id`, `descricao`, `tipo`, `unidade`, `data_cadastro`, `ativo`, `qtde_retira`, `qtde_retira_mat_prima`, `categoria`, `id_aviamento`) VALUES
(86, 'ELÁSTICO C/ CORDÃO', 1, 'MT', '2016-01-07', 1, '0.00', '0.80', 23, 132),
(87, 'BOLSO', 2, 'UN', '2014-05-14', 1, '0.00', '0.00', 32, 132),
(88, 'BOTÃO 24', 3, 'MT', '2014-05-13', 1, '0.00', '0.00', 3, NULL),
(89, 'ELÁSTICO C/ CORDÃO', 3, 'MT', '2014-05-13', 1, '0.00', '0.00', 3, NULL),
(90, 'ZIPER', 1, 'UN', '2016-01-20', 1, '0.05', '1.00', 23, 132),
(91, 'BOTÃO', 1, 'UN', '2016-01-21', 1, '0.00', '5.00', 23, 132),
(92, 'LISO', 1, 'MT', '2016-01-07', 1, '0.00', '0.00', 23, 132),
(93, 'FRENTE', 1, 'MT', '2016-01-07', 0, '0.00', '0.00', 24, 132),
(94, 'COSTAS', 1, 'MT', '2016-01-07', 0, '0.00', '0.00', 24, 132),
(95, ' ', 1, 'MT', '2014-05-14', 0, '0.05', '0.00', 27, 132),
(96, ' V VIÉS', 1, 'MT', '2016-01-07', 0, '0.00', '0.00', 27, 132),
(97, 'POLO', 1, 'UN', '2016-01-07', 1, '0.00', '1.00', 27, 132),
(99, 'REDONDA RIBANA', 1, 'MT', '2016-01-21', 1, '0.00', '0.02', 27, 132),
(100, 'COLARINHO', 1, 'UN', '2016-01-20', 1, '0.10', '1.00', 27, 132),
(101, 'PADRE', 1, 'MT', '2016-01-20', 1, '0.05', '0.00', 27, 132),
(102, 'COMUM (S/PÉ)', 1, 'MT', '2016-01-20', 1, '0.10', '0.00', 27, 132),
(103, 'MANGAS', 1, 'MT', '2014-05-14', 0, '0.10', '0.01', 28, 132),
(104, 'PERNAS', 1, 'MT', '2014-05-14', 0, '0.10', '0.01', 28, 132),
(105, 'CURTA', 1, 'MT', '2016-01-20', 1, '0.30', '0.00', 25, 132),
(106, 'LONGA', 1, 'MT', '2016-01-21', 1, '0.70', '0.00', 25, 132),
(109, 'GAVIÃO', 1, 'MT', '2014-05-14', 1, '0.05', '0.00', 33, 132),
(110, 'JOELHO', 1, 'MT', '2014-05-14', 1, '0.05', '0.00', 33, 132),
(115, 'PEITO', 2, 'MT', '2014-05-14', 1, '0.00', '0.00', 31, 132),
(117, 'PALA', 2, 'MT', '2014-05-14', 1, '0.10', '0.00', 30, 132),
(120, 'LINHA RETA', 3, 'MT', '2014-05-14', 1, '0.00', '0.00', 3, NULL),
(121, 'LINHA OVERLOCK', 3, 'MT', '2014-05-14', 1, '0.00', '0.00', 3, NULL),
(122, 'ENTRETELA', 3, 'MT', '2014-05-14', 1, '0.00', '0.00', 3, NULL),
(124, 'CORPO', 1, 'MT', '2014-05-15', 0, '0.01', '0.01', 28, 132),
(125, 'BOTÃO', 1, 'UN', '2016-01-26', 0, '0.05', '2.00', 26, 132),
(126, 'ELÁSTICO', 1, 'MT', '2016-01-26', 1, '0.05', '0.40', 26, 132),
(127, 'FORRO MANGA LONGA', 1, 'MT', '2016-01-20', 1, '0.70', '0.00', 33, 132),
(128, 'COSTAS', 2, 'MT', '2014-05-15', 1, '0.00', '0.00', 31, 132),
(129, 'COSTAS', 2, 'MT', '2014-05-15', 1, '0.00', '0.00', 32, 132),
(130, 'OMBRO', 2, 'MT', '2014-05-15', 1, '0.10', '0.00', 30, 132),
(131, 'FRENTE', 2, 'MT', '2014-05-15', 1, '0.00', '0.00', 32, 132),
(132, 'BOTÃO 18', 3, 'MT', '2014-05-15', 1, '0.00', '0.00', 3, NULL),
(133, 'ZIPER 15 CM', 3, 'MT', '2014-05-15', 1, '0.00', '0.00', 3, NULL),
(134, 'FAIXA REFLETIVA 2,5 cm', 3, 'MT', '2014-05-15', 1, '0.00', '0.00', 3, NULL),
(135, 'RIBANA LARGA', 3, 'MT', '2014-05-15', 1, '0.00', '0.00', 3, NULL),
(136, 'FORRO', 3, 'MT', '2014-05-15', 1, '0.00', '0.00', 3, NULL),
(137, 'COLARINHO', 3, 'MT', '2014-05-15', 1, '0.00', '0.00', 3, NULL),
(138, 'GOLA POLO', 3, 'MT', '2014-05-15', 1, '0.00', '0.00', 3, NULL),
(139, 'RIBANA ESTREITA', 3, 'MT', '2014-05-15', 1, '0.00', '0.00', 3, NULL),
(140, 'ELÁSTICO', 3, 'MT', '2014-05-15', 1, '0.00', '0.00', 3, NULL),
(141, 'CORDÃO', 3, 'MT', '2014-05-15', 1, '0.00', '0.00', 3, NULL),
(142, 'PRESILHA', 3, 'MT', '2014-05-15', 1, '0.00', '0.00', 3, NULL),
(143, 'V VIÉS', 1, 'MT', '2016-01-07', 1, '0.00', '0.00', 27, 132),
(144, '3/4', 1, 'MT', '2016-01-21', 1, '0.30', '0.00', 25, 132),
(145, 'RIBANA', 1, 'MT', '2016-01-26', 1, '0.00', '0.02', 26, 132),
(146, 'RIBANA LARGA', 1, 'MT', '2016-01-26', 0, '0.00', '0.02', 26, 132),
(147, 'COTOVELO', 1, 'MT', '2014-08-13', 1, '0.01', '0.01', 33, 132),
(148, 'PALA COSTAS', 1, 'MT', '2014-08-13', 1, '0.30', '0.00', 29, 132),
(149, 'PALA FRENTE', 1, 'MT', '2014-08-13', 1, '0.30', '0.00', 29, 132),
(150, 'VINCO CAVA/CINTURA', 1, 'MT', '2014-08-13', 1, '0.00', '0.00', 29, 132),
(151, 'VIVO', 1, 'MT', '2014-08-13', 0, '0.01', '0.01', 29, 132),
(152, 'BOLSO', 2, 'MT', '2014-08-13', 1, '0.00', '0.00', 31, 132),
(153, 'PERNA', 2, 'MT', '2014-08-13', 1, '0.00', '0.00', 31, 132),
(154, 'FRENTE', 2, 'MT', '2014-08-13', 1, '0.00', '0.00', 31, 132),
(155, 'PEITO', 2, 'MT', '2014-08-13', 1, '0.00', '0.00', 32, 132),
(156, 'PERNA', 2, 'MT', '2014-08-13', 1, '0.00', '0.00', 32, 132),
(157, 'BOLSO', 2, 'MT', '2014-08-13', 1, '0.01', '0.00', 30, 132),
(158, 'PERNAS', 2, 'MT', '2014-08-13', 1, '0.10', '0.00', 30, 132),
(159, 'MANGAS', 2, 'MT', '2016-01-07', 1, '0.00', '0.80', 44, 132),
(160, 'CORPO', 2, 'MT', '2016-01-07', 1, '0.00', '1.00', 44, 132),
(161, 'PERNAS', 2, 'MT', '2016-01-07', 1, '0.00', '1.20', 44, 132),
(162, 'LATERAL', 2, 'MT', '2016-01-07', 1, '0.00', '0.00', 44, 132),
(163, 'ZIPER 70 CM', 3, 'MT', '2014-08-14', 1, '0.00', '0.00', 3, NULL),
(164, 'VELCRO 2,5 cm', 3, 'MT', '2014-08-14', 1, '0.00', '0.00', 3, NULL),
(165, 'VIVO', 3, 'MT', '2014-08-14', 1, '0.00', '0.00', 3, NULL),
(166, 'VELCRO', 1, 'MT', '2016-01-21', 1, '0.05', '0.20', 23, 132),
(167, 'MANGAS', 2, 'MT', '2014-10-29', 1, '0.10', '0.00', 30, 132),
(168, 'FACA', 1, 'MT', '2014-10-29', 1, '0.00', '0.00', 45, 132),
(169, 'CHAPADO', 1, 'MT', '2014-10-29', 1, '0.00', '0.00', 45, 132),
(170, 'BAINHA', 1, 'UN', '2016-01-26', 1, '0.00', '0.00', 26, 132),
(171, 'NÃO TEM', 1, 'MT', '2015-01-27', 1, '0.00', '0.00', 45, 132),
(172, 'NÃO TEM', 1, 'MT', '2016-01-07', 1, '0.00', '0.00', 24, 132),
(173, 'NÃO TEM', 1, 'MT', '2016-01-07', 0, '0.00', '0.00', 23, 132),
(174, 'NÃO TEM', 1, 'MT', '2015-01-27', 0, '0.00', '0.00', 28, 132),
(175, 'CAVADA', 1, 'MT', '2016-01-07', 1, '0.00', '0.00', 25, 132),
(176, 'NÃO TEM', 1, 'MT', '2015-01-27', 1, '0.00', '0.00', 29, 132),
(177, 'NÃO TEM', 1, 'MT', '2015-01-27', 1, '0.00', '0.00', 33, 132),
(178, 'NÃO TEM', 2, 'MT', '2015-01-27', 1, '0.00', '0.00', 31, 132),
(179, 'NÃO TEM', 2, 'MT', '2015-01-27', 1, '0.00', '0.00', 44, 132),
(180, 'NÃO TEM', 2, 'MT', '2015-01-27', 1, '0.00', '0.00', 32, 132),
(181, 'NÃO TEM', 2, 'MT', '2015-01-27', 1, '0.00', '0.00', 30, 132),
(182, 'PREGA', 1, 'MT', '2015-01-28', 1, '0.00', '0.00', 29, 132),
(183, 'EMBUTIDO', 1, 'MT', '2015-01-28', 1, '0.10', '0.00', 45, 132),
(184, 'PARA CINTO', 1, 'UN', '2016-01-21', 1, '0.05', '0.00', 24, 132),
(185, 'PRESILHAS', 1, 'MT', '2016-01-07', 0, '0.00', '0.00', 24, 132),
(186, 'MANGA', 2, 'MT', '2015-01-29', 1, '0.00', '0.00', 31, 132),
(187, 'QUADRADA', 1, 'MT', '2016-01-07', 1, '0.00', '0.00', 27, 132),
(188, 'BLAZER', 1, 'MT', '2016-01-20', 1, '0.20', '0.00', 27, 132),
(189, 'FENDA', 1, 'MT', '2015-02-02', 1, '0.00', '0.00', 29, 132),
(190, 'AMERICANO', 1, 'MT', '2015-02-02', 1, '0.00', '0.10', 45, 132),
(191, 'ELÁSTICO ', 1, 'MT', '2016-01-21', 1, '0.00', '2.00', 23, 132),
(192, 'V RIBANA', 1, 'MT', '2016-01-21', 1, '0.00', '0.02', 27, 132),
(193, 'REDONDA VIES', 1, 'MT', '2016-01-07', 1, '0.00', '0.00', 27, 132),
(194, 'PRESPONTO', 1, 'MT', '2015-02-13', 1, '0.00', '0.00', 29, 132),
(195, 'BAINHA', 1, 'MT', '2016-01-07', 1, '0.00', '0.00', 48, 132),
(196, 'ELASTICO', 1, 'MT', '2016-01-07', 1, '0.00', '0.30', 48, 132),
(197, 'GARRA DE PLASTICO', 1, 'UN', '2016-01-07', 1, '0.00', '1.00', 23, 132),
(198, 'PRESO', 1, 'UN', '2015-03-23', 0, '0.50', '1.00', 52, 132),
(199, 'PAT', 1, 'UN', '2016-02-10', 1, '0.05', '3.00', 51, 132),
(200, 'RIBANA LARGA', 1, 'MT', '2016-01-19', 1, '0.80', '1.00', 24, 132),
(201, '"V" (C/VELCRO)', 1, 'MT', '2016-01-21', 1, '0.00', '1.00', 51, 132),
(202, 'CARGO', 1, 'UN', '2015-03-30', 0, '0.50', '0.00', 45, 132),
(203, 'CARGO', 1, 'UN', '2016-01-20', 1, '0.10', '0.00', 45, 132),
(204, 'MANGA', 2, 'UN', '2015-03-30', 1, '0.00', '0.00', 32, 132),
(205, 'LATERAL', 2, 'MT', '2015-03-30', 1, '0.10', '0.00', 30, 132),
(206, 'MISTO (ELÁSTICO/COS) ', 1, 'MT', '2016-01-07', 1, '0.00', '0.50', 24, 132),
(207, 'TIRA C/ CARCELA', 1, 'MT', '2016-01-07', 0, '0.00', '0.00', 26, 132),
(208, 'LADO', 2, 'UN', '2015-06-09', 1, '0.00', '0.00', 32, 132),
(209, 'QUADRADA CURVA', 1, 'MT', '2015-06-09', 0, '0.00', '0.00', 52, 132),
(210, 'QUADRADA CURVA', 1, 'UN', '2015-06-09', 1, '0.00', '0.00', 53, 132),
(211, 'ELÁSTICO', 1, 'MT', '2016-01-07', 1, '0.00', '0.50', 24, 132),
(212, 'PRESPONTO ', 2, 'MT', '2015-06-22', 1, '0.00', '0.00', 46, 132),
(213, 'DUPLO', 2, 'MT', '2015-06-25', 1, '0.00', '0.00', 55, 132),
(214, 'SIMPLES', 2, 'MT', '2015-06-25', 1, '0.00', '0.00', 55, 132),
(215, 'REVESTIDO ', 2, 'UN', '2015-06-30', 0, '0.00', '1.00', 56, 132),
(216, 'PLASTICO ', 2, 'UN', '2015-06-30', 0, '0.00', '1.00', 56, 132),
(217, 'REVESTIDO ', 2, 'UN', '2016-01-25', 1, '0.00', '1.00', 57, 132),
(218, 'TAMPO', 1, 'MT', '2015-07-03', 1, '0.05', '0.00', 33, 132),
(219, 'FORRO', 1, 'MT', '2015-07-29', 1, '0.80', '0.00', 33, 132),
(220, 'ITALIANA', 1, 'MT', '2016-01-20', 1, '0.05', '0.00', 27, 132),
(221, 'FRENTE BOTÃO', 1, 'UN', '2016-01-07', 0, '0.00', '1.00', 24, 132),
(222, 'COSTAS ELÁSTICO', 1, 'MT', '2016-01-07', 0, '0.00', '0.50', 24, 132),
(223, 'linha overloque ', 2, 'MT', '2015-08-28', 0, '0.00', '0.10', 59, 132),
(224, 'OVERLOQUE', 2, 'UN', '2016-01-25', 1, '0.00', '0.10', 60, 132),
(225, 'RETA', 2, 'UN', '2016-01-25', 1, '0.00', '0.10', 60, 132),
(226, 'STRAS', 1, 'UN', '2016-01-26', 0, '0.05', '5.00', 26, 132),
(227, 'PENSE', 1, 'MT', '2015-10-26', 1, '0.00', '0.00', 29, 132),
(228, 'TIRA', 1, 'UN', '2016-01-26', 0, '0.05', '0.00', 26, 132),
(229, 'AREEDONDADA', 1, 'KG', '2015-11-24', 0, '0.00', '0.00', 27, 132),
(230, 'COMUM (S/PÉ) ARREDONDADA', 1, 'MT', '2016-01-20', 1, '0.10', '0.00', 27, 132),
(231, 'COMUM', 1, 'KG', '2016-01-21', 1, '0.00', '0.00', 24, 132),
(232, '"V"', 1, 'MT', '2016-01-07', 1, '0.00', '0.00', 51, 132),
(233, '"REDONDO"', 1, 'MT', '2016-01-21', 1, '0.00', '0.00', 51, 132),
(234, 'BOTÃO PRESSÃO', 3, 'MT', '2016-01-05', 1, '0.00', '0.00', 3, NULL),
(235, 'CARCELA', 3, 'MT', '2016-01-05', 1, '0.00', '0.00', 3, NULL),
(236, 'FAIXA REFLETIVA 5 cm', 3, 'MT', '2016-01-05', 1, '0.00', '0.00', 3, NULL),
(237, 'FAIXA REFLETIVA 10 cm', 3, 'MT', '2016-01-05', 1, '0.00', '0.00', 3, NULL),
(238, 'VELCRO 5 cm', 3, 'MT', '2016-01-05', 1, '0.00', '0.00', 3, NULL),
(239, 'GARRA', 3, 'MT', '2016-01-05', 1, '0.00', '0.00', 3, NULL),
(240, '*NENHUM', 3, 'MT', '2016-01-05', 1, '0.00', '0.00', 3, NULL),
(241, 'BOTÃO STRAS', 3, 'MT', '2016-01-07', 1, '0.00', '0.00', 3, NULL),
(242, 'TINTA SILK', 3, 'MT', '2016-01-15', 1, '0.00', '0.00', 3, NULL),
(243, 'ZIPER 18 CM', 3, 'MT', '2016-01-21', 1, '0.00', '0.00', 3, NULL),
(244, 'ZIPER 80 CM', 3, 'MT', '2016-01-21', 1, '0.00', '0.00', 3, NULL),
(245, 'PAPEL P/ MOLDE', 3, 'MT', '2016-01-25', 1, '0.00', '0.00', 3, NULL),
(246, 'BOTÃO REVESTIDO', 3, 'MT', '2016-01-25', 1, '0.00', '0.00', 3, NULL),
(247, 'CARCELA', 1, 'UN', '2016-01-26', 1, '0.05', NULL, 26, NULL);

-- --------------------------------------------------------

--
-- Estrutura da tabela `sv_matprimtecido`
--

CREATE TABLE IF NOT EXISTS `sv_matprimtecido` (
  `id` int(11) NOT NULL,
  `id_fornecedor` int(11) NOT NULL,
  `id_tecido` int(11) NOT NULL,
  `id_cor` int(11) NOT NULL,
  `id_codigo` int(11) NOT NULL,
  `ativo` int(11) NOT NULL,
  `proporcao` decimal(10,2) NOT NULL
) ENGINE=MyISAM AUTO_INCREMENT=164 DEFAULT CHARSET=utf8;

--
-- Extraindo dados da tabela `sv_matprimtecido`
--

INSERT INTO `sv_matprimtecido` (`id`, `id_fornecedor`, `id_tecido`, `id_cor`, `id_codigo`, `ativo`, `proporcao`) VALUES
(1, 67, 2, 4, 5, 1, '0.00'),
(2, 67, 1, 4, 5, 1, '0.00'),
(3, 67, 1, 4, 7, 1, '0.00'),
(4, 67, 1, 4, 4, 1, '0.00'),
(5, 67, 2, 8, 2, 1, '0.00'),
(6, 67, 3, 3, 5, 1, '0.00'),
(7, 67, 3, 2, 5, 1, '0.00'),
(8, 67, 2, 4, 7, 1, '0.00'),
(9, 67, 1, 8, 2, 1, '0.00'),
(10, 67, 2, 1, 5, 1, '0.00'),
(11, 67, 3, 4, 8, 1, '0.00'),
(12, 67, 1, 4, 9, 1, '0.00'),
(13, 67, 7, 8, 2, 1, '5.40'),
(14, 67, 5, 2, 5, 1, '5.40'),
(15, 67, 6, 4, 5, 1, '5.40'),
(16, 67, 1, 2, 5, 1, '0.00'),
(17, 67, 1, 2, 8, 1, '0.00'),
(18, 67, 2, 2, 5, 1, '0.00'),
(19, 67, 7, 4, 5, 1, '5.40'),
(20, 67, 6, 4, 9, 1, '5.40'),
(21, 67, 5, 4, 5, 1, '5.40'),
(22, 67, 7, 12, 11, 1, '5.40'),
(23, 67, 10, 4, 6, 1, '0.00'),
(24, 67, 11, 2, 5, 1, '0.00'),
(25, 67, 7, 2, 5, 1, '5.40'),
(26, 67, 2, 12, 11, 1, '0.00'),
(27, 67, 6, 4, 7, 1, '5.40'),
(28, 67, 2, 2, 11, 1, '0.00'),
(29, 67, 1, 12, 11, 1, '0.00'),
(30, 67, 1, 2, 13, 1, '0.00'),
(31, 67, 1, 2, 11, 1, '0.00'),
(32, 67, 1, 1, 5, 1, '0.00'),
(33, 67, 6, 2, 5, 1, '5.40'),
(34, 67, 4, 3, 5, 1, '0.00'),
(35, 67, 11, 4, 9, 1, '0.00'),
(36, 67, 6, 2, 11, 1, '5.40'),
(37, 67, 6, 8, 2, 1, '5.40'),
(38, 67, 6, 2, 13, 1, '5.40'),
(39, 67, 14, 14, 5, 1, '0.00'),
(40, 67, 15, 2, 8, 1, '0.00'),
(41, 67, 3, 2, 8, 1, '0.00'),
(42, 67, 5, 3, 5, 1, '5.40'),
(43, 67, 16, 3, 5, 1, '0.00'),
(44, 67, 16, 14, 5, 1, '0.00'),
(45, 67, 16, 2, 8, 1, '0.00'),
(46, 67, 18, 4, 11, 1, '0.00'),
(47, 67, 6, 3, 5, 1, '5.40'),
(48, 67, 6, 2, 8, 1, '5.40'),
(49, 67, 17, 4, 11, 1, '0.00'),
(50, 67, 9, 3, 5, 1, '0.00'),
(51, 67, 9, 14, 5, 1, '0.00'),
(52, 67, 9, 14, 5, 1, '0.00'),
(53, 67, 9, 14, 5, 1, '0.00'),
(54, 67, 16, 14, 5, 1, '0.00'),
(55, 67, 15, 4, 8, 1, '0.00'),
(56, 67, 2, 2, 11, 1, '0.00'),
(57, 67, 15, 4, 13, 1, '0.00'),
(58, 67, 6, 12, 3, 1, '5.40'),
(59, 67, 2, 9, 5, 1, '0.00'),
(60, 67, 1, 9, 5, 1, '0.00'),
(61, 67, 2, 1, 1, 1, '0.00'),
(62, 67, 6, 12, 8, 1, '5.40'),
(63, 67, 12, 12, 8, 0, '0.00'),
(64, 67, 19, 15, 5, 1, '0.00'),
(65, 67, 6, 9, 5, 1, '5.40'),
(66, 67, 2, 8, 5, 1, '0.00'),
(67, 67, 20, 2, 11, 1, '0.00'),
(68, 67, 2, 2, 8, 1, '0.00'),
(69, 67, 2, 2, 15, 1, '0.00'),
(70, 67, 6, 16, 16, 1, '5.40'),
(71, 67, 2, 12, 3, 1, '0.00'),
(72, 67, 6, 13, 17, 1, '5.40'),
(73, 67, 21, 2, 5, 1, '0.00'),
(74, 67, 21, 2, 11, 1, '0.00'),
(75, 67, 1, 4, 18, 1, '0.00'),
(76, 67, 6, 8, 5, 1, '5.40'),
(77, 67, 3, 12, 8, 1, '0.00'),
(78, 67, 3, 12, 8, 1, '0.00'),
(79, 67, 3, 4, 8, 1, '0.00'),
(80, 67, 2, 2, 19, 1, '0.00'),
(81, 67, 6, 17, 22, 1, '5.40'),
(82, 67, 2, 2, 20, 1, '0.00'),
(83, 67, 6, 12, 26, 1, '5.40'),
(84, 67, 3, 17, 23, 1, '0.00'),
(85, 67, 22, 4, 8, 1, '0.00'),
(86, 67, 18, 14, 5, 1, '0.00'),
(87, 67, 6, 2, 24, 1, '5.40'),
(88, 67, 3, 2, 25, 1, '0.00'),
(89, 67, 3, 12, 26, 1, '0.00'),
(90, 67, 17, 4, 5, 1, '0.00'),
(91, 67, 2, 4, 9, 1, '0.00'),
(92, 67, 2, 18, 5, 1, '0.00'),
(93, 67, 5, 12, 26, 1, '5.40'),
(94, 67, 5, 12, 26, 1, '5.40'),
(95, 67, 6, 19, 5, 1, '5.40'),
(96, 67, 2, 2, 27, 1, '0.00'),
(97, 67, 5, 2, 27, 1, '5.40'),
(98, 67, 6, 20, 11, 1, '5.40'),
(99, 67, 6, 2, 29, 1, '5.40'),
(100, 67, 2, 9, 30, 1, '0.00'),
(101, 67, 2, 9, 30, 1, '0.00'),
(102, 67, 2, 4, 18, 1, '0.00'),
(103, 67, 23, 4, 9, 1, '0.00'),
(104, 67, 6, 12, 26, 1, '5.40'),
(105, 67, 2, 21, 5, 1, '0.00'),
(106, 67, 2, 12, 26, 1, '0.00'),
(107, 67, 3, 22, 5, 1, '0.00'),
(108, 67, 2, 4, 8, 1, '0.00'),
(109, 67, 6, 1, 5, 1, '5.40'),
(110, 67, 6, 1, 8, 1, '5.40'),
(111, 67, 1, 12, 3, 1, '0.00'),
(112, 67, 2, 1, 13, 1, '0.00'),
(113, 67, 2, 21, 11, 1, '0.00'),
(114, 67, 2, 21, 13, 1, '0.00'),
(115, 67, 24, 4, 5, 1, '0.00'),
(116, 67, 24, 2, 5, 1, '0.00'),
(117, 67, 24, 23, 5, 1, '0.00'),
(118, 67, 24, 24, 5, 1, '0.00'),
(119, 67, 24, 4, 8, 1, '0.00'),
(120, 67, 24, 4, 7, 1, '0.00'),
(121, 67, 24, 2, 24, 1, '0.00'),
(122, 67, 24, 2, 8, 1, '0.00'),
(123, 67, 6, 9, 31, 1, '5.40'),
(124, 67, 6, 14, 32, 1, '0.00'),
(125, 67, 22, 4, 33, 1, '0.00'),
(126, 67, 5, 4, 9, 1, '5.40'),
(127, 67, 8, 14, 5, 1, '0.00'),
(128, 67, 8, 14, 5, 1, '0.00'),
(129, 67, 2, 3, 5, 1, '0.00'),
(130, 67, 2, 12, 34, 1, '0.00'),
(131, 67, 2, 12, 34, 1, '0.00'),
(132, 67, 1, 3, 5, 1, '0.00'),
(133, 67, 6, 4, 8, 1, '0.00'),
(134, 67, 6, 18, 5, 1, '0.00'),
(135, 67, 11, 12, 26, 1, '0.00'),
(136, 67, 6, 4, 35, 1, '0.00'),
(137, 67, 6, 14, 5, 1, '0.00'),
(138, 67, 3, 19, 5, 1, '0.00'),
(139, 67, 25, 4, 9, 1, '0.00'),
(140, 67, 6, 13, 36, 1, '0.00'),
(141, 67, 6, 13, 5, 1, '0.00'),
(142, 67, 25, 4, 37, 1, '0.00'),
(143, 67, 3, 3, 38, 1, '0.00'),
(144, 67, 22, 4, 39, 1, '0.00'),
(145, 67, 1, 12, 8, 1, '0.00'),
(146, 67, 11, 14, 5, 0, '0.00'),
(147, 67, 11, 14, 5, 1, '0.00'),
(148, 67, 11, 3, 5, 1, '0.00'),
(149, 67, 7, 14, 5, 1, '5.40'),
(150, 67, 2, 21, 11, 1, '0.00'),
(151, 67, 6, 4, 18, 1, '0.00'),
(152, 67, 1, 24, 5, 1, '0.00'),
(153, 67, 2, 24, 5, 1, '0.00'),
(154, 67, 6, 21, 11, 1, '0.00'),
(155, 67, 2, 21, 1, 1, '0.00'),
(156, 67, 6, 21, 8, 1, '0.00'),
(157, 67, 2, 2, 40, 1, '0.00'),
(158, 67, 22, 2, 11, 1, '0.00'),
(159, 67, 6, 12, 5, 1, '2.80'),
(160, 67, 26, 8, 5, 1, '3.20'),
(161, 67, 26, 4, 5, 1, '3.20'),
(162, 67, 26, 2, 5, 1, '3.20'),
(163, 67, 26, 12, 5, 1, '3.20');

-- --------------------------------------------------------

--
-- Estrutura da tabela `sv_modelo`
--

CREATE TABLE IF NOT EXISTS `sv_modelo` (
  `id` int(11) NOT NULL,
  `descricao` varchar(255) NOT NULL,
  `ativo` int(11) NOT NULL
) ENGINE=MyISAM AUTO_INCREMENT=48 DEFAULT CHARSET=utf8;

--
-- Extraindo dados da tabela `sv_modelo`
--

INSERT INTO `sv_modelo` (`id`, `descricao`, `ativo`) VALUES
(1, 'OPERACIONAL', 1),
(2, 'SOCIAL', 1),
(3, 'TESTE', 0),
(4, 'POLO2', 0),
(5, 'ADMINISTRATIVOS', 0),
(9, 'POLOS', 0),
(10, 'ADMINISTRATIVO', 1),
(19, 'POLO3', 0),
(26, 'POLO6	', 0),
(39, 'POLO4', 0),
(40, 'SAÚDE', 1),
(41, 'POLO', 1),
(42, 'TODOS', 1),
(43, 'ELETRICISTA', 1),
(44, 'JEANS', 1),
(45, 'ELETRICISTA', 1),
(46, 'ÁRABE ', 1),
(47, 'ADM GERÊNCIA', 1);

-- --------------------------------------------------------

--
-- Estrutura da tabela `sv_peca`
--

CREATE TABLE IF NOT EXISTS `sv_peca` (
  `id` int(11) NOT NULL,
  `descricao` varchar(255) NOT NULL,
  `ativo` int(11) NOT NULL
) ENGINE=MyISAM AUTO_INCREMENT=24 DEFAULT CHARSET=utf8;

--
-- Extraindo dados da tabela `sv_peca`
--

INSERT INTO `sv_peca` (`id`, `descricao`, `ativo`) VALUES
(1, 'CAMISA', 1),
(2, 'CALÇA', 1),
(3, 'JALECO', 1),
(4, 'CAMISA MG CURTA', 0),
(5, 'GUARDA PÓ', 1),
(6, 'AGASALHO', 0),
(7, 'CAMISETA', 1),
(8, 'CAMISETE', 1),
(9, 'JAQUETA', 1),
(10, 'TESTE', 0),
(11, 'COLETE', 1),
(12, 'AGASALHO', 1),
(13, 'BOLSA', 1),
(14, 'MACACAO', 1),
(15, 'TOTAL', 1),
(16, 'CAMISA ELETRICISTA', 1),
(17, 'CALÇA ELETRICISTA', 0),
(18, 'BONÉ ', 1),
(19, 'BERMUDA', 1),
(20, 'TOUCA', 1),
(21, 'SAIA', 1),
(22, 'AVENTAL ', 1),
(23, 'AVENTAL', 1);

-- --------------------------------------------------------

--
-- Estrutura da tabela `sv_produto`
--

CREATE TABLE IF NOT EXISTS `sv_produto` (
  `id` int(11) NOT NULL,
  `tipo` int(11) NOT NULL,
  `peca` int(11) NOT NULL,
  `ativo` int(11) NOT NULL,
  `prop_retira_mat_prima` decimal(8,2) DEFAULT NULL
) ENGINE=MyISAM AUTO_INCREMENT=63 DEFAULT CHARSET=latin1;

--
-- Extraindo dados da tabela `sv_produto`
--

INSERT INTO `sv_produto` (`id`, `tipo`, `peca`, `ativo`, `prop_retira_mat_prima`) VALUES
(50, 0, 0, 0, '0.00'),
(18, 1, 1, 1, '0.80'),
(20, 1, 2, 1, '1.20'),
(22, 2, 2, 1, '1.20'),
(23, 1, 7, 1, '0.90'),
(25, 1, 3, 1, '0.80'),
(27, 40, 1, 0, '0.80'),
(28, 1, 5, 1, '1.00'),
(29, 1, 6, 0, '1.80'),
(31, 10, 8, 1, '0.80'),
(32, 10, 6, 1, '1.00'),
(33, 2, 9, 0, '0.00'),
(34, 4, 2, 0, '1.00'),
(35, 1, 9, 1, '0.80'),
(36, 2, 1, 1, '0.90'),
(37, 1, 11, 1, '0.90'),
(38, 0, 0, 1, '0.00'),
(39, 1, 13, 1, '0.00'),
(40, 10, 9, 1, '0.80'),
(41, 41, 1, 1, '0.80'),
(42, 40, 3, 0, '0.90'),
(43, 1, 14, 1, '2.00'),
(44, 42, 14, 0, '0.00'),
(45, 42, 15, 1, '0.00'),
(46, 44, 2, 1, '1.20'),
(47, 45, 1, 1, '0.80'),
(48, 1, 18, 1, '0.80'),
(49, 43, 2, 1, '1.20'),
(51, 10, 1, 1, '0.80'),
(52, 46, 18, 1, '1.00'),
(53, 41, 7, 1, '0.90'),
(54, 1, 12, 1, '1.00'),
(55, 1, 19, 1, '0.80'),
(56, 10, 2, 1, '1.40'),
(57, 46, 20, 1, '0.50'),
(58, 47, 1, 1, '0.00'),
(59, 1, 20, 1, '0.00'),
(60, 10, 21, 1, '1.00'),
(61, 2, 8, 1, '0.00'),
(62, 1, 22, 1, '0.50');

-- --------------------------------------------------------

--
-- Estrutura da tabela `sv_produto_has_pedidos`
--

CREATE TABLE IF NOT EXISTS `sv_produto_has_pedidos` (
  `id` int(11) NOT NULL,
  `pedidos_id` int(11) NOT NULL,
  `produto_id` int(11) NOT NULL,
  `tecido_id` int(10) NOT NULL,
  `mf` int(10) NOT NULL,
  `obs` varchar(255) DEFAULT NULL,
  `quantidade` int(11) NOT NULL,
  `valor` decimal(8,2) NOT NULL,
  `fornecedores` text
) ENGINE=MyISAM AUTO_INCREMENT=876 DEFAULT CHARSET=latin1;

--
-- Extraindo dados da tabela `sv_produto_has_pedidos`
--

INSERT INTO `sv_produto_has_pedidos` (`id`, `pedidos_id`, `produto_id`, `tecido_id`, `mf`, `obs`, `quantidade`, `valor`, `fornecedores`) VALUES
(1, 1, 20, 24, 1, NULL, 12, '28.00', ''),
(2, 1, 18, 25, 1, NULL, 12, '17.00', ''),
(3, 2, 37, 26, 1, NULL, 30, '60.00', 'OUTROS'),
(4, 3, 18, 2, 1, NULL, 2, '1.00', ''),
(5, 4, 18, 27, 1, NULL, 33, '17.80', 'OUTROS'),
(7, 6, 20, 5, 1, NULL, 1, '1.00', 'OUTROS'),
(8, 8, 18, 13, 1, NULL, 100, '12.50', 'OUTROS'),
(9, 8, 20, 5, 1, NULL, 100, '19.00', 'OUTROS'),
(10, 9, 18, 13, 1, NULL, 32, '12.50', 'OUTROS'),
(11, 9, 20, 5, 1, NULL, 32, '19.00', 'OUTROS'),
(12, 10, 18, 13, 1, NULL, 200, '12.50', ''),
(13, 10, 20, 5, 1, NULL, 200, '19.00', 'OUTROS'),
(14, 11, 37, 29, 1, NULL, 7, '28.00', 'OUTROS'),
(15, 14, 18, 36, 1, NULL, 45, '13.80', 'TEXTIL BARRO PRETO, OUTROS'),
(16, 14, 20, 8, 1, NULL, 45, '23.20', 'VALENÇA'),
(17, 15, 20, 24, 1, NULL, 6, '29.50', 'OUTROS'),
(18, 15, 18, 36, 1, NULL, 6, '18.50', 'OUTROS'),
(19, 17, 20, 8, 1, NULL, 42, '23.20', 'VALENÇA'),
(20, 17, 20, 5, 1, NULL, 54, '23.20', 'VALENÇA'),
(21, 17, 18, 36, 1, NULL, 21, '13.80', 'COSTA RICA'),
(22, 17, 18, 36, 1, NULL, 3, '17.80', 'COSTA RICA'),
(23, 17, 18, 37, 1, NULL, 54, '16.40', 'COSTA RICA'),
(24, 18, 20, 8, 1, NULL, 45, '23.20', 'VALENÇA'),
(25, 18, 18, 36, 1, NULL, 45, '13.80', 'COSTA RICA'),
(26, 19, 20, 8, 1, NULL, 4, '23.20', 'VALENÇA'),
(27, 19, 20, 5, 1, NULL, 10, '23.20', 'VALENÇA'),
(28, 19, 18, 36, 1, NULL, 4, '16.40', 'COSTA RICA'),
(29, 19, 18, 37, 1, NULL, 10, '13.80', 'COSTA RICA'),
(30, 20, 18, 8, 1, NULL, 10, '23.20', 'VALENÇA'),
(31, 21, 20, 3, 1, NULL, 10, '23.20', 'VALENÇA'),
(32, 22, 18, 38, 1, NULL, 22, '16.40', 'MEGATEX/REGIS NOVIDADES'),
(33, 22, 20, 28, 1, NULL, 22, '23.20', 'VALENÇA'),
(34, 23, 22, 39, 1, NULL, 10, '38.40', 'MEGATEX/REGIS NOVIDADES'),
(35, 24, 36, 40, 1, NULL, 10, '38.40', 'MEGATEX/REGIS NOVIDADES'),
(36, 25, 22, 39, 1, NULL, 10, '44.50', 'MEGATEX/REGIS NOVIDADES'),
(37, 25, 36, 40, 1, NULL, 10, '38.40', 'MEGATEX/REGIS NOVIDADES'),
(38, 26, 20, 5, 1, NULL, 2, '23.20', 'VALENÇA'),
(39, 26, 18, 37, 1, NULL, 2, '16.40', 'COSTA RICA'),
(40, 27, 18, 28, 1, NULL, 30, '22.32', 'VALENÇA'),
(41, 28, 18, 28, 1, NULL, 30, '22.32', 'VALENÇA'),
(42, 28, 36, 55, 2, NULL, 9, '33.12', 'MEGATEX/REGIS NOVIDADES'),
(43, 29, 25, 3, 1, NULL, 28, '32.90', 'VALENÇA'),
(44, 30, 25, 28, 1, NULL, 14, '34.80', 'VALENÇA'),
(45, 31, 18, 47, 1, NULL, 1, '1.00', 'MEGATEX/REGIS NOVIDADES'),
(46, 31, 18, 47, 1, NULL, 2, '1.00', ''),
(47, 32, 20, 5, 1, NULL, 42, '25.74', 'VALENÇA'),
(48, 32, 18, 5, 1, NULL, 30, '28.00', ''),
(49, 32, 36, 57, 1, NULL, 9, '35.00', ''),
(50, 32, 20, 49, 1, NULL, 3, '29.00', ''),
(51, 33, 20, 8, 1, NULL, 4, '23.20', 'VALENÇA'),
(52, 34, 18, 37, 1, NULL, 6, '16.40', 'OUTROS'),
(53, 34, 20, 5, 1, NULL, 6, '23.20', 'OUTROS'),
(54, 35, 20, 28, 1, NULL, 140, '29.00', 'VALENÇA'),
(55, 35, 18, 58, 1, NULL, 140, '19.00', 'MEGATEX/REGIS NOVIDADES'),
(56, 36, 20, 28, 1, NULL, 90, '29.00', 'VALENÇA'),
(57, 36, 18, 58, 1, NULL, 90, '19.00', 'MEGATEX/REGIS NOVIDADES'),
(58, 37, 41, 47, 2, NULL, 2, '1.00', 'MEGATEX/REGIS NOVIDADES'),
(59, 38, 18, 8, 1, NULL, 1, '1.00', ''),
(60, 39, 20, 59, 1, NULL, 8, '25.00', 'VALENÇA, OUTROS'),
(61, 39, 25, 60, 1, NULL, 6, '27.00', 'VALENÇA, OUTROS'),
(62, 39, 25, 60, 1, NULL, 2, '27.00', 'VALENÇA, OUTROS'),
(63, 40, 18, 9, 1, NULL, 21, '30.50', 'VALENÇA'),
(64, 40, 18, 9, 1, NULL, 12, '28.35', 'VALENÇA'),
(65, 41, 20, 5, 1, NULL, 24, '23.20', 'VALENÇA'),
(66, 41, 18, 37, 1, NULL, 24, '16.40', 'VALENÇA'),
(67, 42, 20, 1, 1, NULL, 6, '23.20', ''),
(68, 43, 20, 1, 1, NULL, 136, '23.30', 'VALENÇA'),
(69, 43, 25, 8, 1, NULL, 56, '26.00', ''),
(70, 43, 25, 8, 1, NULL, 10, '22.00', ''),
(71, 43, 28, 8, 1, NULL, 4, '23.00', ''),
(72, 44, 20, 5, 1, NULL, 15, '23.20', 'VALENÇA'),
(73, 45, 20, 5, 1, NULL, 4, '23.20', 'VALENÇA'),
(74, 45, 18, 37, 1, NULL, 4, '16.40', 'VALENÇA'),
(75, 46, 20, 5, 1, NULL, 14, '23.20', 'VALENÇA'),
(76, 46, 18, 37, 1, NULL, 14, '16.40', 'VALENÇA'),
(77, 47, 20, 5, 1, NULL, 15, '23.20', 'VALENÇA'),
(78, 47, 25, 5, 1, NULL, 8, '27.30', 'VALENÇA'),
(79, 47, 18, 33, 1, NULL, 4, '17.80', 'VALENÇA'),
(80, 47, 18, 37, 1, NULL, 5, '16.40', 'VALENÇA'),
(81, 47, 20, 1, 1, NULL, 2, '23.20', 'VALENÇA'),
(82, 48, 43, 5, 2, NULL, 3, '110.00', 'VALENÇA'),
(83, 48, 43, 5, 1, NULL, 3, '110.00', 'VALENÇA'),
(84, 49, 18, 58, 1, NULL, 120, '19.00', ''),
(85, 49, 20, 28, 1, NULL, 120, '29.00', 'VALENÇA'),
(86, 50, 20, 18, 1, NULL, 20, '23.50', 'VALENÇA'),
(87, 50, 18, 37, 1, NULL, 20, '16.80', 'VALENÇA'),
(88, 51, 43, 61, 1, NULL, 120, '54.00', 'VALENÇA'),
(89, 41, 20, 8, 1, NULL, 6, '23.00', ''),
(90, 43, 45, 64, 1, NULL, 0, '0.00', ''),
(91, 52, 20, 49, 1, NULL, 20, '36.50', 'MEGATEX/REGIS NOVIDADES'),
(92, 52, 18, 65, 1, NULL, 20, '17.80', 'MEGATEX/REGIS NOVIDADES, VALENÇA'),
(93, 53, 20, 26, 1, NULL, 24, '24.50', 'VALENÇA'),
(94, 53, 18, 62, 1, NULL, 40, '16.50', 'MEGATEX/REGIS NOVIDADES, VALENÇA'),
(95, 53, 41, 62, 1, NULL, 4, '23.50', 'MEGATEX/REGIS NOVIDADES, VALENÇA'),
(96, 54, 41, 47, 1, NULL, 2, '0.00', 'MEGATEX/REGIS NOVIDADES, VALENÇA'),
(97, 54, 41, 27, 1, NULL, 2, '0.00', 'MEGATEX/REGIS NOVIDADES, VALENÇA'),
(98, 55, 18, 33, 1, NULL, 2, '0.00', ''),
(99, 56, 25, 66, 1, NULL, 14, '27.00', 'VALENÇA'),
(100, 56, 20, 66, 1, NULL, 14, '23.00', 'VALENÇA'),
(101, 56, 25, 66, 1, NULL, 4, '30.00', 'VALENÇA'),
(102, 56, 25, 66, 1, NULL, 40, '27.00', 'VALENÇA'),
(103, 56, 20, 66, 1, NULL, 40, '23.00', 'VALENÇA'),
(104, 56, 25, 59, 1, NULL, 10, '30.00', ''),
(105, 56, 20, 59, 1, NULL, 10, '23.00', ''),
(106, 56, 18, 18, 1, NULL, 2, '27.00', ''),
(107, 56, 20, 18, 1, NULL, 2, '23.00', ''),
(108, 57, 18, 58, 1, NULL, 70, '19.00', 'VALENÇA'),
(109, 57, 20, 28, 1, NULL, 20, '29.00', 'VALENÇA'),
(110, 58, 20, 18, 1, NULL, 30, '21.00', 'VALENÇA'),
(111, 59, 20, 18, 1, NULL, 50, '26.00', 'VALENÇA'),
(112, 59, 25, 18, 1, NULL, 10, '27.00', 'VALENÇA'),
(113, 60, 20, 8, 1, NULL, 237, '28.27', 'VALENÇA'),
(114, 60, 18, 3, 1, NULL, 111, '28.27', 'EMATEX, VALENÇA'),
(115, 60, 18, 8, 1, NULL, 126, '25.36', 'EMATEX, VALENÇA'),
(116, 61, 20, 69, 1, NULL, 60, '23.20', 'MEGATEX/REGIS NOVIDADES'),
(117, 61, 18, 48, 1, NULL, 40, '16.50', ''),
(118, 61, 41, 70, 1, NULL, 3, '23.00', ''),
(119, 61, 46, 49, 1, NULL, 3, '38.00', ''),
(120, 62, 48, 71, 1, NULL, 16, '15.30', ''),
(121, 60, 47, 74, 1, '', 6, '0.00', ''),
(122, 60, 49, 74, 1, '', 6, '0.00', ''),
(123, 61, 41, 70, 2, NULL, 0, '0.00', ''),
(124, 51, 25, 50, 1, NULL, 16, '54.00', ''),
(125, 61, 41, 70, 2, NULL, 6, '23.00', ''),
(126, 63, 40, 44, 1, NULL, 7, '76.00', ''),
(127, 63, 40, 51, 1, NULL, 1, '76.00', ''),
(128, 40, 20, 18, 1, NULL, 16, '0.00', ''),
(129, 64, 25, 8, 1, NULL, 16, '22.00', 'VALENÇA'),
(130, 64, 25, 8, 1, NULL, 6, '26.00', ''),
(131, 64, 20, 8, 1, '', 40, '23.20', ''),
(132, 65, 20, 8, 1, NULL, 48, '30.20', 'VALENÇA'),
(133, 65, 18, 72, 1, NULL, 75, '17.80', 'EMATEX, VALENÇA'),
(134, 65, 18, 72, 1, NULL, 35, '19.70', ''),
(135, 67, 20, 18, 1, NULL, 40, '23.00', ''),
(136, 66, 18, 3, 1, 'TIPO 1 AZUL CÉU', 111, '20.46', ''),
(137, 66, 20, 8, 1, 'TIPO 1,2,3 AZUL CÉU', 252, '24.48', ''),
(138, 66, 18, 75, 1, 'TIPO 3', 97, '20.46', ''),
(139, 66, 18, 3, 1, 'TIPO 4 VERDE', 68, '20.46', ''),
(140, 66, 20, 8, 1, 'TIPO 4 VERDE', 54, '24.48', ''),
(141, 66, 20, 8, 1, 'TIPO 5 AZUL ROYAL', 94, '24.48', ''),
(142, 66, 18, 75, 1, '', 3, '20.46', ''),
(143, 66, 20, 8, 1, 'TIPO 6 BRANCO', 4, '24.48', ''),
(144, 66, 18, 3, 1, 'TIPO 2 AZUL CÉU', 100, '23.40', ''),
(145, 68, 20, 66, 1, '', 140, '19.00', ''),
(146, 69, 18, 76, 1, '', 266, '12.50', ''),
(147, 69, 20, 66, 1, '', 266, '19.00', ''),
(148, 70, 41, 42, 2, 'BABYLOOK ( SILK 2 NA COR PRETA E 1 NA COR VERDE )', 3, '18.00', ''),
(149, 70, 41, 42, 2, 'BABYLOOK ( SILK 2 NA COR PRETA E 1 NA COR VERDE )', 3, '18.00', ''),
(150, 71, 20, 18, 1, '', 12, '26.50', ''),
(151, 71, 25, 28, 1, '', 12, '34.80', ''),
(152, 71, 31, 77, 2, '', 3, '44.50', ''),
(153, 72, 20, 18, 1, '', 298, '0.00', ''),
(154, 72, 25, 16, 1, '', 276, '0.00', ''),
(155, 73, 20, 18, 1, '', 384, '0.00', ''),
(156, 73, 25, 16, 1, '', 348, '0.00', ''),
(157, 74, 20, 18, 1, '', 298, '0.00', ''),
(158, 74, 18, 16, 1, '', 296, '0.00', ''),
(159, 75, 20, 18, 1, '', 339, '0.00', ''),
(160, 75, 18, 16, 1, '', 337, '0.00', ''),
(161, 76, 20, 8, 1, '', 40, '0.00', ''),
(162, 76, 25, 66, 1, 'REFERENTE AO PEDIDO V150347 FOI ENVIADO SEM FAIXA ', 8, '0.00', ''),
(163, 77, 20, 8, 1, '', 40, '0.00', ''),
(164, 77, 25, 66, 1, '', 8, '0.00', ''),
(165, 78, 25, 8, 1, '', 38, '0.00', ''),
(166, 79, 41, 70, 2, '', 6, '0.00', ''),
(167, 79, 41, 70, 1, '', 3, '0.00', ''),
(168, 80, 20, 18, 1, '', 30, '23.00', ''),
(169, 80, 25, 18, 1, '', 30, '30.00', ''),
(170, 81, 51, 85, 1, '', 5, '42.00', ''),
(171, 82, 18, 18, 1, '', 33, '0.00', ''),
(172, 82, 18, 18, 1, 'CAMISA 2 CORES ( CINZA E LARANJA ) CONFORME AMOSTRA', 18, '0.00', ''),
(173, 83, 18, 16, 1, '', 4, '0.00', ''),
(174, 71, 31, 6, 2, '', 1, '47.50', ''),
(175, 84, 47, 74, 1, '', 6, '128.50', ''),
(176, 84, 49, 74, 1, '', 6, '128.50', ''),
(177, 85, 20, 80, 1, '', 40, '23.80', ''),
(178, 85, 20, 80, 1, '', 0, '23.80', ''),
(179, 85, 25, 80, 1, NULL, 28, '24.30', ''),
(180, 85, 25, 80, 1, NULL, 28, '24.30', ''),
(181, 86, 20, 82, 1, '', 40, '23.80', ''),
(182, 86, 25, 82, 1, NULL, 28, '24.30', ''),
(183, 86, 41, 83, 1, NULL, 40, '22.50', ''),
(184, 86, 51, 84, 1, '', 4, '38.30', ''),
(185, 87, 41, 47, 2, '', 2, '0.00', ''),
(186, 87, 41, 27, 1, '', 2, '0.00', ''),
(187, 88, 20, 8, 1, 'AS 2 CALÇAS M P\\ PG SEDEX ', 27, '0.00', ''),
(188, 89, 20, 18, 1, '', 18, '25.74', ''),
(189, 90, 41, 42, 2, '', 6, '36.00', ''),
(190, 90, 41, 42, 1, '', 6, '36.00', ''),
(191, 91, 20, 18, 1, '', 306, '0.00', ''),
(192, 91, 25, 16, 1, '', 425, '0.00', ''),
(193, 92, 20, 66, 1, '', 172, '19.00', ''),
(194, 92, 18, 76, 1, '', 20, '12.50', ''),
(195, 81, 51, 11, 1, NULL, 5, '35.00', ''),
(196, 81, 51, 11, 1, '', 0, '35.00', ''),
(197, 93, 20, 66, 1, '', 202, '19.00', ''),
(198, 93, 18, 76, 1, '', 120, '12.50', ''),
(199, 63, 28, 34, 1, '', 12, '35.00', ''),
(200, 63, 39, 86, 1, '', 1, '55.00', ''),
(201, 89, 25, 16, 1, '', 18, '28.00', ''),
(202, 89, 18, 72, 1, '', 17, '16.50', ''),
(203, 94, 18, 36, 1, '', 12, '21.00', ''),
(204, 94, 20, 18, 1, NULL, 12, '36.00', ''),
(205, 95, 20, 66, 1, '', 90, '19.00', ''),
(206, 95, 18, 76, 1, NULL, 90, '12.50', ''),
(207, 96, 18, 27, 1, '', 117, '0.00', ''),
(208, 96, 18, 47, 1, NULL, 107, '0.00', ''),
(209, 97, 23, 87, 1, '', 1150, '10.45', ''),
(210, 98, 51, 88, 2, '', 7, '49.30', ''),
(211, 98, 51, 89, 2, '', 7, '49.30', ''),
(212, 98, 51, 89, 2, '', 6, '49.30', ''),
(213, 98, 51, 88, 2, '', 7, '49.30', ''),
(214, 98, 52, 8, 1, 'AZIZ ANOUN', 30, '12.50', ''),
(215, 99, 20, 18, 1, '', 52, '0.00', ''),
(216, 100, 31, 41, 2, 'AS TAMANHO M NÃO É PARA BORDAR E NEM SILK', 6, '42.80', ''),
(217, 100, 23, 33, 1, '', 6, '17.80', ''),
(218, 100, 20, 18, 1, NULL, 6, '23.20', ''),
(219, 100, 46, 90, 2, NULL, 6, '36.80', ''),
(220, 101, 46, 90, 1, '', 51, '6.50', ''),
(221, 101, 41, 27, 1, NULL, 29, '9.30', ''),
(222, 101, 18, 33, 1, NULL, 24, '6.20', ''),
(223, 102, 46, 90, 1, '', 51, '6.50', ''),
(224, 102, 41, 27, 1, '', 29, '9.30', ''),
(225, 102, 18, 33, 1, '', 24, '6.20', ''),
(226, 103, 18, 8, 1, 'tipo 5', 45, '20.46', ''),
(227, 104, 20, 66, 1, '', 4, '19.00', ''),
(228, 104, 18, 76, 1, '', 4, '12.50', ''),
(229, 105, 25, 66, 1, '', 92, '28.60', ''),
(230, 105, 20, 91, 1, '', 88, '25.40', ''),
(231, 107, 20, 92, 1, '', 20, '27.00', ''),
(232, 107, 25, 92, 1, '', 20, '25.90', ''),
(233, 107, 53, 93, 1, 'Obs. 5 delas c\\ 5 cm maior na manga e 5 cm maior no comprimento ', 20, '23.90', ''),
(234, 108, 25, 18, 1, '', 2, '20.00', ''),
(235, 108, 25, 18, 1, 'UTILIZAR DA PRONTA ENTREGA', 9, '20.00', ''),
(236, 109, 23, 99, 1, '', 12, '15.50', ''),
(237, 109, 20, 91, 1, '', 12, '26.90', ''),
(238, 109, 53, 97, 2, '', 12, '30.50', ''),
(239, 110, 20, 18, 1, '', 20, '24.50', ''),
(240, 110, 25, 18, 1, '', 30, '26.30', ''),
(241, 111, 20, 90, 1, NULL, 51, '0.00', ''),
(242, 111, 18, 33, 1, '', 24, '0.00', ''),
(243, 112, 20, 8, 1, '', 1, '0.00', ''),
(244, 112, 25, 100, 1, '', 1, '0.00', ''),
(245, 112, 48, 100, 1, '', 1, '0.00', ''),
(246, 112, 45, 64, 1, '', -1, '0.00', ''),
(248, 113, 20, 8, 1, 'TIPO 4 VERDE', 19, '24.48', ''),
(247, 113, 25, 8, 1, 'TIPO 4 VERDE', 37, '20.46', ''),
(249, 113, 25, 8, 1, 'tipo 5 todo azul royal', 7, '20.46', ''),
(250, 114, 35, 102, 1, '', 31, '38.50', ''),
(251, 115, 54, 103, 1, 'TAMPAR O BORDADO', 80, '0.00', ''),
(252, 116, 20, 18, 1, '', 300, '20.63', ''),
(253, 116, 25, 18, 1, '', 300, '18.03', ''),
(254, 117, 53, 70, 2, '', 3, '23.00', ''),
(255, 118, 23, 104, 1, '', 43, '18.30', ''),
(256, 119, 53, 93, 1, NULL, 20, '0.00', ''),
(257, 119, 45, 64, 1, '', 0, '0.00', ''),
(258, 120, 22, 35, 1, 'Item 1', 278, '19.80', ''),
(259, 120, 20, 91, 1, 'Item 2', 60, '19.60', ''),
(260, 120, 20, 66, 1, 'Item 3', 137, '22.60', ''),
(261, 120, 20, 66, 2, 'Item 4', 8, '19.80', ''),
(262, 120, 20, 113, 1, 'Item 5', 216, '22.60', ''),
(263, 120, 20, 28, 1, 'Item 6', 216, '22.60', ''),
(264, 120, 20, 106, 1, 'Item 7', 14, '19.80', ''),
(265, 120, 20, 68, 1, 'Item 8', 80, '19.80', ''),
(266, 120, 20, 112, 1, 'Item 9', 32, '19.80', ''),
(267, 120, 20, 68, 2, 'Item 10', 34, '19.80', ''),
(268, 120, 20, 68, 1, 'Item 11', 24, '19.80', ''),
(269, 120, 36, 11, 1, 'Item 12', 278, '27.80', ''),
(270, 120, 25, 102, 1, 'Item 13', 60, '21.80', ''),
(271, 120, 25, 114, 1, 'Item 16', 215, '20.80', ''),
(272, 120, 25, 68, 1, 'Item 17', 215, '20.80', ''),
(273, 120, 41, 104, 1, 'Item 18', 14, '19.80', ''),
(274, 120, 41, 48, 1, 'Item 19', 80, '19.80', ''),
(275, 120, 41, 110, 1, 'Item 21', 32, '19.80', ''),
(276, 120, 41, 48, 2, 'Item 23', 34, '19.80', ''),
(277, 121, 25, 102, 1, '', 3, '0.00', ''),
(278, 122, 41, 97, 2, '', 12, '0.00', ''),
(279, 120, 48, 28, 1, 'Item 22', 24, '7.20', ''),
(300, 131, 20, 8, 1, 'TIPO 4 VERDE', 30, '24.48', ''),
(287, 124, 25, 8, 1, '', 110, '23.94', ''),
(280, 120, 41, 48, 1, 'Item 20', 24, '19.80', ''),
(281, 120, 18, 76, 2, 'Item 15', 8, '18.20', ''),
(282, 120, 18, 76, 1, 'Item 14', 137, '23.20', ''),
(301, 131, 20, 8, 1, 'TIPO 5 TODO EM AZUL ROYAL ', 22, '24.48', ''),
(302, 131, 25, 102, 1, 'TIPO 6 BRANCO', 1, '23.40', ''),
(283, 123, 25, 100, 1, '', 50, '26.20', ''),
(284, 123, 20, 8, 1, '', 50, '24.30', ''),
(285, 123, 48, 100, 1, 'C/ 1 BOTÃO REVESTIDO NA COR PRETA', 25, '12.50', ''),
(286, 123, 45, 64, 1, '', 0, '0.00', ''),
(288, 124, 51, 11, 1, NULL, 40, '33.12', ''),
(289, 124, 51, 125, 1, '', 6, '40.00', ''),
(290, 125, 51, 11, 2, '', 6, '33.12', ''),
(291, 126, 37, 111, 1, 'pesponto largo na cava', 5, '75.00', ''),
(292, 124, 51, 125, 1, '', 6, '40.00', ''),
(293, 127, 18, 33, 1, '', 481, '0.00', ''),
(294, 127, 18, 27, 1, '', 150, '0.00', ''),
(295, 128, 25, 18, 1, '', 14, '26.20', ''),
(296, 128, 20, 18, 1, '', 14, '23.20', ''),
(297, 129, 20, 8, 1, '', 10, '25.00', ''),
(298, 129, 25, 8, 1, '', 10, '25.00', ''),
(299, 130, 35, 66, 1, '', 7, '38.50', ''),
(303, 132, 20, 8, 1, '', 27, '19.00', ''),
(304, 132, 18, 27, 1, '', 30, '13.00', ''),
(305, 133, 20, 18, 1, '', 10, '23.00', ''),
(306, 133, 18, 33, 1, '', 10, '15.00', ''),
(307, 134, 25, 91, 1, 'modelo pronta entrega ', 16, '18.03', ''),
(308, 134, 20, 91, 1, 'modelo pronta entrega ', 16, '20.63', ''),
(309, 135, 36, 122, 1, 'tabela toyobo 29233', 3, '58.00', ''),
(310, 135, 36, 119, 1, 'tabela toyobo 29233', 3, '58.00', ''),
(311, 135, 36, 120, 1, 'tabela toyobo 29233', 3, '58.00', ''),
(312, 135, 36, 121, 1, 'tabela toyobo 29233', 3, '58.00', ''),
(313, 135, 36, 120, 2, 'tabela toyobo 29233', 2, '58.00', ''),
(314, 135, 36, 122, 2, 'tabela toyobo 29233', 2, '58.00', ''),
(315, 135, 36, 119, 2, 'tabela toyobo 29233', 2, '58.00', ''),
(316, 135, 20, 18, 1, '', 48, '19.00', ''),
(317, 135, 25, 18, 1, 'pronta entrega ', 40, '20.90', ''),
(318, 135, 25, 18, 1, '', 8, '23.40', ''),
(319, 135, 41, 27, 1, NULL, 8, '23.00', ''),
(322, 136, 41, 87, 1, '', 20, '23.00', ''),
(323, 137, 18, 123, 1, '', 34, '16.80', ''),
(324, 137, 18, 124, 1, '', 8, '16.80', ''),
(325, 137, 41, 124, 2, '', 3, '24.90', ''),
(326, 137, 41, 124, 1, '', 3, '24.90', ''),
(327, 137, 46, 90, 1, '', 30, '38.50', ''),
(328, 138, 20, 66, 1, '', 150, '19.00', ''),
(329, 138, 18, 76, 1, NULL, 150, '12.50', ''),
(330, 139, 20, 66, 1, '', 250, '19.00', ''),
(331, 139, 18, 76, 1, NULL, 250, '12.50', ''),
(332, 140, 20, 66, 1, '', 300, '19.00', ''),
(333, 140, 18, 76, 1, '', 300, '12.50', ''),
(334, 140, 51, 11, 1, NULL, 18, '26.00', ''),
(335, 141, 25, 8, 1, '', 300, '23.90', ''),
(336, 141, 46, 90, 1, NULL, 300, '28.80', ''),
(337, 142, 35, 66, 1, '', 123, '42.00', ''),
(338, 143, 20, 8, 1, '', 60, '22.00', ''),
(339, 143, 25, 8, 1, '', 10, '24.00', ''),
(340, 143, 18, 27, 1, 'PRONTA ENTREGA', 36, '12.00', ''),
(341, 144, 20, 18, 1, 'utilizar pronta entrega ', 25, '23.50', ''),
(342, 145, 20, 18, 1, '', 8, '20.63', ''),
(343, 145, 25, 18, 1, '', 8, '18.03', ''),
(344, 146, 20, 18, 1, 'UTILIZAR PRONTA ENTREGA', 20, '21.30', ''),
(345, 146, 20, 8, 1, NULL, 30, '21.30', ''),
(346, 146, 18, 33, 1, 'UTILIZAR PRONTA ENTREGA', 20, '14.80', ''),
(347, 146, 18, 27, 1, 'UTILIZAR PRONTA ENTREGA', 30, '14.80', ''),
(348, 146, 41, 126, 1, NULL, 20, '26.20', ''),
(349, 146, 41, 126, 2, NULL, 10, '26.20', ''),
(350, 147, 55, 71, 1, '', 40, '20.80', ''),
(351, 146, 20, 127, 1, NULL, 8, '26.30', ''),
(352, 148, 18, 76, 1, '', 220, '12.50', ''),
(353, 148, 20, 66, 1, '', 220, '19.00', ''),
(354, 149, 18, 76, 1, '', 390, '12.50', ''),
(355, 149, 20, 66, 1, '', 390, '19.00', ''),
(356, 150, 18, 76, 1, '', 180, '12.50', ''),
(357, 150, 20, 66, 1, '', 180, '19.00', ''),
(358, 151, 18, 58, 1, '', 80, '19.00', ''),
(359, 152, 20, 18, 1, '', 14, '23.50', ''),
(360, 152, 25, 18, 1, '', 14, '23.50', ''),
(361, 153, 20, 18, 1, '', 15, '23.50', ''),
(362, 153, 25, 18, 1, '', 15, '23.50', ''),
(363, 154, 20, 18, 1, '', 15, '23.50', ''),
(364, 154, 25, 18, 1, NULL, 11, '26.30', ''),
(365, 154, 25, 18, 1, NULL, 6, '26.30', ''),
(366, 154, 18, 20, 1, 'em conversa telefônica c/ a Natalia a mesma pediu p/ retirar o silk da costas', 10, '12.00', ''),
(367, 154, 18, 20, 1, 'em conversa telefônica c/ a Natalia a mesma pediu p/ retirar o silk da costas', 6, '14.00', ''),
(368, 155, 35, 5, 1, '', 56, '42.00', ''),
(369, 156, 20, 18, 1, '', 23, '23.50', ''),
(370, 156, 18, 20, 1, NULL, 23, '17.80', ''),
(371, 156, 51, 6, 2, '', 1, '34.60', ''),
(372, 156, 51, 6, 2, '', 1, '29.80', ''),
(373, 156, 51, 11, 2, NULL, 1, '34.60', ''),
(375, 156, 51, 11, 2, NULL, 1, '29.80', ''),
(376, 157, 18, 104, 1, '', 110, '13.00', ''),
(377, 158, 25, 18, 1, '', 10, '21.90', ''),
(378, 158, 20, 18, 1, '', 10, '20.90', ''),
(379, 158, 25, 91, 1, '', 30, '25.00', ''),
(380, 158, 20, 91, 1, NULL, 30, '23.00', ''),
(381, 158, 18, 20, 1, '', 30, '14.50', ''),
(382, 159, 20, 5, 1, '', 140, '25.60', ''),
(383, 159, 25, 5, 1, '', 140, '26.20', ''),
(384, 160, 20, 18, 1, '', 29, '23.50', ''),
(385, 160, 18, 20, 1, '', 29, '17.80', ''),
(386, 161, 20, 18, 1, '', 4, '23.50', ''),
(387, 161, 18, 20, 1, '', 4, '17.80', ''),
(388, 162, 20, 129, 1, '', 168, '18.40', ''),
(389, 162, 20, 129, 1, NULL, 9, '22.90', ''),
(390, 162, 20, 92, 1, 'código 1021 santanense ', 1, '22.90', ''),
(391, 162, 20, 92, 1, 'código 1021 santanense', 8, '18.40', ''),
(392, 162, 20, 91, 1, 'código 1018 santanense', 3, '22.90', ''),
(393, 162, 20, 102, 1, 'código 1003 santanense', 3, '18.40', ''),
(394, 162, 20, 130, 1, 'código 1006 santanense', 2, '18.40', ''),
(395, 162, 25, 132, 1, '', 150, '19.50', ''),
(396, 162, 18, 20, 1, NULL, 3, '11.50', ''),
(397, 162, 18, 133, 1, NULL, 3, '11.50', ''),
(398, 162, 18, 134, 1, NULL, 9, '11.50', ''),
(399, 162, 18, 47, 1, NULL, 27, '12.50', ''),
(400, 162, 18, 87, 1, NULL, 2, '12.50', ''),
(401, 163, 20, 3, 1, '', 55, '19.50', ''),
(402, 164, 20, 18, 1, 'cinza 1009 santanense', 30, '21.50', ''),
(403, 164, 25, 16, 1, 'cinza 1009 santanense', 30, '21.50', ''),
(404, 164, 20, 8, 1, NULL, 30, '21.50', ''),
(405, 164, 25, 3, 1, NULL, 30, '21.50', ''),
(406, 165, 20, 18, 1, '', 180, '19.00', ''),
(407, 165, 18, 33, 1, NULL, 250, '12.00', ''),
(408, 166, 18, 37, 1, '', 450, '12.50', ''),
(409, 166, 20, 5, 1, NULL, 450, '19.00', ''),
(410, 167, 35, 5, 1, '', 61, '38.50', ''),
(411, 168, 25, 8, 1, NULL, 10, '23.90', ''),
(412, 168, 46, 90, 1, NULL, 20, '28.80', ''),
(413, 168, 51, 125, 1, NULL, 4, '30.00', ''),
(414, 169, 20, 135, 1, '', 85, '24.30', ''),
(415, 169, 18, 104, 1, NULL, 85, '18.30', ''),
(416, 170, 20, 8, 1, '', 25, '22.00', ''),
(417, 171, 18, 27, 1, 'Os nomes que deverão ser silkado tamanho M ( Liu, Rodrigo, Ramon) tamanho G (Patrick, Talison, Marcelo, Jaime, Valter) tamanho GG ( Adilson, Glayson, Manoel, Jorge )', 20, '14.50', ''),
(418, 171, 18, 58, 1, 'Os nomes que deverão ser silkado tamanho M ( Liu, Rodrigo, Ramon) tamanho G (Patrick, Talison, Marcelo, Jaime, Valter) tamanho GG ( Adilson, Glayson, Manoel, Jorge )', 20, '21.00', ''),
(419, 171, 20, 8, 1, '', 20, '21.50', ''),
(420, 171, 20, 71, 1, NULL, 20, '21.50', ''),
(421, 171, 18, 27, 1, 'Os nomes que deverão ser silkado  ( Tereza em 3 camisas e Renilda em 1)', 4, '14.50', ''),
(422, 171, 18, 58, 1, '', 4, '21.00', ''),
(423, 171, 18, 27, 1, NULL, 1, '14.50', ''),
(424, 171, 18, 58, 1, NULL, 1, '21.00', ''),
(425, 172, 20, 102, 1, '', 30, '19.00', ''),
(426, 172, 25, 102, 1, '', 46, '21.80', ''),
(427, 173, 20, 5, 1, '', 50, '20.20', ''),
(428, 173, 20, 8, 1, '', 220, '20.20', ''),
(429, 174, 36, 122, 2, 'tabela toyobo 29233', 4, '58.00', ''),
(430, 174, 36, 122, 2, 'tabela toyobo 29233', 1, '58.00', ''),
(431, 174, 36, 119, 2, 'tabela toyobo 29233', 5, '58.00', ''),
(432, 174, 36, 119, 2, 'tabela toyobo 29233', 1, '58.00', ''),
(433, 174, 36, 122, 1, 'tabela toyobo 29233', 1, '58.00', ''),
(434, 174, 36, 120, 1, 'tabela toyobo 29233', 1, '58.00', ''),
(435, 174, 41, 27, 1, NULL, 3, '23.00', ''),
(436, 175, 20, 8, 1, 'TIPO PRONTA ENTREGA', 21, '21.30', ''),
(437, 175, 20, 18, 1, 'TIPO PRONTA ENTREGA', 15, '21.30', ''),
(438, 175, 25, 8, 1, '', 13, '24.80', ''),
(439, 175, 25, 18, 1, '', 13, '24.80', ''),
(440, 176, 41, 36, 2, '', 4, '32.50', ''),
(441, 176, 41, 36, 1, '', 7, '32.50', ''),
(442, 176, 41, 47, 1, '', 3, '32.50', ''),
(443, 177, 37, 8, 1, '', 20, '26.00', ''),
(444, 178, 25, 8, 1, '', 150, '23.94', ''),
(445, 178, 46, 90, 1, NULL, 150, '28.80', ''),
(446, 179, 51, 11, 1, '', 80, '33.12', ''),
(447, 179, 51, 11, 2, NULL, 45, '33.12', ''),
(542, 179, 51, 144, 1, 'comprado outro codigo cor diferente', 35, '33.00', ''),
(449, 180, 18, 87, 1, '', 65, '11.50', ''),
(450, 180, 20, 91, 1, '', 500, '21.90', ''),
(451, 181, 20, 91, 1, 'AZUL MARINHO NOITE', 89, '23.90', ''),
(452, 181, 46, 90, 1, '', 28, '34.90', ''),
(453, 181, 20, 91, 1, 'CALÇA PARA VIGIA', 45, '38.90', ''),
(544, 210, 51, 11, 2, '', 6, '33.12', 'EMATEX'),
(455, 182, 20, 8, 1, '', 50, '21.90', ''),
(456, 182, 18, 27, 1, '', 50, '17.50', ''),
(457, 183, 20, 59, 1, '', 12, '28.60', ''),
(458, 174, 25, 18, 1, NULL, 8, '23.40', ''),
(459, 184, 20, 91, 1, '', 248, '23.87', ''),
(460, 185, 35, 5, 1, '', 15, '42.00', ''),
(461, 186, 18, 137, 1, '', 12, '14.00', ''),
(462, 186, 20, 18, 1, 'UTILIZAR PRONTA ENTREGA', 10, '21.90', ''),
(463, 187, 51, 11, 1, '', 45, '40.00', ''),
(464, 187, 51, 11, 2, NULL, 24, '40.00', ''),
(465, 188, 20, 91, 1, '', 16, '23.87', ''),
(466, 189, 20, 91, 1, '', 32, '23.90', ''),
(467, 190, 20, 5, 1, '', 330, '20.50', ''),
(468, 190, 20, 8, 1, NULL, 420, '20.50', ''),
(469, 190, 25, 5, 1, '', 330, '21.30', ''),
(470, 190, 25, 8, 1, NULL, 420, '21.30', ''),
(471, 181, 18, 20, 1, 'operacional', 55, '15.90', ''),
(472, 181, 18, 136, 1, 'vistoriador', 50, '15.90', ''),
(473, 181, 18, 20, 1, 'manutenção', 50, '15.90', ''),
(474, 181, 18, 91, 1, 'camisa vigia', 37, '38.90', ''),
(543, 210, 51, 11, 1, '', 20, '33.12', 'EMATEX'),
(541, 209, 58, 125, 1, '', 35, '40.00', 'EMATEX'),
(478, 189, 46, 90, 1, '', 32, '34.90', ''),
(479, 189, 41, 20, 1, '', 19, '23.90', ''),
(480, 189, 18, 136, 1, '', 45, '15.90', ''),
(481, 191, 41, 126, 2, '', 7, '26.20', ''),
(482, 192, 20, 5, 1, '', 162, '21.30', ''),
(483, 192, 25, 5, 1, '', 162, '21.30', ''),
(484, 193, 20, 18, 1, '', 180, '0.00', ''),
(485, 194, 20, 18, 1, '', 23, '23.50', ''),
(486, 194, 18, 20, 1, NULL, 23, '17.80', ''),
(487, 195, 20, 18, 1, NULL, 21, '23.50', ''),
(488, 195, 25, 18, 1, NULL, 9, '26.30', ''),
(489, 195, 18, 20, 1, '', 9, '12.00', ''),
(490, 195, 18, 20, 1, '', 6, '14.30', ''),
(491, 195, 51, 11, 2, '', 1, '24.90', ''),
(492, 195, 51, 11, 2, '', 1, '34.60', ''),
(493, 196, 20, 18, 1, '', 16, '23.20', ''),
(494, 196, 25, 18, 1, '', 12, '24.30', ''),
(495, 196, 57, 18, 1, NULL, 10, '9.30', ''),
(496, 197, 20, 18, 1, '', 8, '23.50', ''),
(497, 197, 25, 18, 1, '', 2, '26.30', ''),
(498, 197, 25, 18, 1, '', 2, '24.30', ''),
(499, 197, 18, 20, 1, NULL, 6, '17.80', ''),
(500, 198, 20, 18, 1, '', 33, '23.50', ''),
(501, 198, 25, 18, 1, '', 27, '26.30', ''),
(502, 198, 57, 18, 1, NULL, 15, '9.30', ''),
(503, 198, 51, 11, 2, '', 2, '34.60', ''),
(504, 199, 20, 18, 1, '', 24, '23.50', ''),
(505, 199, 20, 18, 1, NULL, 31, '23.50', ''),
(506, 199, 25, 18, 1, NULL, 28, '26.30', ''),
(507, 199, 18, 20, 1, '', 14, '14.30', ''),
(508, 199, 57, 18, 1, NULL, 20, '9.30', ''),
(509, 200, 20, 18, 1, '', 20, '23.50', ''),
(510, 200, 25, 18, 1, NULL, 20, '26.30', ''),
(511, 200, 57, 18, 1, NULL, 10, '9.30', ''),
(512, 193, 18, 33, 1, '', 220, '0.00', ''),
(513, 201, 41, 124, 1, '', 3, '24.90', ''),
(514, 201, 18, 124, 1, '', 3, '16.80', ''),
(515, 201, 18, 123, 1, NULL, 12, '16.80', ''),
(516, 201, 46, 90, 1, NULL, 12, '38.50', ''),
(517, 202, 20, 5, 1, '', 104, '25.60', ''),
(518, 202, 25, 5, 1, '', 160, '26.20', ''),
(520, 203, 25, 8, 1, '', 120, '23.90', ''),
(521, 203, 46, 90, 1, NULL, 150, '28.80', ''),
(522, 204, 18, 140, 1, '', 20, '19.50', ''),
(523, 204, 41, 47, 2, '', 2, '36.90', ''),
(524, 204, 41, 140, 2, '', 3, '36.90', ''),
(525, 205, 25, 3, 1, '', 30, '23.94', ''),
(526, 205, 51, 11, 1, '', 10, '33.12', ''),
(527, 205, 51, 11, 2, '', 3, '33.12', ''),
(528, 205, 58, 125, 2, '', 1, '40.00', ''),
(529, 202, 20, 18, 1, NULL, 30, '25.60', ''),
(530, 202, 25, 18, 1, NULL, 30, '28.75', ''),
(531, 202, 51, 11, 1, NULL, 30, '33.12', ''),
(532, 206, 35, 5, 1, '', 135, '42.00', ''),
(533, 207, 20, 71, 1, '', 2, '21.50', ''),
(534, 207, 20, 8, 1, NULL, 1, '21.50', ''),
(535, 207, 18, 27, 1, NULL, 3, '14.50', ''),
(536, 207, 18, 58, 1, NULL, 3, '21.00', ''),
(537, 208, 41, 126, 1, '', 20, '23.90', 'MEGATEX/REGIS NOVIDADES'),
(538, 208, 18, 65, 1, 'brigada', 13, '15.90', 'MEGATEX/REGIS NOVIDADES'),
(539, 208, 51, 143, 2, '', 68, '44.90', 'MEGATEX/REGIS NOVIDADES'),
(540, 208, 22, 142, 2, '', 69, '42.90', 'MEGATEX/REGIS NOVIDADES'),
(545, 210, 51, 11, 1, '', 14, '40.00', 'EMATEX'),
(546, 205, 51, 11, 1, NULL, 4, '33.00', ''),
(547, 211, 23, 58, 1, '', 115, '19.00', 'OUTROS'),
(548, 211, 20, 18, 1, 'PRONTA ENTREGA', 90, '29.00', 'OUTROS'),
(549, 212, 20, 8, 1, '', 28, '20.90', 'EMATEX'),
(550, 212, 25, 3, 1, '', 23, '23.90', 'EMATEX'),
(551, 213, 23, 37, 1, '', 15, '17.00', 'EMATEX'),
(552, 213, 20, 8, 1, '', 15, '24.00', 'EMATEX'),
(553, 213, 23, 37, 1, '', 6, '20.00', 'EMATEX'),
(554, 214, 23, 37, 1, '', 11, '17.00', 'EMATEX'),
(555, 214, 20, 8, 1, '', 11, '24.00', 'EMATEX'),
(556, 214, 23, 37, 1, '', 4, '20.00', 'EMATEX'),
(557, 215, 35, 9, 1, '', 12, '42.00', 'EMATEX'),
(558, 216, 20, 18, 1, 'Sr PAIXÃO', 4, '23.00', 'OUTROS'),
(559, 216, 20, 8, 1, 'CIA DAS LAJES', 10, '20.90', 'OUTROS'),
(560, 217, 20, 5, 1, 'TROCAR FAIXAS', 4, '0.00', 'OUTROS'),
(561, 217, 25, 9, 1, 'TROCAR FAIXAS', 16, '0.00', 'OUTROS'),
(562, 217, 25, 9, 1, 'apagar OAS do silk', 2, '0.00', 'OUTROS'),
(563, 217, 25, 16, 1, 'apagar OAS do silk', 1, '0.00', 'OUTROS'),
(564, 218, 20, 18, 1, 'EBL', 2, '0.00', 'OUTROS'),
(565, 219, 25, 31, 1, 'PRONTA ENTREGA', 5, '25.00', 'OUTROS'),
(566, 219, 20, 28, 1, 'PRONTA ENTREGA', 5, '25.00', 'OUTROS'),
(567, 220, 20, 18, 1, '20ADM,3MOSAIC', 23, '23.50', ''),
(568, 220, 18, 20, 1, '20ADM,3MOSAIC', 23, '17.80', ''),
(569, 221, 20, 18, 1, '', 16, '23.50', ''),
(570, 221, 25, 16, 1, '2 CORES (CINZA E AZUL ROYAL)', 2, '25.80', ''),
(571, 221, 23, 20, 1, '', 8, '11.50', ''),
(572, 221, 23, 20, 1, '', 3, '13.80', ''),
(573, 221, 51, 11, 1, '', 2, '24.90', ''),
(596, 221, 23, 20, 1, NULL, 9, '17.30', ''),
(575, 222, 20, 18, 1, '', 14, '23.20', ''),
(576, 222, 25, 16, 1, '2 CORES (CINZA E AZUL ROYAL)', 14, '24.30', ''),
(577, 222, 57, 18, 1, '', 5, '9.30', ''),
(578, 223, 20, 18, 1, '', 17, '23.50', ''),
(581, 223, 23, 20, 1, '', 23, '17.80', ''),
(582, 224, 20, 18, 1, '', 27, '23.50', ''),
(583, 224, 25, 16, 1, '2 CORES (CINZA E AZUL ROYAL)', 27, '26.30', ''),
(584, 224, 57, 18, 1, '', 10, '9.30', ''),
(598, 226, 51, 11, 1, NULL, 2, '34.60', ''),
(586, 226, 20, 18, 1, '', 22, '23.50', ''),
(587, 226, 20, 18, 1, '', 29, '23.50', ''),
(588, 226, 25, 16, 1, '2 CORES (CINZA E AZUL ROYAL)', 18, '25.80', ''),
(589, 226, 23, 20, 1, '', 23, '17.20', ''),
(590, 226, 57, 18, 1, '', 15, '9.30', ''),
(591, 227, 20, 18, 1, '', 10, '23.50', ''),
(592, 227, 23, 20, 1, '', 10, '17.20', ''),
(594, 220, 57, 18, 1, 'ADM', 5, '9.30', ''),
(595, 221, 25, 16, 1, '2 CORES (CINZA E AZUL ROYAL)', 3, '23.00', ''),
(597, 222, 23, 20, 1, NULL, 4, '12.00', ''),
(599, 228, 20, 102, 1, '', 50, '23.30', 'OUTROS'),
(600, 228, 25, 75, 1, '', 50, '24.50', 'OUTROS'),
(601, 229, 35, 12, 1, 'AZUL MARINHO NOITE', 60, '45.00', 'OUTROS'),
(602, 230, 23, 33, 1, '', 20, '15.00', 'OUTROS'),
(603, 231, 53, 137, 1, NULL, 3, '0.00', ''),
(604, 233, 37, 111, 1, '+ 10cm no comprimento - CONFIRMAR TAMANHOS', 470, '0.00', 'OUTROS'),
(605, 234, 18, 33, 1, '', 20, '15.00', 'OUTROS'),
(606, 235, 25, 16, 1, '', 2, '27.30', 'OUTROS'),
(607, 235, 25, 16, 2, '', 2, '26.40', 'OUTROS'),
(608, 236, 51, 11, 1, '', 5, '33.12', ''),
(610, 236, 51, 11, 1, '', 5, '33.00', ''),
(611, 236, 51, 11, 1, NULL, 5, '33.00', ''),
(612, 236, 59, 3, 1, '', 15, '13.00', ''),
(613, 237, 22, 146, 1, '', 100, '29.80', ''),
(616, 237, 36, 6, 1, '', 62, '36.00', ''),
(615, 237, 36, 7, 1, '', 65, '36.00', ''),
(617, 237, 36, 6, 2, '', 150, '33.80', ''),
(620, 237, 20, 146, 1, 'FAXINA', 80, '26.80', ''),
(619, 237, 25, 146, 2, 'COPEIRA (AUMENTAR 5CM NO COMPRIMENTO DO MODELO)', 57, '26.80', ''),
(621, 237, 22, 146, 2, 'CÓS ALTO', 312, '29.80', ''),
(622, 238, 20, 18, 1, '', 36, '25.60', 'OUTROS'),
(623, 238, 25, 90, 1, 'conforme modelo', 10, '43.60', ''),
(624, 238, 59, 3, 1, 'SOLDADOR', 15, '13.50', ''),
(625, 238, 59, 16, 1, 'SOLDADOR', 15, '13.50', ''),
(626, 238, 25, 16, 1, '', 20, '28.75', ''),
(627, 239, 41, 58, 1, '', 5, '32.00', 'OUTROS'),
(628, 240, 18, 149, 2, '', 10, '15.00', 'OUTROS'),
(629, 241, 20, 8, 1, '', 40, '20.50', 'OUTROS'),
(630, 242, 20, 8, 1, '', 60, '20.50', 'OUTROS'),
(631, 243, 61, 6, 2, '', 58, '33.80', 'OUTROS'),
(632, 243, 36, 6, 1, '', 8, '36.00', 'OUTROS'),
(633, 243, 60, 146, 2, 'aumentar 3cm no comprimento', 4, '28.00', ''),
(634, 243, 22, 146, 2, 'CÓS ALTO', 60, '29.80', ''),
(635, 243, 22, 146, 1, '', 4, '29.80', ''),
(636, 244, 25, 8, 1, '', 14, '24.80', 'OUTROS'),
(637, 244, 20, 8, 1, '', 14, '21.30', 'OUTROS'),
(638, 245, 35, 146, 1, '', 10, '61.00', ''),
(639, 246, 18, 47, 1, '', 100, '11.50', 'OUTROS'),
(640, 247, 35, 146, 1, '', 10, '61.00', 'OUTROS'),
(641, 238, 58, 125, 1, NULL, 4, '40.00', ''),
(642, 248, 37, 145, 1, 'aumentar 10 cm no comprimento', 180, '26.00', 'OUTROS'),
(643, 249, 20, 18, 1, '19ADM,2MOSAIC', 21, '23.50', ''),
(644, 249, 23, 20, 1, '20ADM,2MOSAIC', 22, '17.80', ''),
(676, 257, 20, 108, 1, '', 150, '22.90', 'OUTROS'),
(646, 250, 20, 18, 1, '', 19, '23.50', ''),
(647, 250, 25, 16, 1, '2 CORES (CINZA E AZUL ROYAL)', 6, '25.80', ''),
(648, 250, 23, 20, 1, '', 15, '11.50', ''),
(675, 252, 57, 18, 1, NULL, 6, '9.30', ''),
(673, 252, 51, 11, 2, '', 1, '24.90', ''),
(651, 250, 23, 20, 1, '', 2, '17.30', ''),
(672, 252, 51, 11, 2, '', 1, '24.90', ''),
(653, 251, 20, 18, 1, '', 15, '23.20', ''),
(654, 251, 25, 16, 1, '2 CORES (CINZA E AZUL ROYAL)', 13, '24.30', ''),
(655, 251, 57, 18, 1, '', 3, '9.30', ''),
(656, 251, 23, 20, 1, '', 4, '12.00', ''),
(657, 252, 20, 18, 1, '', 12, '23.50', ''),
(658, 252, 23, 20, 1, '', 25, '17.80', ''),
(659, 253, 20, 18, 1, '', 28, '23.50', ''),
(660, 253, 25, 16, 1, '2 CORES (CINZA E AZUL ROYAL)', 28, '26.30', ''),
(661, 253, 57, 18, 1, '', 10, '9.30', ''),
(674, 255, 51, 11, 2, '', 3, '34.60', ''),
(663, 254, 20, 18, 1, '', 25, '23.50', ''),
(664, 254, 20, 18, 1, '', 29, '23.50', ''),
(665, 254, 25, 16, 1, '2 CORES (CINZA E AZUL ROYAL)', 22, '25.80', ''),
(666, 254, 23, 20, 1, '', 16, '17.20', ''),
(667, 254, 57, 18, 1, '', 2, '9.30', ''),
(668, 255, 20, 18, 1, '', 15, '23.50', ''),
(669, 255, 23, 20, 1, '', 15, '17.20', ''),
(670, 256, 25, 16, 1, '', 2, '27.30', 'OUTROS'),
(671, 256, 25, 16, 2, '', 2, '26.40', 'OUTROS'),
(677, 257, 23, 151, 1, 'THATI MALHA', 100, '10.50', 'OUTROS'),
(678, 258, 20, 8, 1, 'MANUTENÇÃO', 82, '21.90', 'OUTROS'),
(679, 258, 20, 8, 1, 'CURRAL', 18, '21.90', 'OUTROS'),
(680, 258, 23, 27, 1, '', 40, '10.90', ''),
(681, 259, 20, 113, 1, '1017  SANTANENSE', 100, '22.90', ''),
(682, 260, 20, 18, 1, '8047 COR CEDROPAX', 60, '20.90', 'OUTROS'),
(683, 260, 18, 99, 1, '0003 COR MEGATEUX', 70, '12.20', 'OUTROS'),
(684, 261, 35, 66, 1, '', 60, '42.00', 'OUTROS'),
(685, 262, 18, 47, 1, '', 30, '11.50', 'OUTROS'),
(686, 263, 20, 157, 1, 'cor cedropac', 26, '20.90', 'OUTROS'),
(687, 264, 43, 3, 1, '', 75, '93.90', 'OUTROS'),
(688, 264, 43, 60, 1, '2020', 75, '85.00', 'OUTROS'),
(689, 264, 25, 152, 1, '6008 ROYAL', 25, '34.90', 'OUTROS'),
(690, 264, 25, 60, 1, '4001', 25, '34.90', ''),
(691, 264, 20, 59, 1, '4001', 25, '22.50', ''),
(692, 264, 20, 153, 1, '6008', 25, '22.50', ''),
(694, 265, 23, 154, 1, 'CHOCOLATE TATI MALHAS', 80, '9.90', 'OUTROS'),
(695, 265, 20, 113, 1, 'SANTANENSE 1017', 80, '22.90', 'OUTROS'),
(696, 265, 20, 155, 1, '1021 SANTANENSE', 20, '22.90', ''),
(697, 265, 23, 156, 1, 'AREIA - TATI MALHAS', 20, '9.90', ''),
(698, 266, 20, 8, 1, 'TIPO PRONTA ENTREGA', 4, '17.10', 'OUTROS'),
(699, 266, 23, 3, 1, 'TIPO PRONTA ENTREGA', 8, '12.90', 'OUTROS'),
(701, 267, 18, 76, 1, '', 390, '12.50', 'OUTROS'),
(702, 267, 20, 66, 1, '', 390, '19.00', ''),
(703, 264, 18, 42, 1, NULL, 30, '22.90', ''),
(704, 268, 51, 11, 1, '', 1, '34.60', ''),
(705, 268, 51, 11, 1, '', 1, '29.80', 'OUTROS'),
(706, 268, 25, 16, 1, '2 cores', 1, '26.30', 'OUTROS'),
(707, 264, 51, 158, 1, 'g1 0001', 40, '44.90', ''),
(708, 264, 51, 158, 1, NULL, 40, '48.49', ''),
(709, 264, 18, 133, 1, NULL, 40, '15.90', ''),
(710, 264, 18, 21, 1, '3001', 20, '22.90', ''),
(711, 264, 18, 159, 1, NULL, 40, '15.90', ''),
(712, 269, 20, 18, 1, '', 50, '23.32', ''),
(713, 269, 25, 18, 1, '', 50, '25.78', ''),
(714, 270, 20, 18, 1, '', 1, '23.50', NULL),
(715, 270, 23, 20, 1, '', 1, '17.80', NULL),
(719, 272, 18, 99, 1, '0003 COR MEGATEUX', 30, '12.20', NULL),
(784, 272, 20, 18, 1, '8047 COR CEDROPAX', 20, '20.90', NULL),
(720, 273, 51, 11, 1, '', 3, '46.36', NULL),
(721, 273, 46, 49, 1, '', 3, '40.36', NULL),
(792, 299, 23, 27, 1, '', 26, '11.80', NULL),
(723, 275, 20, 18, 1, '', 25, '22.90', NULL),
(735, 280, 23, 27, 1, '', 50, '12.00', NULL),
(734, 280, 20, 8, 1, '', 60, '22.00', NULL),
(726, 276, 20, 8, 1, '', 30, '22.00', NULL),
(727, 276, 23, 27, 1, '', 40, '12.00', NULL),
(728, 276, 23, 27, 1, '', 40, '18.00', NULL),
(729, 277, 20, 8, 1, '', 20, '22.00', NULL),
(730, 277, 23, 27, 1, '', 40, '12.00', NULL),
(731, 278, 20, 8, 1, '', 40, '22.00', NULL),
(736, 281, 20, 18, 1, '', 20, '23.50', NULL),
(737, 281, 25, 16, 1, '2 CORES (CINZA E AZUL ROYAL)', 22, '26.30', NULL),
(738, 282, 20, 18, 1, '', 22, '23.50', NULL),
(739, 282, 23, 20, 1, '', 22, '17.80', NULL),
(740, 282, 57, 18, 1, 'ADM', 10, '9.30', NULL),
(741, 283, 20, 18, 1, '18 ADM,4 MOSAIC', 22, '23.50', NULL),
(742, 283, 23, 20, 1, '18ADM,4MOSAIC', 22, '17.80', NULL),
(743, 283, 57, 18, 1, 'ADM', 10, '9.30', NULL),
(744, 284, 20, 18, 1, '', 20, '23.50', NULL),
(745, 284, 25, 16, 1, '2 CORES (CINZA E AZUL ROYAL)', 22, '26.30', NULL),
(746, 285, 20, 18, 1, '', 19, '23.20', NULL),
(747, 285, 25, 16, 1, '2 CORES (CINZA E AZUL ROYAL)', 9, '24.20', NULL),
(748, 285, 57, 18, 1, '', 5, '9.30', NULL),
(749, 286, 20, 18, 1, 'CATALAO/MOSAIC', 10, '23.50', NULL),
(791, 299, 23, 99, 1, '', 15, '11.80', NULL),
(751, 286, 51, 11, 2, '', 3, '26.30', NULL),
(790, 274, 18, 99, 1, '', 20, '12.20', NULL),
(789, 287, 25, 16, 1, '2 cores (cinza e azul royal)', 28, '26.30', NULL),
(788, 287, 20, 18, 1, '', 27, '23.50', NULL),
(756, 275, 41, 21, 1, '', 10, '27.80', NULL),
(757, 275, 23, 27, 1, '', 50, '15.30', NULL),
(758, 288, 20, 18, 1, '', 33, '23.50', NULL),
(759, 288, 20, 18, 1, '', 34, '23.50', NULL),
(760, 288, 25, 16, 1, '2 CORES (CINZA E AZUL ROYAL)', 8, '26.30', NULL),
(761, 288, 23, 20, 1, '', 21, '17.80', NULL),
(780, 288, 51, 11, 1, '', 2, '29.90', NULL),
(763, 288, 57, 18, 1, '', 10, '9.30', NULL),
(764, 279, 23, 27, 1, '', 50, '12.00', NULL),
(765, 279, 20, 8, 1, '', 60, '22.00', NULL),
(793, 299, 20, 91, 1, 'PASSADOR DE CINTO (PRESILHAS)', 55, '25.20', NULL),
(787, 289, 20, 28, 1, '', 100, '29.00', NULL),
(798, 301, 18, 104, 1, '', 30, '12.90', NULL),
(769, 291, 20, 18, 1, '', 100, '20.90', NULL),
(770, 292, 18, 99, 1, '0003 COR MEGATEUX', 16, '12.20', NULL),
(771, 292, 20, 18, 1, '8047 COR CEDROPAX', 16, '20.90', NULL),
(772, 293, 32, 2, 1, '', 1, '34.00', NULL),
(773, 293, 20, 8, 1, '2º ITEM', 1, '1.00', NULL),
(774, 294, 20, 18, 1, '', 105, '22.00', NULL),
(779, 296, 20, 66, 1, '', 0, '19.00', NULL),
(776, 295, 20, 66, 1, '', 220, '19.00', NULL),
(777, 293, 25, 3, 1, '', 10, '2.00', NULL),
(778, 293, 22, 35, 1, '', 10, '3.00', NULL),
(781, 297, 18, 76, 1, 'TERRAÇO COMSA', 220, '12.50', NULL),
(782, 297, 20, 66, 1, '', 220, '19.00', NULL),
(786, 298, 18, 104, 1, '', 120, '13.00', NULL),
(844, 319, 41, 20, 1, 'VELCRO ( 2 QUADRADINHO DE 0,02 CM CADA', 4, '26.50', NULL),
(795, 300, 20, 66, 1, '', 180, '19.00', NULL),
(796, 300, 51, 11, 1, '', 35, '37.00', NULL),
(797, 300, 18, 76, 1, 'COM TARJA NO BRAÇO', 180, '12.50', NULL),
(799, 301, 55, 71, 1, '', 30, '22.00', NULL),
(800, 302, 20, 148, 1, '', 80, '23.00', NULL),
(801, 302, 48, 148, 1, '', 50, '12.00', NULL),
(802, 303, 20, 8, 1, 'TIPO PRONTA ENTREGA', 35, '21.30', NULL),
(803, 303, 20, 18, 1, 'TIPO PRONTA ENTREGA', 15, '21.30', NULL),
(804, 303, 25, 8, 1, '', 25, '24.80', NULL),
(805, 303, 25, 18, 1, '', 15, '24.80', NULL),
(806, 304, 20, 5, 1, '', 24, '25.70', NULL),
(807, 304, 25, 5, 1, '', 20, '28.60', NULL),
(808, 305, 23, 58, 1, '', 110, '19.00', NULL),
(809, 305, 20, 18, 1, 'PRONTA ENTREGA', 110, '29.00', NULL),
(810, 306, 25, 90, 1, 'conforme modelo', 19, '43.60', NULL),
(811, 307, 51, 11, 2, '', 19, '33.00', NULL),
(812, 307, 51, 11, 1, '', 27, '33.00', NULL),
(814, 307, 37, 111, 1, '', 6, '38.00', NULL),
(815, 308, 20, 18, 1, '', 37, '23.50', NULL),
(816, 308, 20, 18, 1, '', 24, '23.50', NULL),
(817, 308, 25, 16, 1, '2 CORES (CINZA E AZUL ROYAL)', 12, '26.30', NULL),
(818, 308, 57, 18, 1, '', 10, '9.30', NULL),
(819, 308, 23, 20, 1, '', 24, '17.80', NULL),
(820, 309, 20, 18, 1, '', 22, '23.50', NULL),
(821, 309, 23, 20, 1, '', 21, '17.80', NULL),
(822, 309, 57, 18, 1, 'ADM', 10, '9.30', NULL),
(823, 310, 25, 16, 1, '2 cores (cinza e azul royal)', 28, '26.30', NULL),
(824, 310, 20, 18, 1, '', 26, '23.50', NULL),
(825, 310, 57, 16, 1, '', 15, '9.30', NULL),
(826, 311, 20, 18, 1, '', 23, '23.50', NULL),
(827, 311, 18, 16, 1, '2 CORES (CINZA E AZUL ROYAL)', 10, '26.30', NULL),
(828, 312, 20, 18, 1, 'CATALAO/MOSAIC', 26, '23.50', NULL),
(829, 312, 51, 11, 2, '', 2, '26.30', NULL),
(830, 312, 23, 20, 1, '', 16, '17.80', NULL),
(831, 313, 20, 18, 1, '', 22, '23.50', NULL),
(832, 313, 25, 16, 1, '2 CORES (CINZA E AZUL ROYAL)', 17, '26.30', NULL),
(833, 313, 57, 18, 1, '', 5, '9.30', NULL),
(834, 314, 23, 27, 1, '', 20, '16.00', NULL),
(835, 314, 53, 21, 1, '', 24, '27.50', NULL),
(836, 315, 18, 76, 1, '', 30, '11.00', NULL),
(837, 315, 20, 66, 1, '', 100, '17.50', NULL),
(838, 316, 22, 146, 1, '', 30, '29.80', NULL),
(839, 317, 23, 20, 1, '', 10, '17.80', NULL),
(840, 317, 18, 16, 1, '2 CORES (CINZA E AZUL ROYAL)', 5, '26.30', NULL),
(841, 311, 23, 20, 1, '', 5, '17.80', NULL),
(842, 318, 51, 11, 1, '', 4, '33.00', NULL),
(843, 318, 51, 11, 1, '', 3, '33.00', NULL),
(845, 319, 41, 20, 2, 'VELCRO ( 2 QUADRADINHO DE 0,02 CM CADA', 2, '26.50', NULL),
(846, 320, 18, 76, 1, '', 100, '11.00', NULL),
(847, 320, 20, 66, 1, '', 240, '17.50', NULL),
(848, 321, 20, 106, 1, '', 26, '25.90', NULL),
(849, 321, 41, 159, 1, '', 6, '24.90', NULL),
(850, 321, 23, 104, 1, '', 20, '10.90', NULL),
(851, 321, 25, 29, 1, '', 6, '28.00', NULL),
(852, 322, 18, 99, 1, '', 80, '12.20', NULL),
(854, 322, 20, 18, 1, '', 60, '20.90', NULL),
(855, 323, 20, 66, 1, '', 15, '17.50', NULL),
(856, 324, 20, 18, 1, '', 28, '23.50', NULL),
(857, 324, 25, 18, 1, '', 31, '26.30', NULL),
(858, 325, 20, 8, 1, 'SILK SALA DE MAQUINAS', 28, '22.40', NULL),
(859, 325, 20, 8, 1, '', 16, '22.40', NULL),
(860, 325, 20, 129, 1, '', 500, '20.40', NULL),
(861, 325, 23, 47, 1, '', 500, '10.10', NULL),
(862, 326, 18, 76, 1, '', 120, '11.00', NULL),
(863, 326, 20, 66, 1, '', 320, '17.50', NULL),
(864, 327, 41, 133, 1, 'SILK FRIVASA MOTORISTA', 40, '15.90', NULL),
(865, 328, 23, 47, 1, '', 630, '9.50', NULL),
(866, 328, 20, 129, 1, '', 406, '21.80', NULL),
(867, 328, 60, 129, 2, 'SAIA EM SARJA', 184, '19.80', NULL),
(868, 328, 25, 132, 1, '', 300, '11.33', NULL),
(869, 329, 51, 11, 1, '', 6, '40.00', NULL),
(870, 329, 46, 49, 1, '', 20, '29.52', NULL),
(871, 329, 23, 3, 1, '', 80, '23.94', NULL),
(872, 330, 18, 76, 1, '', 150, '11.00', NULL),
(873, 330, 20, 66, 1, '', 190, '17.50', NULL),
(874, 331, 51, 11, 2, '', 20, '33.00', NULL),
(875, 332, 20, 66, 1, '', 50, '17.50', NULL);

-- --------------------------------------------------------

--
-- Estrutura da tabela `sv_saida_estoque`
--

CREATE TABLE IF NOT EXISTS `sv_saida_estoque` (
  `id` int(11) NOT NULL,
  `materia_prima_id` int(11) NOT NULL,
  `pedidos_id` int(11) NOT NULL,
  `data` date NOT NULL,
  `quantidade` int(11) NOT NULL
) ENGINE=MyISAM DEFAULT CHARSET=latin1;

-- --------------------------------------------------------

--
-- Estrutura da tabela `sv_tamanho_produto_has_pedidos`
--

CREATE TABLE IF NOT EXISTS `sv_tamanho_produto_has_pedidos` (
  `id` int(11) NOT NULL,
  `produto_has_pedidos_id` int(11) NOT NULL,
  `categoria_id` int(11) NOT NULL,
  `quantidade` int(10) DEFAULT NULL,
  `obs` varchar(255) DEFAULT NULL
) ENGINE=MyISAM AUTO_INCREMENT=4678 DEFAULT CHARSET=latin1;

--
-- Extraindo dados da tabela `sv_tamanho_produto_has_pedidos`
--

INSERT INTO `sv_tamanho_produto_has_pedidos` (`id`, `produto_has_pedidos_id`, `categoria_id`, `quantidade`, `obs`) VALUES
(1, 1, 34, 4, NULL),
(2, 1, 35, 4, ''),
(3, 1, 36, 4, ''),
(4, 2, 34, 4, NULL),
(5, 2, 35, 4, ''),
(6, 2, 36, 4, ''),
(7, 3, 34, 30, NULL),
(8, 5, 34, 33, NULL),
(9, 7, 34, 1, NULL),
(10, 8, 36, 20, ''),
(11, 8, 37, 30, ''),
(12, 8, 38, 30, ''),
(13, 8, 42, 20, ''),
(14, 9, 36, 20, ''),
(15, 9, 37, 30, ''),
(16, 9, 38, 30, ''),
(17, 9, 42, 20, ''),
(18, 10, 37, 16, ''),
(19, 10, 43, 16, ''),
(20, 11, 35, 16, ''),
(21, 11, 36, 16, ''),
(22, 12, 36, 50, ''),
(23, 12, 37, 50, ''),
(24, 12, 38, 50, ''),
(25, 12, 43, 50, ''),
(26, 13, 36, 50, ''),
(27, 13, 37, 50, ''),
(28, 13, 38, 100, ''),
(29, 14, 36, 3, ''),
(30, 14, 37, 3, ''),
(31, 14, 38, 1, ''),
(32, 17, 37, 2, ''),
(33, 17, 38, 4, ''),
(34, 17, 42, 4, ''),
(35, 17, 43, 4, ''),
(36, 18, 37, 4, ''),
(37, 18, 38, 2, ''),
(38, 18, 42, 2, ''),
(39, 18, 43, 2, ''),
(46, 20, 35, 4, ''),
(47, 20, 36, 22, ''),
(48, 20, 37, 24, ''),
(49, 20, 38, 4, ''),
(50, 20, 42, 4, ''),
(51, 20, 43, 4, ''),
(58, 22, 37, 2, ''),
(59, 22, 38, 1, ''),
(60, 22, 42, 1, ''),
(61, 22, 43, 1, ''),
(62, 23, 35, 4, ''),
(63, 23, 36, 22, ''),
(64, 23, 37, 24, ''),
(65, 23, 38, 4, ''),
(66, 23, 42, 4, ''),
(67, 23, 43, 4, ''),
(68, 24, 35, 6, ''),
(69, 24, 36, 18, ''),
(70, 24, 37, 14, ''),
(71, 24, 38, 3, ''),
(72, 24, 42, 3, ''),
(73, 24, 43, 3, ''),
(74, 25, 35, 6, ''),
(75, 25, 36, 18, ''),
(76, 25, 37, 14, ''),
(77, 25, 38, 3, ''),
(78, 25, 42, 3, ''),
(79, 25, 43, 3, ''),
(80, 26, 35, 2, ''),
(81, 26, 37, 2, ''),
(82, 27, 35, 2, ''),
(83, 27, 36, 2, ''),
(84, 27, 37, 4, ''),
(85, 27, 38, 2, ''),
(86, 27, 42, 2, ''),
(87, 27, 43, 2, ''),
(88, 28, 35, 2, ''),
(89, 28, 36, 2, ''),
(90, 29, 35, 2, ''),
(91, 29, 36, 2, ''),
(92, 29, 37, 4, ''),
(93, 29, 38, 2, ''),
(94, 29, 42, 2, ''),
(95, 29, 43, 2, ''),
(96, 30, 36, 4, ''),
(97, 30, 37, 4, ''),
(98, 30, 38, 2, ''),
(99, 30, 42, 2, ''),
(100, 30, 43, 2, ''),
(101, 31, 36, 4, ''),
(102, 31, 37, 4, ''),
(103, 31, 38, 2, ''),
(104, 31, 42, 2, ''),
(105, 31, 43, 2, ''),
(106, 32, 35, 4, ''),
(107, 32, 36, 6, ''),
(108, 32, 37, 6, ''),
(109, 32, 38, 6, ''),
(110, 32, 42, 6, ''),
(111, 32, 43, 6, ''),
(112, 33, 35, 4, ''),
(113, 33, 37, 12, ''),
(114, 33, 38, 6, ''),
(115, 33, 42, 6, ''),
(116, 33, 43, 6, ''),
(117, 34, 36, 2, '44'),
(118, 34, 37, 2, '46'),
(119, 34, 38, 2, '50'),
(120, 34, 42, 2, '52'),
(121, 34, 43, 2, '54'),
(122, 35, 36, 2, ''),
(123, 35, 37, 2, ''),
(124, 35, 38, 2, ''),
(125, 35, 42, 2, ''),
(126, 35, 43, 2, ''),
(127, 36, 36, 2, ''),
(128, 36, 37, 2, ''),
(129, 36, 38, 2, ''),
(130, 36, 42, 2, ''),
(131, 36, 43, 2, ''),
(132, 37, 36, 2, ''),
(133, 37, 37, 2, ''),
(134, 37, 38, 2, ''),
(135, 37, 42, 2, ''),
(136, 37, 43, 2, ''),
(137, 38, 37, 2, ''),
(138, 39, 37, 2, ''),
(139, 40, 36, 9, '3'),
(140, 40, 37, 6, '4'),
(141, 40, 38, 10, '5'),
(142, 40, 42, 10, '6'),
(143, 40, 43, 10, ''),
(149, 42, 35, 6, '2'),
(150, 42, 37, 3, '4'),
(151, 43, 35, 8, ''),
(152, 43, 36, 12, ''),
(153, 43, 38, 8, ''),
(154, 43, 42, 8, ''),
(155, 43, 43, 8, ''),
(156, 44, 36, 8, ''),
(157, 44, 37, 6, ''),
(163, 41, 36, 9, '3'),
(164, 41, 37, 6, '4'),
(165, 41, 38, 10, '5'),
(166, 41, 42, 10, '6'),
(167, 41, 43, 10, ''),
(168, 19, 35, 4, ''),
(169, 19, 36, 14, ''),
(170, 19, 37, 16, ''),
(171, 19, 38, 8, ''),
(172, 19, 42, 8, ''),
(173, 19, 43, 8, ''),
(174, 21, 35, 2, ''),
(175, 21, 36, 6, ''),
(176, 21, 37, 8, ''),
(177, 21, 38, 5, ''),
(178, 21, 42, 5, ''),
(179, 21, 43, 5, ''),
(180, 45, 38, 1, ''),
(181, 45, 42, 1, ''),
(182, 45, 43, 1, ''),
(183, 46, 34, 2, ''),
(189, 47, 36, 10, '44'),
(190, 47, 37, 10, '46'),
(191, 47, 38, 10, '48'),
(192, 47, 42, 10, '50'),
(193, 47, 43, 10, '58'),
(194, 48, 36, 12, '2'),
(195, 48, 37, 12, '3'),
(196, 49, 36, 5, '3'),
(197, 49, 37, 4, '4'),
(198, 50, 37, 3, '44'),
(202, 53, 36, 2, ''),
(203, 53, 37, 2, ''),
(206, 52, 36, 2, ''),
(207, 52, 37, 2, ''),
(208, 54, 35, 40, ''),
(209, 54, 36, 40, ''),
(210, 54, 37, 40, ''),
(211, 54, 38, 20, ''),
(212, 54, 42, 20, ''),
(213, 54, 43, 20, ''),
(220, 55, 35, 40, ''),
(221, 55, 36, 40, ''),
(222, 55, 37, 40, ''),
(223, 55, 38, 20, ''),
(224, 55, 42, 20, ''),
(225, 55, 43, 20, ''),
(226, 56, 35, 30, ''),
(227, 56, 36, 30, ''),
(228, 56, 37, 30, ''),
(229, 51, 37, 2, ''),
(230, 58, 35, 1, ''),
(231, 58, 37, 1, ''),
(232, 60, 36, 2, ''),
(233, 60, 37, 2, ''),
(234, 60, 38, 2, ''),
(235, 60, 42, 2, ''),
(236, 61, 36, 2, ''),
(237, 61, 37, 2, ''),
(238, 61, 38, 2, ''),
(239, 62, 43, 2, ''),
(240, 63, 37, 12, ''),
(241, 63, 38, 6, ''),
(242, 63, 43, 3, ''),
(243, 64, 35, 2, ''),
(244, 64, 36, 4, ''),
(245, 64, 37, 6, ''),
(246, 65, 36, 18, ''),
(247, 65, 37, 2, ''),
(248, 65, 43, 4, 'TAMANHO ESPECIAL'),
(249, 66, 36, 18, ''),
(250, 66, 37, 2, ''),
(251, 66, 43, 4, 'TAMANHO ESPECIAL'),
(257, 69, 36, 28, ''),
(258, 69, 37, 20, ''),
(259, 69, 38, 4, ''),
(260, 69, 43, 4, ''),
(261, 70, 36, 2, ''),
(262, 70, 37, 6, ''),
(263, 70, 38, 2, ''),
(264, 71, 36, 2, ''),
(265, 71, 38, 2, ''),
(266, 72, 36, 2, ''),
(267, 72, 37, 12, ''),
(268, 72, 38, 1, ''),
(269, 73, 37, 4, ''),
(270, 74, 37, 2, ''),
(271, 74, 38, 2, ''),
(272, 75, 36, 6, ''),
(273, 75, 37, 8, ''),
(274, 76, 36, 4, ''),
(275, 76, 37, 8, ''),
(276, 76, 38, 2, ''),
(277, 77, 36, 2, ''),
(278, 77, 37, 12, ''),
(279, 77, 38, 1, ''),
(280, 78, 36, 2, ''),
(281, 78, 37, 6, ''),
(282, 79, 37, 2, ''),
(283, 79, 38, 2, ''),
(284, 80, 37, 5, ''),
(285, 81, 37, 1, ''),
(286, 81, 38, 1, ''),
(515, 82, 36, 2, ''),
(514, 82, 35, 1, ''),
(295, 85, 35, 40, ''),
(296, 85, 36, 40, ''),
(297, 85, 37, 40, ''),
(298, 84, 35, 40, ''),
(299, 84, 36, 40, ''),
(300, 84, 37, 40, ''),
(518, 83, 38, 1, ''),
(517, 83, 37, 1, ''),
(516, 83, 36, 1, ''),
(314, 86, 36, 4, ''),
(315, 86, 37, 4, ''),
(316, 86, 38, 3, ''),
(317, 86, 42, 4, ''),
(318, 86, 43, 5, ''),
(319, 87, 36, 4, ''),
(320, 87, 37, 4, ''),
(321, 87, 38, 3, ''),
(322, 87, 42, 4, ''),
(323, 87, 43, 5, ''),
(324, 89, 36, 4, ''),
(325, 89, 38, 2, ''),
(326, 68, 35, 10, ''),
(327, 68, 36, 62, ''),
(328, 68, 37, 52, ''),
(329, 68, 38, 6, ''),
(330, 68, 43, 6, ''),
(334, 91, 36, 8, ''),
(335, 91, 37, 10, ''),
(336, 91, 38, 2, ''),
(337, 92, 35, 2, ''),
(338, 92, 36, 8, ''),
(339, 92, 37, 8, ''),
(340, 92, 38, 2, ''),
(341, 93, 36, 4, ''),
(342, 93, 37, 14, ''),
(343, 93, 38, 6, ''),
(344, 95, 37, 4, ''),
(345, 94, 36, 6, ''),
(346, 94, 37, 20, ''),
(347, 94, 38, 14, ''),
(348, 96, 35, 1, ''),
(349, 96, 38, 1, ''),
(352, 97, 35, 1, ''),
(353, 97, 38, 1, ''),
(356, 98, 36, 2, ''),
(387, 99, 36, 8, ''),
(388, 99, 37, 5, ''),
(389, 99, 38, 1, ''),
(390, 100, 36, 8, ''),
(391, 100, 37, 5, ''),
(392, 100, 38, 1, ''),
(393, 101, 36, 2, ''),
(394, 101, 37, 2, ''),
(395, 102, 36, 10, ''),
(396, 102, 37, 20, ''),
(397, 102, 38, 10, ''),
(398, 103, 36, 10, ''),
(399, 103, 37, 20, ''),
(400, 103, 38, 10, ''),
(401, 104, 37, 10, ''),
(402, 105, 37, 10, ''),
(403, 106, 36, 1, ''),
(404, 106, 42, 1, ''),
(405, 107, 36, 1, ''),
(406, 107, 42, 1, ''),
(409, 109, 36, 10, ''),
(410, 109, 37, 10, ''),
(411, 108, 36, 35, ''),
(412, 108, 37, 35, ''),
(429, 112, 37, 10, ''),
(430, 111, 37, 50, ''),
(459, 113, 35, 9, ''),
(460, 113, 36, 87, ''),
(461, 113, 37, 84, ''),
(462, 113, 38, 51, ''),
(463, 113, 42, 6, ''),
(464, 114, 35, 13, ''),
(465, 114, 36, 38, ''),
(466, 114, 37, 37, ''),
(467, 114, 38, 20, ''),
(468, 114, 43, 3, ''),
(469, 115, 35, 8, ''),
(470, 115, 36, 52, ''),
(471, 115, 37, 38, ''),
(472, 115, 38, 25, ''),
(473, 115, 43, 3, ''),
(880, 122, 38, 3, ''),
(879, 122, 37, 3, ''),
(881, 121, 37, 6, ''),
(526, 116, 43, 5, ''),
(525, 116, 38, 30, ''),
(524, 116, 37, 20, ''),
(523, 116, 36, 5, ''),
(529, 117, 43, 5, ''),
(528, 117, 38, 10, ''),
(527, 117, 37, 25, ''),
(535, 118, 37, 3, ''),
(499, 119, 37, 3, ''),
(542, 126, 37, 1, ''),
(541, 126, 36, 3, ''),
(513, 124, 37, 8, ''),
(512, 124, 36, 8, ''),
(511, 88, 38, 40, ''),
(510, 88, 37, 20, ''),
(509, 88, 36, 40, ''),
(508, 88, 35, 20, ''),
(534, 125, 38, 3, ''),
(533, 125, 35, 3, ''),
(540, 126, 35, 3, ''),
(539, 127, 38, 1, ''),
(543, 128, 37, 16, ''),
(544, 129, 36, 2, ''),
(545, 129, 37, 8, ''),
(546, 129, 38, 4, ''),
(547, 129, 43, 2, ''),
(558, 130, 43, 2, ''),
(557, 130, 38, 2, ''),
(556, 130, 37, 2, ''),
(776, 131, 43, 4, ''),
(775, 131, 38, 8, ''),
(774, 131, 37, 18, ''),
(773, 131, 36, 8, ''),
(772, 131, 35, 2, ''),
(562, 132, 36, 10, ''),
(563, 132, 37, 20, ''),
(564, 132, 38, 10, ''),
(565, 132, 42, 8, ''),
(589, 133, 42, 6, ''),
(588, 133, 38, 24, ''),
(587, 133, 37, 24, ''),
(586, 133, 36, 21, ''),
(585, 134, 42, 5, ''),
(584, 134, 38, 10, ''),
(583, 134, 37, 10, ''),
(582, 134, 36, 10, ''),
(593, 135, 35, 10, ''),
(594, 135, 36, 20, ''),
(595, 135, 37, 10, ''),
(669, 136, 42, 18, ''),
(668, 136, 38, 30, ''),
(667, 136, 37, 32, ''),
(666, 136, 36, 31, ''),
(784, 137, 42, 36, ''),
(783, 137, 38, 60, ''),
(782, 137, 37, 60, ''),
(781, 137, 36, 60, ''),
(780, 137, 35, 36, ''),
(1104, 138, 42, 17, ''),
(1103, 138, 38, 35, ''),
(1102, 138, 37, 28, ''),
(1101, 138, 35, 17, ''),
(685, 139, 42, 34, ''),
(684, 139, 38, 26, ''),
(683, 139, 35, 8, ''),
(779, 140, 37, 32, ''),
(778, 140, 35, 22, ''),
(691, 141, 42, 14, ''),
(690, 141, 37, 26, ''),
(689, 141, 36, 33, ''),
(688, 141, 35, 21, ''),
(661, 142, 38, 1, ''),
(660, 142, 36, 2, ''),
(693, 143, 37, 2, ''),
(692, 143, 36, 2, ''),
(698, 144, 42, 12, ''),
(697, 144, 38, 18, ''),
(696, 144, 37, 36, ''),
(695, 144, 36, 20, ''),
(694, 144, 35, 14, ''),
(759, 146, 43, 16, ''),
(758, 146, 38, 20, ''),
(757, 146, 37, 90, ''),
(756, 146, 36, 80, ''),
(755, 146, 35, 60, ''),
(729, 147, 43, 16, ''),
(728, 147, 38, 20, ''),
(727, 147, 37, 90, ''),
(726, 147, 36, 80, ''),
(725, 147, 35, 60, ''),
(813, 145, 36, 80, ''),
(812, 145, 35, 60, ''),
(742, 148, 36, 3, ''),
(743, 149, 36, 3, ''),
(777, 151, 36, 12, ''),
(770, 152, 38, 1, ''),
(769, 152, 36, 1, ''),
(768, 152, 35, 1, ''),
(810, 150, 38, 10, ''),
(794, 161, 43, 4, ''),
(793, 161, 38, 8, ''),
(792, 161, 37, 18, ''),
(791, 161, 36, 8, ''),
(790, 161, 35, 2, ''),
(809, 163, 43, 4, ''),
(808, 163, 38, 8, ''),
(807, 163, 37, 18, ''),
(806, 163, 36, 8, ''),
(805, 163, 35, 2, ''),
(811, 150, 42, 2, ''),
(833, 169, 38, 5, ''),
(832, 169, 37, 10, ''),
(831, 169, 36, 10, ''),
(830, 169, 35, 5, ''),
(829, 168, 38, 5, ''),
(828, 168, 37, 10, ''),
(827, 168, 36, 10, ''),
(826, 168, 35, 5, ''),
(890, 170, 43, 5, ''),
(842, 153, 38, 50, ''),
(841, 153, 37, 99, ''),
(840, 153, 36, 99, ''),
(839, 153, 35, 50, ''),
(843, 154, 35, 46, ''),
(844, 154, 36, 92, ''),
(845, 154, 37, 92, ''),
(846, 154, 38, 46, ''),
(854, 155, 38, 64, ''),
(853, 155, 37, 128, ''),
(852, 155, 36, 128, ''),
(851, 155, 35, 64, ''),
(855, 156, 35, 58, ''),
(856, 156, 36, 116, ''),
(857, 156, 37, 116, ''),
(858, 156, 38, 58, ''),
(969, 174, 38, 1, ''),
(862, 157, 35, 13, ''),
(863, 157, 36, 118, ''),
(864, 157, 37, 109, ''),
(865, 157, 38, 50, ''),
(866, 157, 43, 8, ''),
(867, 158, 35, 15, ''),
(868, 158, 36, 109, ''),
(869, 158, 37, 114, ''),
(870, 158, 38, 50, ''),
(871, 158, 43, 8, ''),
(882, 175, 37, 6, ''),
(878, 176, 38, 3, ''),
(877, 176, 37, 3, ''),
(883, 185, 42, 2, ''),
(884, 186, 42, 2, ''),
(989, 207, 35, 30, ''),
(981, 187, 38, 21, ''),
(980, 187, 35, 6, ''),
(901, 190, 42, 3, ''),
(900, 190, 37, 3, ''),
(899, 189, 37, 3, ''),
(898, 189, 36, 3, ''),
(1018, 188, 38, 4, ''),
(1017, 188, 37, 8, ''),
(1016, 188, 36, 6, ''),
(902, 193, 35, 50, ''),
(903, 193, 36, 60, ''),
(904, 193, 37, 50, ''),
(905, 193, 38, 12, ''),
(930, 194, 38, 20, ''),
(907, 195, 43, 5, ''),
(999, 197, 38, 22, ''),
(998, 197, 37, 60, ''),
(997, 197, 36, 60, ''),
(996, 197, 35, 60, ''),
(984, 198, 37, 24, ''),
(983, 198, 36, 40, ''),
(982, 198, 35, 56, ''),
(1027, 201, 38, 4, ''),
(1026, 201, 37, 8, ''),
(1025, 201, 36, 6, ''),
(1024, 202, 38, 5, ''),
(1023, 202, 37, 8, ''),
(1022, 202, 36, 4, ''),
(937, 191, 35, 51, ''),
(938, 191, 36, 102, ''),
(939, 191, 37, 102, ''),
(940, 191, 38, 51, ''),
(941, 192, 35, 70, ''),
(942, 192, 36, 143, ''),
(943, 192, 37, 142, ''),
(944, 192, 38, 70, ''),
(960, 203, 35, 4, ''),
(961, 203, 36, 4, ''),
(962, 203, 37, 4, ''),
(963, 204, 35, 4, ''),
(964, 204, 36, 4, ''),
(965, 204, 37, 4, ''),
(966, 205, 35, 30, ''),
(967, 205, 36, 28, ''),
(968, 205, 37, 32, ''),
(970, 159, 35, 12, ''),
(971, 159, 36, 132, ''),
(972, 159, 37, 138, ''),
(973, 159, 38, 50, ''),
(974, 159, 43, 7, ''),
(975, 160, 35, 15, ''),
(976, 160, 36, 136, ''),
(977, 160, 37, 130, ''),
(978, 160, 38, 49, ''),
(979, 160, 43, 7, ''),
(990, 207, 36, 30, ''),
(991, 207, 37, 29, ''),
(992, 207, 38, 28, ''),
(993, 208, 35, 10, ''),
(994, 208, 36, 63, ''),
(995, 208, 37, 34, ''),
(1127, 209, 38, 90, ''),
(1126, 209, 37, 270, ''),
(1125, 209, 36, 490, ''),
(1124, 209, 35, 260, ''),
(1085, 210, 36, 3, ''),
(1084, 210, 35, 4, ''),
(1087, 211, 36, 3, ''),
(1086, 211, 35, 4, ''),
(1089, 212, 36, 3, ''),
(1088, 212, 35, 3, ''),
(1091, 213, 36, 3, ''),
(1090, 213, 35, 4, ''),
(1107, 216, 43, 2, ''),
(1106, 216, 36, 2, ''),
(1105, 216, 35, 2, ''),
(1154, 217, 37, 4, ''),
(1153, 217, 36, 2, ''),
(1097, 218, 36, 2, ''),
(1098, 218, 37, 4, ''),
(1099, 219, 36, 2, ''),
(1100, 219, 37, 4, ''),
(1117, 226, 42, 1, ''),
(1116, 226, 38, 5, ''),
(1115, 226, 37, 14, ''),
(1114, 226, 36, 15, ''),
(1113, 226, 35, 10, ''),
(1118, 227, 43, 4, 'referente ao tamanho 60'),
(1132, 229, 38, 8, ''),
(1131, 229, 37, 40, ''),
(1130, 229, 36, 24, ''),
(1129, 229, 35, 16, ''),
(1123, 228, 43, 4, 'referente ao tamanho 60'),
(1128, 209, 42, 40, ''),
(1133, 229, 43, 4, ''),
(1146, 231, 38, 4, ''),
(1145, 231, 37, 16, ''),
(1151, 232, 38, 4, ''),
(1150, 232, 37, 16, ''),
(1149, 233, 36, 20, 'Obs. 5 delas c\\ 5 cm maior na manga e 5 cm maior no comprimento'),
(1152, 234, 38, 2, ''),
(1197, 236, 38, 2, ''),
(1196, 236, 37, 5, ''),
(1195, 236, 36, 5, ''),
(1191, 237, 38, 2, ''),
(1190, 237, 37, 5, ''),
(1189, 237, 36, 5, ''),
(1184, 238, 38, 3, ''),
(1183, 238, 36, 6, ''),
(1182, 238, 35, 3, ''),
(1185, 235, 36, 2, ''),
(1186, 235, 37, 4, ''),
(1187, 235, 38, 1, ''),
(1188, 235, 42, 2, ''),
(1214, 239, 37, 10, ''),
(1213, 239, 35, 10, ''),
(1212, 240, 43, 10, ''),
(1211, 240, 42, 10, ''),
(1210, 240, 38, 10, ''),
(1221, 243, 36, 1, ''),
(1222, 244, 36, 1, ''),
(1217, 230, 35, 16, ''),
(1218, 230, 36, 24, ''),
(1219, 230, 37, 40, ''),
(1220, 230, 38, 8, ''),
(1243, 247, 37, 18, ''),
(1242, 247, 36, 19, ''),
(1241, 248, 42, 4, ''),
(1240, 248, 36, 15, ''),
(1244, 249, 37, 7, ''),
(1256, 250, 38, 6, ''),
(1255, 250, 37, 11, ''),
(1254, 250, 36, 11, ''),
(1253, 250, 35, 3, ''),
(1696, 252, 38, 50, ''),
(1695, 252, 37, 90, ''),
(1694, 252, 36, 130, ''),
(1693, 252, 35, 30, ''),
(1700, 253, 38, 50, ''),
(1699, 253, 37, 90, ''),
(1698, 253, 36, 130, ''),
(1697, 253, 35, 30, ''),
(1274, 254, 43, 3, ''),
(1278, 255, 43, 10, 'REFERENTE AO TAMANHO 60'),
(1277, 255, 38, 10, ''),
(1275, 255, 36, 13, ''),
(1276, 255, 37, 10, ''),
(1279, 256, 35, 20, ''),
(1892, 258, 43, 1, '(1 N°56)'),
(1891, 258, 42, 15, '(10 N°52 e 5 N°54)'),
(1890, 258, 38, 83, '(43 N°48 e 40 N°50)'),
(1889, 258, 37, 124, '(62 N°44 e 62 N°46)'),
(1888, 258, 36, 50, '(10 N°40 e 40 N°42)'),
(1898, 259, 43, 5, '(5 N°56)'),
(1897, 259, 42, 10, '(6 N°52 e 4 N°54)'),
(1896, 259, 38, 16, '(7 N°48 e 9 N°50)'),
(1895, 259, 37, 14, '(7 N°44 e 7 N°46)'),
(1894, 259, 36, 10, '(5 N°40 e 5 N°42)'),
(1893, 259, 35, 5, '(5 N°38)'),
(2015, 266, 38, 6, '(4 N° 48 e 2 N°50)'),
(1906, 260, 42, 5, '(5 N°52)'),
(1905, 260, 38, 52, '(45 N°48 e 7 N°50)'),
(1904, 260, 37, 70, '(10 N°44 e 60 N°46)'),
(1903, 260, 36, 10, '(10 N°42)'),
(1908, 261, 42, 2, '(2 N°52)'),
(2007, 262, 43, 10, '(10 N°56)'),
(2006, 262, 42, 30, '(20 N°52 e 10N°54)'),
(2005, 262, 38, 70, '(50 N°48 e 20 N°50)'),
(2004, 262, 37, 73, '(13 N°44 e 60 N°46)'),
(2003, 262, 36, 23, '(10 N°40 e 13 N°42)'),
(2002, 262, 35, 10, '(10 N°38)'),
(1920, 263, 43, 10, '(10 N°56)'),
(1919, 263, 42, 30, '(20 N°52 e 10N°54)'),
(1918, 263, 38, 70, '(50 N°48 e 20 N°50)'),
(1917, 263, 37, 73, '(13 N°44 e 60 N°46)'),
(1916, 263, 36, 23, '(10 N°40 e 13 N°42)'),
(1915, 263, 35, 10, '(10 N°38)'),
(2011, 264, 42, 2, '(2 N°52)'),
(2010, 264, 38, 2, '(2 N°48)'),
(2009, 264, 37, 8, '(2 N°44 e 6 N°46)'),
(1928, 265, 38, 12, '(12 N°48)'),
(1927, 265, 37, 28, '(14 N°44 e 14 N°46)'),
(1926, 265, 36, 28, '(6 N°40 e 22 N°42)'),
(1925, 265, 35, 12, '(12 N°38)'),
(1625, 283, 43, 10, ''),
(1624, 283, 37, 40, ''),
(2014, 266, 37, 16, '(8 N°44 e 8 N°46)'),
(2013, 266, 36, 2, '(2 N°42)'),
(1877, 300, 36, 30, ''),
(1935, 267, 37, 4, '(4 N°46)'),
(1934, 267, 36, 14, '(4 N°40 e 10 N°42)'),
(1939, 268, 37, 6, '(6 N°46)'),
(1938, 268, 36, 14, '(7 N°40 e 7 N°42)'),
(1937, 268, 35, 4, '(4 N°38)'),
(1981, 280, 42, 4, ''),
(1980, 280, 37, 6, ''),
(1945, 269, 43, 28, '(19 N°6; 3 N°7; 3 N°8; 3 N°9)'),
(1944, 269, 42, 55, '(N°5)'),
(1942, 269, 37, 83, '(N°3)'),
(1941, 269, 36, 40, '(N°2)'),
(2073, 270, 43, 10, ''),
(2072, 270, 42, 10, ''),
(2071, 270, 38, 20, ''),
(2070, 270, 37, 10, ''),
(2069, 270, 36, 10, ''),
(1956, 271, 43, 10, ''),
(1955, 271, 42, 45, ''),
(1954, 271, 38, 70, ''),
(1953, 271, 37, 50, ''),
(1952, 271, 36, 30, ''),
(1951, 271, 35, 10, ''),
(2245, 272, 43, 10, ''),
(2244, 272, 42, 45, ''),
(2243, 272, 38, 70, ''),
(2242, 272, 37, 50, ''),
(2241, 272, 36, 30, ''),
(2240, 272, 35, 10, ''),
(1964, 273, 38, 8, ''),
(1963, 273, 37, 6, ''),
(1969, 274, 42, 2, ''),
(1968, 274, 38, 20, ''),
(1967, 274, 37, 34, ''),
(1966, 274, 36, 18, ''),
(1965, 274, 35, 6, ''),
(2001, 275, 42, 2, ''),
(2000, 275, 38, 8, ''),
(1999, 275, 37, 14, ''),
(1998, 275, 36, 2, ''),
(1997, 275, 35, 6, ''),
(1975, 276, 35, 4, '(marcar 2 como PP )'),
(1388, 277, 38, 1, ''),
(1387, 277, 36, 2, ''),
(1933, 267, 35, 6, '(2 N°36 e 4 N°38)'),
(2012, 266, 35, 8, '(8 N°38)'),
(1940, 269, 35, 7, '(N°1)'),
(1979, 280, 36, 10, ''),
(1978, 280, 35, 4, ''),
(1990, 281, 38, 2, ''),
(1989, 281, 37, 4, ''),
(1988, 281, 36, 2, ''),
(1996, 282, 43, 2, ''),
(1995, 282, 42, 5, ''),
(1994, 282, 38, 15, ''),
(1993, 282, 37, 55, ''),
(1992, 282, 36, 45, ''),
(1991, 282, 35, 15, ''),
(1887, 258, 35, 5, '(2 N°36 e 3 N°38)'),
(2008, 264, 36, 2, '(2 N°40)'),
(1629, 284, 43, 10, ''),
(1628, 284, 37, 40, ''),
(1630, 287, 36, 20, ''),
(1631, 287, 37, 30, ''),
(1632, 287, 38, 30, ''),
(1633, 287, 42, 20, ''),
(1634, 287, 43, 10, ''),
(1635, 288, 36, 10, ''),
(1636, 288, 37, 15, ''),
(1637, 288, 42, 10, ''),
(1638, 288, 43, 5, ''),
(2177, 289, 37, 6, ''),
(1640, 290, 43, 6, '(N°7)'),
(2178, 292, 37, 6, ''),
(1652, 291, 43, 1, ''),
(1651, 291, 37, 2, ''),
(1650, 291, 36, 2, ''),
(2188, 295, 42, 2, ''),
(2187, 295, 38, 1, ''),
(2186, 295, 37, 4, ''),
(2185, 295, 36, 3, ''),
(2184, 295, 35, 4, ''),
(1712, 296, 42, 2, ''),
(1711, 296, 38, 1, ''),
(1710, 296, 37, 4, ''),
(1709, 296, 36, 3, ''),
(1708, 296, 35, 4, ''),
(1678, 297, 35, 3, ''),
(1679, 297, 36, 5, ''),
(1680, 297, 38, 2, ''),
(1702, 298, 38, 2, ''),
(1701, 298, 37, 8, ''),
(1720, 299, 38, 3, ''),
(1719, 299, 37, 2, ''),
(1718, 299, 36, 1, ''),
(1717, 299, 35, 1, ''),
(1907, 261, 36, 6, '(2 N°40 e 4 N°42)'),
(1943, 269, 38, 65, '(N°4)'),
(1879, 301, 37, 22, ''),
(1880, 302, 38, 1, ''),
(1936, 267, 38, 10, '(10 N°48)'),
(1976, 276, 36, 14, ''),
(1977, 276, 37, 16, ''),
(2161, 307, 37, 10, ''),
(2160, 307, 36, 6, ''),
(2163, 308, 37, 10, ''),
(2162, 308, 36, 6, ''),
(2166, 309, 38, 1, ''),
(2165, 309, 37, 1, ''),
(2164, 309, 36, 1, ''),
(2085, 310, 38, 1, ''),
(2084, 310, 37, 1, ''),
(2083, 310, 36, 1, ''),
(2088, 311, 38, 1, ''),
(2087, 311, 37, 1, ''),
(2086, 311, 36, 1, ''),
(2091, 312, 38, 1, ''),
(2090, 312, 37, 1, ''),
(2089, 312, 36, 1, ''),
(2093, 313, 36, 1, ''),
(2092, 313, 35, 1, ''),
(2095, 314, 36, 1, ''),
(2094, 314, 35, 1, ''),
(2097, 315, 36, 1, ''),
(2096, 315, 35, 1, ''),
(2119, 316, 38, 8, ''),
(2118, 316, 37, 20, ''),
(2117, 316, 36, 4, ''),
(2116, 316, 35, 16, ''),
(2101, 317, 38, 8, ''),
(2100, 317, 37, 12, ''),
(2099, 317, 36, 4, ''),
(2098, 317, 35, 16, ''),
(2059, 318, 37, 8, ''),
(2060, 319, 36, 4, ''),
(2061, 319, 37, 4, ''),
(2075, 320, 43, 8, '(4 N°56 e 4 N° 58)'),
(2076, 321, 43, 8, ''),
(2173, 322, 38, 1, ''),
(2172, 322, 37, 5, ''),
(2171, 322, 36, 7, ''),
(2170, 322, 35, 7, ''),
(2106, 323, 36, 3, ''),
(2107, 323, 37, 5, ''),
(2108, 323, 38, 21, ''),
(2109, 323, 42, 5, ''),
(2124, 324, 38, 5, ''),
(2123, 324, 37, 3, ''),
(2724, 325, 42, 3, ''),
(2725, 326, 38, 3, ''),
(2176, 327, 38, 6, '(3N°48 e 3N°50)'),
(2175, 327, 37, 21, '(14N°44 e 7N° 46)'),
(2174, 327, 36, 3, '(3N°42)'),
(2140, 328, 43, 30, ''),
(2139, 328, 38, 60, ''),
(2138, 328, 37, 60, ''),
(2131, 329, 37, 60, ''),
(2132, 329, 38, 60, ''),
(2133, 329, 43, 30, ''),
(2229, 330, 38, 50, ''),
(2228, 330, 37, 75, ''),
(2227, 330, 36, 75, ''),
(2226, 330, 35, 50, ''),
(2141, 331, 35, 50, ''),
(2142, 331, 36, 75, ''),
(2143, 331, 37, 75, ''),
(2144, 331, 38, 50, ''),
(2156, 332, 37, 100, ''),
(2155, 332, 36, 100, ''),
(2154, 332, 35, 100, ''),
(2169, 333, 37, 100, ''),
(2168, 333, 36, 100, ''),
(2167, 333, 35, 100, ''),
(2151, 334, 35, 6, ''),
(2152, 334, 36, 6, ''),
(2153, 334, 37, 6, ''),
(2189, 335, 36, 50, ''),
(2190, 335, 37, 100, ''),
(2191, 335, 38, 100, ''),
(2192, 335, 42, 50, ''),
(2193, 336, 35, 50, '(50 N°38)'),
(2194, 336, 36, 190, '(95 N°40 e 95 N°42)'),
(2195, 336, 37, 55, '(50 N°44 e 5 N°46)'),
(2196, 336, 38, 5, '(5 N°48)'),
(2218, 337, 43, 1, ''),
(2217, 337, 42, 2, ''),
(2216, 337, 38, 16, ''),
(2215, 337, 37, 55, ''),
(2214, 337, 36, 46, ''),
(2213, 337, 35, 3, ''),
(2203, 339, 36, 5, ''),
(2204, 339, 37, 5, ''),
(2205, 340, 36, 24, ''),
(2206, 340, 37, 12, ''),
(2232, 338, 37, 22, ''),
(2231, 338, 36, 32, ''),
(2230, 338, 35, 6, ''),
(2221, 341, 38, 8, ''),
(2220, 341, 37, 8, ''),
(2219, 341, 36, 9, ''),
(2233, 343, 43, 8, ''),
(2234, 342, 43, 8, ''),
(2252, 344, 37, 8, ''),
(2251, 344, 36, 12, ''),
(2248, 345, 36, 14, ''),
(2249, 345, 37, 12, ''),
(2250, 345, 38, 4, ''),
(2256, 346, 37, 8, ''),
(2255, 346, 36, 12, ''),
(2257, 347, 36, 14, ''),
(2258, 347, 37, 12, ''),
(2259, 347, 38, 4, ''),
(2260, 348, 37, 20, ''),
(2261, 349, 35, 3, ''),
(2262, 349, 36, 7, ''),
(2271, 350, 38, 5, ''),
(2270, 350, 37, 15, ''),
(2269, 350, 36, 20, ''),
(2272, 351, 36, 4, ''),
(2273, 351, 37, 4, ''),
(2274, 352, 35, 60, ''),
(2275, 352, 36, 60, ''),
(2276, 352, 37, 60, ''),
(2277, 352, 38, 40, ''),
(2278, 353, 35, 60, ''),
(2279, 353, 36, 60, ''),
(2280, 353, 37, 60, ''),
(2281, 353, 38, 40, ''),
(2282, 354, 35, 100, ''),
(2283, 354, 36, 100, ''),
(2284, 354, 37, 100, ''),
(2285, 354, 38, 50, ''),
(2286, 354, 43, 40, ''),
(2287, 355, 35, 100, ''),
(2288, 355, 36, 100, ''),
(2289, 355, 37, 100, ''),
(2290, 355, 38, 50, ''),
(2291, 355, 43, 40, ''),
(2292, 356, 35, 60, ''),
(2293, 356, 36, 60, ''),
(2294, 356, 37, 60, ''),
(2295, 357, 35, 60, ''),
(2296, 357, 36, 60, ''),
(2297, 357, 37, 60, ''),
(2298, 358, 36, 30, ''),
(2299, 358, 37, 30, ''),
(2300, 358, 38, 20, ''),
(2323, 359, 38, 1, ''),
(2322, 359, 37, 4, ''),
(2321, 359, 36, 3, ''),
(2320, 359, 35, 4, 'sendo 2 pp'),
(2306, 360, 35, 4, 'sendo 2 pp'),
(2307, 360, 36, 3, ''),
(2308, 360, 37, 4, ''),
(2309, 360, 38, 1, ''),
(2310, 360, 42, 2, ''),
(2327, 361, 37, 5, ''),
(2326, 361, 36, 5, ''),
(2325, 361, 35, 5, ''),
(2319, 362, 37, 5, ''),
(2318, 362, 36, 5, ''),
(2317, 362, 35, 5, ''),
(2324, 359, 42, 2, ''),
(2328, 363, 35, 5, '(sendo 3 PP )'),
(2329, 363, 36, 8, ''),
(2330, 363, 37, 2, ''),
(2331, 364, 35, 4, '(sendo 2 PP )'),
(2332, 364, 36, 4, ''),
(2333, 364, 37, 3, ''),
(2334, 365, 35, 2, ''),
(2335, 365, 36, 2, ''),
(2336, 365, 37, 2, ''),
(2365, 366, 36, 3, ''),
(2369, 367, 37, 2, ''),
(2368, 367, 36, 2, ''),
(2367, 367, 35, 2, ''),
(2364, 366, 35, 5, '(sendo 3 PP )'),
(2381, 368, 42, 2, ''),
(2380, 368, 38, 27, ''),
(2379, 368, 37, 23, ''),
(2378, 368, 36, 4, ''),
(2350, 369, 35, 9, '(sendo 6 PP )'),
(2351, 369, 36, 6, ''),
(2352, 369, 37, 4, ''),
(2353, 369, 38, 4, ''),
(2354, 370, 35, 9, '( sendo 6 PP )'),
(2355, 370, 36, 6, ''),
(2356, 370, 37, 4, ''),
(2357, 370, 38, 4, ''),
(2363, 371, 36, 1, ''),
(2361, 372, 36, 1, ''),
(2360, 373, 36, 1, ''),
(2362, 375, 36, 1, ''),
(2366, 366, 37, 2, ''),
(2382, 376, 35, 15, ''),
(2383, 376, 36, 45, ''),
(2384, 376, 37, 20, ''),
(2385, 376, 38, 15, ''),
(2386, 376, 43, 15, ''),
(2514, 379, 38, 15, ''),
(2388, 380, 36, 15, ''),
(2389, 380, 38, 15, ''),
(2513, 379, 36, 15, ''),
(2516, 381, 38, 15, ''),
(2515, 381, 36, 15, ''),
(2409, 383, 43, 10, ''),
(2408, 383, 42, 30, ''),
(2404, 382, 37, 40, ''),
(2403, 382, 36, 80, ''),
(2402, 382, 35, 20, ''),
(2407, 383, 38, 45, ''),
(2406, 383, 37, 45, ''),
(2405, 383, 36, 10, ''),
(2410, 384, 35, 10, ''),
(2411, 384, 36, 10, ''),
(2412, 384, 37, 9, ''),
(2413, 385, 35, 10, ''),
(2414, 385, 36, 10, ''),
(2415, 385, 37, 9, ''),
(2416, 386, 35, 1, ''),
(2417, 386, 36, 2, ''),
(2418, 386, 38, 1, ''),
(2419, 387, 35, 1, ''),
(2420, 387, 36, 2, ''),
(2421, 387, 38, 1, ''),
(2422, 388, 35, 47, '(sendo 13 PP )'),
(2423, 388, 36, 76, ''),
(2424, 388, 37, 26, ''),
(2425, 388, 38, 13, ''),
(2426, 388, 42, 4, ''),
(2427, 388, 43, 2, ''),
(2428, 389, 35, 5, '(sendo 1 PP )'),
(2429, 389, 36, 1, ''),
(2430, 389, 37, 2, ''),
(2431, 389, 38, 1, ''),
(2508, 391, 42, 1, ''),
(2507, 391, 37, 4, ''),
(2506, 391, 36, 3, ''),
(2510, 392, 37, 2, ''),
(2509, 392, 36, 1, ''),
(2512, 393, 36, 2, ''),
(2511, 393, 35, 1, ''),
(2608, 395, 38, 11, ''),
(2607, 395, 37, 26, ''),
(2606, 395, 36, 61, ''),
(2605, 395, 35, 48, '(sendo 10 PP )'),
(2445, 396, 36, 1, ''),
(2446, 396, 37, 2, ''),
(2447, 397, 35, 1, ''),
(2448, 397, 36, 2, ''),
(2449, 398, 35, 1, ''),
(2450, 398, 36, 1, ''),
(2451, 398, 37, 4, ''),
(2452, 398, 38, 3, ''),
(2453, 399, 35, 1, ''),
(2454, 399, 36, 13, ''),
(2455, 399, 37, 9, ''),
(2456, 399, 38, 3, ''),
(2457, 399, 43, 1, ''),
(2458, 400, 35, 1, ''),
(2459, 400, 38, 1, ''),
(2528, 401, 38, 5, ''),
(2527, 401, 37, 20, ''),
(2526, 401, 36, 20, ''),
(2525, 401, 35, 10, ''),
(2475, 402, 38, 5, ''),
(2474, 402, 37, 10, ''),
(2473, 402, 36, 10, ''),
(2472, 402, 35, 5, ''),
(2479, 403, 38, 5, ''),
(2478, 403, 37, 10, ''),
(2477, 403, 36, 10, ''),
(2476, 403, 35, 5, ''),
(2480, 404, 35, 5, ''),
(2481, 404, 36, 10, ''),
(2482, 404, 37, 10, ''),
(2483, 404, 38, 5, ''),
(2484, 405, 35, 5, ''),
(2485, 405, 36, 10, ''),
(2486, 405, 37, 10, ''),
(2487, 405, 38, 5, ''),
(2488, 406, 36, 100, ''),
(2489, 406, 37, 50, ''),
(2490, 406, 38, 30, ''),
(2491, 407, 36, 100, ''),
(2492, 407, 37, 150, ''),
(2500, 408, 38, 100, ''),
(2499, 408, 37, 150, ''),
(2498, 408, 36, 150, ''),
(2497, 408, 35, 50, ''),
(2501, 409, 35, 50, ''),
(2502, 409, 36, 150, ''),
(2503, 409, 37, 150, ''),
(2504, 409, 38, 100, ''),
(2505, 390, 37, 1, ''),
(2529, 410, 35, 5, ''),
(2530, 410, 36, 13, ''),
(2531, 410, 37, 28, ''),
(2532, 410, 38, 13, ''),
(2533, 410, 42, 2, ''),
(2534, 411, 36, 10, ''),
(2535, 412, 36, 10, ''),
(2536, 412, 37, 10, ''),
(2537, 413, 36, 4, ''),
(2549, 414, 42, 4, ''),
(2548, 414, 38, 28, ''),
(2547, 414, 37, 40, ''),
(2546, 414, 36, 13, ''),
(2542, 415, 36, 27, ''),
(2543, 415, 37, 26, ''),
(2544, 415, 38, 28, ''),
(2545, 415, 43, 4, ''),
(2550, 416, 35, 5, ''),
(2551, 416, 36, 10, ''),
(2552, 416, 37, 10, ''),
(2593, 417, 38, 4, ''),
(2592, 417, 37, 13, ''),
(2591, 417, 36, 3, ''),
(2596, 418, 38, 4, ''),
(2595, 418, 37, 13, ''),
(2594, 418, 36, 3, ''),
(2574, 419, 36, 15, ''),
(2575, 419, 37, 5, ''),
(2576, 420, 36, 15, ''),
(2577, 420, 37, 5, ''),
(2580, 421, 36, 4, ''),
(2590, 422, 36, 4, ''),
(2588, 423, 37, 1, ''),
(2589, 424, 37, 1, ''),
(2604, 425, 38, 4, ''),
(2603, 425, 37, 26, ''),
(2602, 426, 38, 4, ''),
(2601, 426, 37, 42, ''),
(2609, 395, 42, 3, ''),
(2610, 395, 43, 1, ''),
(2623, 427, 38, 10, ''),
(2622, 427, 37, 30, ''),
(2621, 427, 36, 10, ''),
(2627, 428, 42, 10, ''),
(2626, 428, 38, 60, ''),
(2625, 428, 37, 50, ''),
(2624, 428, 36, 100, ''),
(2628, 429, 35, 2, ''),
(2629, 429, 36, 2, ''),
(2681, 430, 36, 1, ''),
(2683, 431, 36, 3, ''),
(2682, 431, 35, 2, ''),
(2684, 432, 36, 1, ''),
(2685, 433, 35, 1, ''),
(2686, 434, 35, 1, ''),
(2637, 435, 35, 3, ''),
(2665, 436, 42, 6, ''),
(2664, 436, 38, 6, ''),
(2663, 436, 37, 6, ''),
(2662, 436, 36, 3, ''),
(2668, 437, 42, 3, ''),
(2667, 437, 38, 6, ''),
(2666, 437, 37, 6, ''),
(2672, 438, 42, 4, ''),
(2671, 438, 38, 3, ''),
(2670, 438, 37, 3, ''),
(2669, 438, 36, 3, ''),
(2676, 439, 42, 4, ''),
(2675, 439, 38, 3, ''),
(2674, 439, 37, 3, ''),
(2673, 439, 36, 3, ''),
(2660, 440, 36, 4, ''),
(2659, 441, 37, 3, ''),
(2658, 441, 36, 4, ''),
(2661, 442, 36, 3, ''),
(2698, 443, 38, 12, ''),
(2697, 443, 37, 5, ''),
(2696, 443, 36, 3, ''),
(2699, 444, 36, 15, ''),
(2700, 444, 37, 40, ''),
(2701, 444, 38, 40, ''),
(2702, 444, 42, 40, ''),
(2703, 444, 43, 15, ''),
(2704, 445, 35, 20, ''),
(2705, 445, 36, 80, '(sendo 40 N°40 e 40 N°42)'),
(2706, 445, 37, 50, '(sendo 30 N°44 e 20 N°46)'),
(2707, 446, 36, 15, ''),
(2708, 446, 37, 25, ''),
(2709, 446, 38, 25, ''),
(2710, 446, 42, 15, ''),
(2711, 447, 36, 10, ''),
(2712, 447, 37, 20, ''),
(2713, 447, 38, 15, ''),
(2721, 448, 42, 10, ''),
(2720, 448, 38, 10, ''),
(2719, 448, 37, 10, ''),
(2718, 448, 36, 5, ''),
(2731, 449, 43, 20, ''),
(2730, 449, 38, 45, ''),
(2739, 450, 43, 15, ''),
(2738, 450, 38, 25, ''),
(2737, 450, 37, 200, ''),
(2736, 450, 36, 260, ''),
(2824, 451, 38, 4, ''),
(2823, 451, 37, 35, ''),
(2822, 451, 36, 30, ''),
(2821, 451, 35, 20, ''),
(2893, 452, 37, 6, ''),
(2892, 452, 36, 12, ''),
(2891, 452, 35, 10, ''),
(2755, 454, 37, 6, ''),
(2754, 454, 36, 6, ''),
(2753, 454, 35, 8, ''),
(2750, 453, 35, 10, ''),
(2751, 453, 36, 15, ''),
(2752, 453, 37, 20, ''),
(2767, 456, 38, 10, ''),
(2766, 456, 37, 20, ''),
(2765, 456, 36, 20, ''),
(2759, 455, 36, 20, ''),
(2760, 455, 37, 20, ''),
(2761, 455, 38, 10, ''),
(2771, 457, 42, 6, ''),
(2770, 457, 37, 6, ''),
(2772, 458, 38, 8, ''),
(2784, 459, 36, 108, '( sendo 52N°40 e 56N°42)'),
(2783, 459, 35, 28, '( sendo 6N°36 e 22 N°38)'),
(2785, 459, 37, 80, '( sendo 48N°44 e 32N°46)'),
(2786, 459, 38, 22, '( sendo 18N°48 e  4N°50)'),
(2787, 459, 42, 10, '( sendo 8N°52 e  2N°54)'),
(2788, 460, 37, 10, ''),
(2789, 460, 38, 5, ''),
(2805, 461, 37, 4, ''),
(2804, 461, 36, 4, ''),
(2803, 461, 35, 4, ''),
(2808, 462, 37, 4, ''),
(2807, 462, 36, 4, ''),
(2806, 462, 35, 2, ''),
(2809, 463, 36, 15, ''),
(2810, 463, 37, 15, ''),
(2811, 463, 38, 15, ''),
(2812, 464, 37, 12, ''),
(2813, 464, 38, 12, ''),
(2814, 465, 36, 2, '(N°42)'),
(2815, 465, 37, 14, '( sendo 10N°44 e 4N°46 )'),
(2816, 466, 35, 5, ''),
(2817, 466, 36, 10, ''),
(2818, 466, 37, 10, ''),
(2819, 466, 38, 5, ''),
(2820, 466, 43, 2, ''),
(2825, 467, 36, 133, ''),
(2826, 467, 37, 106, ''),
(2827, 467, 38, 70, ''),
(2828, 467, 43, 21, ''),
(2829, 468, 35, 6, ''),
(2830, 468, 36, 164, ''),
(2831, 468, 37, 190, ''),
(2832, 468, 38, 60, ''),
(2844, 469, 43, 21, ''),
(2843, 469, 38, 70, ''),
(2842, 469, 37, 106, ''),
(2841, 469, 36, 133, ''),
(2837, 470, 35, 6, ''),
(2838, 470, 36, 164, ''),
(2839, 470, 37, 190, ''),
(2840, 470, 38, 60, ''),
(2947, 471, 38, 5, ''),
(2946, 471, 37, 25, ''),
(2945, 471, 36, 20, ''),
(2944, 471, 35, 5, ''),
(2959, 472, 38, 4, ''),
(2958, 472, 37, 20, ''),
(2957, 472, 36, 18, ''),
(2956, 472, 35, 8, ''),
(2955, 473, 38, 6, ''),
(2954, 473, 37, 18, ''),
(2953, 473, 36, 18, ''),
(2952, 473, 35, 8, ''),
(2996, 474, 37, 15, ''),
(2995, 474, 36, 12, ''),
(2994, 474, 35, 10, ''),
(2860, 475, 35, 2, ''),
(2861, 475, 36, 4, ''),
(2862, 475, 37, 4, ''),
(2863, 475, 38, 1, ''),
(2864, 475, 43, 2, ''),
(2865, 476, 35, 35, '(sendo 15PP e 20P)'),
(2866, 476, 37, 10, ''),
(2867, 476, 38, 15, ''),
(2868, 476, 43, 8, ''),
(2869, 477, 35, 39, '(sendo 12N°34, 12N°36 e 15N°38)'),
(2870, 477, 36, 22, '(sendo 12N°40, 10N°42)'),
(2871, 477, 37, 8, '(sendo 8N°44)'),
(2890, 478, 43, 6, ''),
(2889, 478, 38, 4, ''),
(2888, 478, 37, 10, ''),
(2887, 478, 36, 8, ''),
(2886, 478, 35, 4, ''),
(2993, 479, 43, 3, ''),
(2992, 479, 38, 4, ''),
(2991, 479, 37, 4, ''),
(2990, 479, 36, 4, ''),
(2989, 479, 35, 4, ''),
(2988, 480, 38, 8, ''),
(2987, 480, 37, 12, ''),
(2986, 480, 36, 20, ''),
(2985, 480, 35, 5, ''),
(2894, 481, 36, 3, ''),
(2895, 481, 37, 4, ''),
(2896, 482, 35, 4, ''),
(2897, 482, 36, 46, ''),
(2898, 482, 37, 30, ''),
(2899, 482, 38, 52, ''),
(2900, 482, 42, 15, ''),
(2901, 482, 43, 15, ''),
(2902, 483, 35, 4, ''),
(2903, 483, 36, 46, ''),
(2904, 483, 37, 30, ''),
(2905, 483, 38, 52, ''),
(2906, 483, 42, 15, ''),
(2907, 483, 43, 15, ''),
(2908, 485, 35, 7, ''),
(2909, 485, 36, 7, ''),
(2910, 485, 37, 7, ''),
(2911, 485, 38, 2, ''),
(2912, 486, 35, 7, ''),
(2913, 486, 36, 7, ''),
(2914, 486, 37, 7, ''),
(2915, 486, 38, 2, ''),
(2916, 487, 35, 9, '(sendo 4PP e 5P)'),
(2917, 487, 36, 12, ''),
(2918, 488, 35, 7, '(sendo 4PP e 3P)'),
(2919, 488, 37, 2, ''),
(3089, 489, 35, 6, '(sendo 3PP e 3P)'),
(3093, 490, 37, 2, ''),
(3092, 490, 36, 2, ''),
(3091, 490, 35, 2, ''),
(2984, 491, 35, 1, ''),
(2983, 492, 35, 1, ''),
(2927, 493, 35, 3, '(sendo 2PP e 1P)'),
(2928, 493, 36, 7, ''),
(2929, 493, 37, 5, ''),
(2930, 493, 38, 1, ''),
(3099, 494, 36, 3, ''),
(3098, 494, 35, 3, '(sedo 2PP e 1P)'),
(2935, 496, 35, 2, '(sendo 2PP)'),
(2936, 496, 36, 2, ''),
(2937, 496, 37, 2, ''),
(2938, 496, 38, 2, ''),
(2982, 497, 37, 2, ''),
(3102, 498, 37, 2, ''),
(2941, 499, 35, 2, ''),
(2942, 499, 36, 2, ''),
(2943, 499, 37, 2, ''),
(2960, 500, 35, 10, ''),
(2961, 500, 36, 10, ''),
(2962, 500, 37, 7, ''),
(2963, 500, 38, 6, ''),
(3096, 501, 37, 7, ''),
(3095, 501, 36, 10, ''),
(3094, 501, 35, 10, ''),
(3020, 503, 38, 2, ''),
(2968, 504, 35, 16, '9sendo 8PP e 8P)'),
(2969, 504, 36, 8, ''),
(2970, 505, 35, 8, ''),
(2971, 505, 36, 15, ''),
(2972, 505, 37, 5, ''),
(2973, 505, 42, 3, ''),
(2974, 506, 35, 8, ''),
(2975, 506, 36, 12, ''),
(2976, 506, 37, 8, ''),
(3097, 507, 35, 14, ''),
(2978, 509, 35, 10, ''),
(2979, 509, 36, 10, ''),
(2980, 510, 35, 10, ''),
(2981, 510, 36, 10, ''),
(2997, 513, 37, 3, ''),
(2998, 514, 37, 3, ''),
(2999, 515, 36, 6, ''),
(3000, 515, 37, 6, ''),
(3001, 516, 36, 2, '(N°40)'),
(3002, 516, 37, 4, '(N°46)'),
(3003, 516, 38, 6, '(sendo 2N°48 e 4N°50) '),
(3004, 517, 35, 27, ''),
(3005, 517, 37, 50, ''),
(3006, 517, 38, 20, ''),
(3007, 517, 42, 5, ''),
(3008, 517, 43, 2, ''),
(3108, 518, 43, 2, ''),
(3107, 518, 42, 5, ''),
(3106, 518, 38, 20, ''),
(3105, 518, 37, 50, ''),
(3104, 518, 36, 56, ''),
(3103, 518, 35, 27, ''),
(3015, 520, 36, 60, ''),
(3016, 520, 37, 60, ''),
(3017, 521, 36, 60, '(sendo 30N°40 e 30N°42)'),
(3018, 521, 37, 60, '(sendo 30N°44 e 30N°'),
(3019, 521, 38, 30, '(30N°48)'),
(3060, 522, 36, 10, ''),
(3110, 525, 38, 10, 'Nº 4'),
(3109, 525, 37, 10, 'Nº 3'),
(3113, 526, 42, 5, 'Nº 5'),
(3112, 526, 36, 5, 'Nº 2'),
(3133, 527, 37, 1, 'Nº 3'),
(3117, 528, 37, 1, ''),
(3037, 529, 36, 10, '(sendo 10N°42)'),
(3038, 529, 37, 20, '(sendo 10N°44 e 10N°46)'),
(3039, 530, 36, 10, ''),
(3040, 530, 37, 10, ''),
(3041, 530, 38, 10, ''),
(3042, 531, 36, 10, ''),
(3043, 531, 37, 10, ''),
(3044, 531, 38, 10, ''),
(3048, 532, 37, 125, ''),
(3049, 532, 38, 10, ''),
(3050, 533, 36, 1, ''),
(3051, 533, 37, 1, ''),
(3052, 534, 37, 1, ''),
(3053, 535, 36, 1, ''),
(3054, 535, 37, 1, ''),
(3055, 535, 38, 1, ''),
(3056, 536, 36, 1, ''),
(3057, 536, 37, 1, ''),
(3058, 536, 38, 1, ''),
(3059, 523, 36, 2, ''),
(3061, 522, 37, 10, ''),
(3062, 524, 36, 3, ''),
(3063, 537, 35, 8, ''),
(3064, 537, 36, 6, ''),
(3065, 537, 37, 6, ''),
(3066, 538, 35, 2, ''),
(3067, 538, 36, 3, ''),
(3068, 538, 37, 4, ''),
(3069, 538, 38, 2, ''),
(3070, 538, 42, 2, ''),
(3071, 539, 35, 35, '15 PP e 20 P'),
(3072, 539, 37, 10, ''),
(3073, 539, 38, 15, ''),
(3074, 539, 42, 8, ''),
(3075, 540, 35, 39, '12 Nº 34, 12 Nº 36., 15 Nº 38'),
(3076, 540, 36, 22, '12 Nº 40, 10 Nº 42'),
(3077, 540, 37, 8, '8 Nº 44'),
(3131, 541, 42, 10, 'nº 5'),
(3130, 541, 38, 10, 'nº 4'),
(3129, 541, 37, 10, 'nº 3'),
(3128, 541, 36, 5, 'nº 2'),
(3082, 543, 37, 14, 'nº 3'),
(3083, 543, 38, 3, 'nº 4'),
(3084, 543, 43, 3, 'nº 7'),
(3085, 544, 37, 6, 'nº 3'),
(3127, 545, 43, 3, 'nº 6'),
(3126, 545, 38, 4, 'nº 4'),
(3125, 545, 37, 7, 'nº 3'),
(3090, 489, 36, 3, ''),
(3100, 494, 37, 5, ''),
(3101, 494, 38, 1, ''),
(3111, 525, 43, 10, 'Nº 6'),
(3132, 527, 36, 2, 'Nº 2'),
(3116, 546, 38, 4, 'Nº 4'),
(3134, 548, 35, 30, ''),
(3135, 548, 36, 30, ''),
(3136, 548, 37, 30, ''),
(3144, 547, 38, 25, ''),
(3143, 547, 37, 30, ''),
(3142, 547, 36, 30, ''),
(3141, 547, 35, 30, ''),
(3168, 549, 37, 10, '5 Nº 44, 5 Nº 46'),
(3167, 549, 36, 13, '8 Nº 40, 5 Nº 42'),
(3166, 549, 35, 5, 'Nº 38'),
(3171, 550, 37, 10, ''),
(3170, 550, 36, 8, ''),
(3169, 550, 35, 5, ''),
(3151, 551, 36, 6, ''),
(3152, 551, 37, 6, ''),
(3153, 551, 38, 3, ''),
(3154, 552, 36, 6, ''),
(3155, 552, 37, 6, ''),
(3156, 552, 38, 3, ''),
(3157, 553, 36, 2, ''),
(3158, 553, 37, 2, ''),
(3159, 553, 38, 2, ''),
(3160, 554, 36, 6, ''),
(3161, 554, 37, 5, ''),
(3162, 555, 36, 6, ''),
(3163, 555, 37, 5, ''),
(3164, 556, 36, 2, ''),
(3165, 556, 37, 2, ''),
(3172, 557, 35, 1, ''),
(3173, 557, 36, 6, ''),
(3174, 557, 37, 5, ''),
(3175, 558, 43, 4, ''),
(3176, 559, 35, 4, ''),
(3177, 559, 36, 4, ''),
(3178, 559, 38, 2, ''),
(3179, 565, 36, 5, 'nº 42'),
(3180, 566, 36, 5, 'nº 42'),
(3245, 567, 36, 9, '8 ADM,1 MOSAIC'),
(3244, 567, 35, 9, '8 ADM,1 MOSAIC'),
(3247, 568, 35, 9, '8 ADM,1 MOSAIC'),
(3259, 569, 38, 1, ''),
(3258, 569, 37, 3, ''),
(3341, 570, 38, 1, ''),
(3340, 570, 37, 1, ''),
(3321, 571, 36, 3, ''),
(3325, 572, 37, 1, ''),
(3324, 572, 36, 1, ''),
(3323, 572, 35, 1, ''),
(3271, 573, 38, 2, ''),
(3198, 574, 35, 1, ''),
(3279, 575, 43, 2, ''),
(3278, 575, 37, 4, ''),
(3277, 575, 36, 5, ''),
(3276, 575, 35, 3, ''),
(3295, 582, 38, 3, ''),
(3294, 582, 37, 5, ''),
(3293, 582, 36, 9, ''),
(3292, 582, 35, 8, ''),
(3353, 583, 42, 3, ''),
(3352, 583, 38, 3, ''),
(3351, 583, 37, 4, ''),
(3210, 585, 38, 2, ''),
(3302, 586, 35, 18, '10 PP, 8 P'),
(3307, 587, 42, 3, ''),
(3306, 587, 37, 5, ''),
(3305, 587, 36, 15, ''),
(3304, 587, 35, 6, ''),
(3356, 588, 37, 4, ''),
(3355, 588, 36, 10, ''),
(3354, 588, 35, 4, ''),
(3314, 589, 35, 23, '15 PP, 8 P'),
(3317, 591, 36, 5, ''),
(3316, 591, 35, 5, ''),
(3319, 592, 36, 10, ''),
(3318, 592, 35, 10, ''),
(3287, 578, 38, 5, ''),
(3286, 578, 37, 4, ''),
(3285, 578, 36, 5, ''),
(3284, 578, 35, 3, ''),
(3229, 579, 37, 2, ''),
(3230, 580, 37, 2, ''),
(3289, 581, 36, 9, ''),
(3288, 581, 35, 7, '(3 PP, 4P)'),
(3348, 576, 38, 1, ''),
(3346, 576, 36, 3, ''),
(3246, 567, 37, 5, '4 ADM,1 MOSAIC'),
(3248, 568, 36, 9, '8 ADM,1 MOSAIC'),
(3249, 568, 37, 5, '4 ADM,1 MOSAIC'),
(3257, 569, 36, 6, ''),
(3256, 569, 35, 6, ''),
(3344, 595, 37, 1, ''),
(3343, 595, 36, 1, ''),
(3342, 595, 35, 1, ''),
(3320, 571, 35, 4, '1 PP e 3 P'),
(3272, 596, 35, 3, ''),
(3273, 596, 36, 3, ''),
(3274, 596, 37, 3, ''),
(3275, 597, 37, 4, ''),
(3347, 576, 37, 5, ''),
(3290, 581, 37, 3, ''),
(3291, 581, 38, 4, ''),
(3296, 582, 42, 2, ''),
(3350, 583, 36, 9, ''),
(3349, 583, 35, 8, ''),
(3303, 586, 36, 4, ''),
(3315, 598, 38, 2, ''),
(3322, 571, 37, 1, ''),
(3345, 576, 35, 3, '(sedo 2PP e 1P)'),
(3362, 599, 38, 10, ''),
(3361, 599, 37, 40, ''),
(3359, 600, 37, 40, ''),
(3360, 600, 38, 10, ''),
(3363, 601, 36, 20, ''),
(3364, 601, 37, 20, ''),
(3365, 601, 38, 20, ''),
(3366, 602, 36, 5, ''),
(3367, 602, 37, 10, ''),
(3368, 602, 38, 5, ''),
(4003, 604, 38, 100, ''),
(4002, 604, 37, 170, ''),
(4001, 604, 36, 100, ''),
(4000, 604, 35, 100, ''),
(3377, 605, 36, 5, ''),
(3378, 605, 37, 10, ''),
(3379, 605, 38, 5, ''),
(3380, 606, 37, 2, ''),
(3382, 607, 37, 2, ''),
(3512, 608, 42, 5, ''),
(3385, 609, 43, 5, ''),
(3513, 610, 43, 5, ''),
(3387, 611, 38, 5, ''),
(3517, 613, 38, 30, '(N°48 20un)(N°50 10un)'),
(3516, 613, 37, 40, '(N°44 20un)(N°46 20un)'),
(3515, 613, 36, 20, '(N°42)'),
(3392, 614, 35, 10, ''),
(3393, 614, 36, 41, ''),
(3394, 614, 37, 5, ''),
(3395, 614, 38, 6, ''),
(3466, 615, 38, 15, ''),
(3465, 615, 37, 25, ''),
(3464, 615, 36, 25, ''),
(3514, 613, 35, 10, '(N°38)'),
(3521, 616, 38, 6, ''),
(3520, 616, 37, 5, ''),
(3519, 616, 36, 41, ''),
(3518, 616, 35, 10, ''),
(3525, 617, 38, 20, ''),
(3524, 617, 37, 20, ''),
(3523, 617, 36, 70, ''),
(3522, 617, 35, 40, ''),
(3430, 618, 38, 4, ''),
(3429, 618, 37, 20, ''),
(3428, 618, 36, 17, ''),
(3427, 618, 35, 16, ''),
(3533, 619, 38, 4, ''),
(3532, 619, 37, 20, ''),
(3531, 619, 36, 17, ''),
(3530, 619, 35, 16, ''),
(3475, 620, 42, 10, ''),
(3474, 620, 38, 10, ''),
(3473, 620, 37, 20, ''),
(3472, 620, 36, 20, ''),
(3471, 620, 35, 20, ''),
(3511, 621, 38, 30, '(N°48 20UN) (N°50 10UN) '),
(3509, 621, 36, 115, '(N°40 55UN) (N°42 60UN)  '),
(3510, 621, 37, 50, '(N°44 20UN) (N°46 30UN)'),
(3508, 621, 35, 117, '(N°34 2UN) (N°36 55UN) (N°38 60UN)'),
(3548, 622, 38, 20, '(N°48 10UN)(N°50 10UN)'),
(3547, 622, 37, 10, '(N°46)'),
(3546, 622, 35, 6, '(N°38)'),
(3655, 623, 42, 5, 'TAM5'),
(3654, 623, 38, 3, 'TAM4'),
(3653, 623, 37, 2, 'TAM3'),
(3652, 626, 38, 10, 'TAM4'),
(3651, 626, 37, 10, 'TAM3'),
(3554, 627, 38, 5, 'GG'),
(3594, 628, 37, 10, ''),
(3589, 629, 38, 10, ''),
(3588, 629, 37, 13, ''),
(3587, 629, 36, 12, ''),
(3586, 629, 35, 5, ''),
(3593, 630, 38, 20, ''),
(3592, 630, 37, 17, ''),
(3591, 630, 36, 18, ''),
(3590, 630, 35, 5, ''),
(3632, 631, 42, 2, ''),
(3631, 631, 38, 4, ''),
(3630, 631, 37, 10, ''),
(3629, 631, 36, 28, ''),
(3628, 631, 35, 14, ''),
(3619, 632, 36, 4, ''),
(3618, 632, 35, 4, ''),
(3624, 634, 37, 4, '(N°44  2UN) (N°46  2UN)'),
(3623, 634, 36, 30, '(N°40  14UN) (N°42  16UN)'),
(3622, 634, 35, 24, '(N°36  6UN) (N°38  18UN)'),
(3649, 633, 38, 2, ''),
(3625, 634, 42, 2, '(N°52 2UN)'),
(3626, 635, 35, 2, '(N°38)'),
(3627, 635, 36, 2, '(N°42)'),
(3633, 636, 37, 5, ''),
(3634, 636, 38, 5, ''),
(3635, 636, 43, 4, ''),
(3636, 637, 37, 5, ''),
(3637, 637, 38, 5, ''),
(3638, 637, 43, 4, ''),
(3645, 638, 37, 8, ''),
(3644, 638, 36, 2, ''),
(4048, 639, 37, 100, ''),
(3648, 633, 37, 2, '(N°44)'),
(3646, 640, 36, 2, ''),
(3647, 640, 37, 8, ''),
(3650, 641, 37, 4, 'n°3'),
(3663, 642, 38, 36, ''),
(3662, 642, 37, 63, ''),
(3661, 642, 36, 63, ''),
(3660, 642, 35, 18, ''),
(3814, 643, 38, 4, ''),
(3813, 643, 37, 5, ''),
(3812, 643, 36, 6, '1mosaic'),
(3811, 643, 35, 6, '1mosaic'),
(3809, 644, 37, 5, ''),
(3808, 644, 36, 6, '1 mosaic'),
(3670, 645, 38, 1, ''),
(3671, 645, 37, 3, ''),
(3672, 645, 36, 6, ''),
(3673, 645, 35, 6, ''),
(3759, 646, 37, 4, ''),
(3758, 646, 36, 4, ''),
(3762, 647, 38, 3, ''),
(3761, 647, 35, 3, ''),
(3829, 648, 37, 3, ''),
(3679, 649, 37, 1, ''),
(3680, 649, 36, 1, ''),
(3681, 649, 35, 1, ''),
(3682, 650, 38, 2, ''),
(3757, 646, 35, 8, '4 p    4pp'),
(3685, 652, 37, 1, ''),
(3686, 652, 36, 1, ''),
(3687, 652, 35, 1, ''),
(3810, 644, 38, 5, ''),
(3770, 653, 38, 3, ''),
(3826, 651, 37, 2, ''),
(3828, 648, 36, 4, ''),
(3769, 653, 37, 5, ''),
(3768, 653, 36, 4, ''),
(3767, 653, 35, 3, '1pp  2p'),
(3800, 669, 37, 5, ''),
(3773, 654, 38, 4, ''),
(3802, 656, 37, 4, ''),
(3772, 654, 36, 5, ''),
(3771, 654, 35, 4, '3PP 1P '),
(3797, 668, 37, 5, ''),
(3794, 667, 42, 2, ''),
(3775, 657, 36, 6, ''),
(3774, 657, 35, 6, ''),
(3778, 658, 37, 6, ''),
(3777, 658, 36, 7, ''),
(3776, 658, 35, 12, '6p  6pp'),
(3793, 666, 36, 4, ''),
(3782, 659, 38, 8, ''),
(3781, 659, 37, 4, ''),
(3780, 659, 36, 8, ''),
(3788, 663, 36, 4, ''),
(3786, 660, 38, 8, ''),
(3785, 660, 37, 4, ''),
(3779, 659, 35, 8, ''),
(3784, 660, 36, 8, ''),
(3783, 660, 35, 8, ''),
(3825, 664, 42, 3, ''),
(3824, 664, 37, 5, ''),
(3823, 664, 36, 15, ''),
(3822, 664, 35, 6, ''),
(3791, 665, 38, 8, ''),
(3790, 665, 37, 7, ''),
(3789, 665, 36, 7, ''),
(3792, 666, 35, 12, ''),
(3787, 663, 35, 21, '13pp  8p'),
(3730, 662, 38, 2, ''),
(3796, 668, 36, 5, ''),
(3795, 668, 35, 5, ''),
(3799, 669, 36, 5, ''),
(3798, 669, 35, 5, ''),
(3735, 670, 37, 2, ''),
(3736, 671, 37, 2, ''),
(3807, 644, 35, 6, '1 mosaic'),
(3760, 646, 38, 3, ''),
(3827, 648, 35, 8, '4p  4pp'),
(3815, 674, 36, 3, ''),
(3816, 673, 35, 1, ''),
(3817, 672, 35, 1, ''),
(3911, 676, 42, 20, ''),
(3910, 676, 38, 30, ''),
(3909, 676, 37, 40, ''),
(3908, 676, 36, 40, ''),
(3907, 676, 35, 20, ''),
(3915, 677, 42, 20, ''),
(3914, 677, 38, 20, ''),
(3913, 677, 37, 30, ''),
(3912, 677, 36, 30, ''),
(3870, 678, 43, 10, ''),
(3869, 678, 42, 10, ''),
(3868, 678, 38, 30, ''),
(3867, 678, 37, 24, ''),
(3866, 678, 36, 8, ''),
(3920, 679, 37, 6, ''),
(3919, 679, 36, 12, ''),
(3906, 680, 43, 10, ''),
(3905, 680, 38, 10, ''),
(3904, 680, 37, 10, ''),
(3903, 680, 36, 10, ''),
(3880, 681, 42, 20, ''),
(3879, 681, 38, 20, ''),
(3878, 681, 37, 30, ''),
(3877, 681, 36, 30, ''),
(3927, 682, 37, 32, '(N°44  16UN)  (N°46  16UN)'),
(3893, 683, 35, 16, ''),
(3894, 683, 36, 24, ''),
(3895, 683, 37, 14, ''),
(3896, 683, 38, 16, ''),
(3951, 684, 38, 60, ''),
(3987, 686, 36, 10, '(n°42) '),
(3926, 682, 36, 16, '(N°40  8UN) (N°42  8UN)'),
(3928, 682, 38, 12, '(N°48)'),
(4017, 687, 43, 75, '(N° 56  8UN)  (N° 60  25UN)  (N° 58  25UN'),
(3932, 688, 43, 75, '(n° 56  8n) (n°58  25 un)  (n°60 25un)'),
(3933, 689, 36, 5, ''),
(3934, 689, 37, 10, ''),
(3935, 689, 38, 10, ''),
(4028, 690, 38, 10, ''),
(4027, 690, 37, 10, ''),
(4026, 690, 36, 5, ''),
(3947, 691, 38, 10, ''),
(3946, 691, 37, 10, ''),
(3945, 691, 36, 5, ''),
(3950, 692, 38, 10, ''),
(3949, 692, 37, 10, ''),
(3948, 692, 36, 5, ''),
(3988, 686, 37, 16, '(n°44 10un)  (n°46  6un)'),
(3972, 694, 42, 10, ''),
(3971, 694, 38, 23, ''),
(3970, 694, 37, 27, ''),
(3969, 694, 36, 17, ''),
(3968, 694, 35, 3, ''),
(3959, 695, 35, 3, ''),
(3960, 695, 36, 22, ''),
(3961, 695, 37, 27, ''),
(3962, 695, 38, 18, ''),
(3963, 695, 42, 10, ''),
(3966, 698, 37, 4, ''),
(3967, 699, 37, 8, ''),
(3973, 696, 35, 3, ''),
(3974, 696, 36, 7, ''),
(3975, 696, 37, 7, ''),
(3976, 696, 38, 3, ''),
(3984, 697, 38, 3, ''),
(3983, 697, 37, 7, ''),
(3982, 697, 36, 7, ''),
(3981, 697, 35, 3, ''),
(3989, 701, 35, 120, ''),
(3990, 701, 36, 120, ''),
(3991, 701, 37, 100, ''),
(3992, 701, 38, 50, ''),
(3993, 702, 35, 120, ''),
(3994, 702, 36, 120, ''),
(3995, 702, 37, 100, ''),
(3996, 702, 38, 50, ''),
(3997, 703, 35, 5, ''),
(3998, 703, 36, 10, ''),
(3999, 703, 37, 15, ''),
(4004, 704, 43, 1, ''),
(4005, 705, 43, 1, ''),
(4018, 706, 43, 1, ''),
(4034, 707, 37, 20, ''),
(4033, 707, 36, 10, ''),
(4032, 707, 35, 10, ''),
(4010, 708, 35, 10, ''),
(4011, 708, 36, 10, ''),
(4012, 708, 37, 20, ''),
(4013, 709, 35, 10, ''),
(4014, 709, 36, 10, ''),
(4015, 709, 37, 10, ''),
(4016, 709, 42, 10, ''),
(4031, 710, 37, 10, ''),
(4030, 710, 36, 5, ''),
(4029, 710, 35, 5, ''),
(4022, 711, 35, 10, ''),
(4023, 711, 36, 10, ''),
(4024, 711, 37, 10, ''),
(4025, 711, 42, 10, ''),
(4046, 712, 42, 5, ''),
(4045, 712, 38, 5, ''),
(4044, 712, 37, 30, ''),
(4043, 712, 36, 10, ''),
(4039, 713, 36, 10, ''),
(4040, 713, 37, 30, ''),
(4041, 713, 38, 5, ''),
(4042, 713, 42, 5, ''),
(4049, 714, 34, 1, ''),
(4050, 715, 34, 1, ''),
(4051, 716, 36, 10, 'N 42'),
(4052, 716, 36, 10, 'N 44'),
(4053, 717, 36, 15, ''),
(4054, 717, 37, 15, ''),
(4055, 718, 36, 10, 'N 42'),
(4056, 718, 36, 10, 'N 44'),
(4057, 719, 36, 15, ''),
(4058, 719, 37, 15, ''),
(4059, 720, 42, 3, 'N 08'),
(4060, 721, 43, 3, 'N 62'),
(4061, 722, 36, 10, ''),
(4062, 722, 37, 10, ''),
(4063, 723, 36, 15, ''),
(4064, 723, 37, 10, ''),
(4065, 724, 36, 6, ''),
(4066, 724, 37, 4, ''),
(4067, 725, 36, 30, ''),
(4068, 725, 37, 20, ''),
(4069, 726, 36, 30, ''),
(4070, 727, 36, 30, ''),
(4071, 727, 37, 10, ''),
(4072, 728, 36, 20, ''),
(4073, 728, 37, 20, ''),
(4074, 729, 36, 10, ''),
(4075, 729, 37, 10, ''),
(4076, 730, 36, 20, ''),
(4077, 730, 37, 20, ''),
(4078, 731, 36, 20, ''),
(4079, 731, 37, 20, ''),
(4080, 732, 35, 10, ''),
(4081, 732, 36, 30, ''),
(4082, 732, 37, 20, ''),
(4083, 733, 35, 10, ''),
(4084, 733, 36, 20, ''),
(4085, 733, 37, 20, ''),
(4086, 734, 35, 10, ''),
(4087, 734, 36, 30, ''),
(4088, 734, 37, 20, ''),
(4089, 735, 35, 10, ''),
(4090, 735, 36, 20, ''),
(4091, 735, 37, 20, ''),
(4092, 736, 35, 1, ''),
(4093, 736, 36, 2, ''),
(4094, 736, 37, 3, ''),
(4095, 736, 38, 4, ''),
(4096, 737, 35, 5, ''),
(4097, 737, 36, 6, ''),
(4098, 737, 37, 7, ''),
(4099, 737, 38, 8, ''),
(4100, 736, 35, 6, ''),
(4101, 736, 36, 8, ''),
(4102, 736, 37, 3, ''),
(4103, 736, 38, 3, ''),
(4104, 737, 35, 6, ''),
(4105, 737, 36, 8, ''),
(4106, 737, 37, 4, ''),
(4107, 737, 38, 4, ''),
(4108, 736, 37, 3, ''),
(4109, 736, 38, 3, ''),
(4110, 736, 36, 8, ''),
(4111, 736, 35, 6, ''),
(4112, 737, 35, 6, ''),
(4113, 737, 36, 8, ''),
(4114, 737, 37, 4, ''),
(4115, 737, 38, 4, ''),
(4116, 738, 35, 6, '5 ADM, 1 MOSAIC'),
(4117, 738, 36, 6, '5 ADM, 1 MOSAIC'),
(4118, 738, 37, 5, '4 ADM, 1 MOSAIC'),
(4119, 738, 38, 5, '4 ADM, 1 MOSAIC'),
(4120, 739, 35, 6, '5 ADM, 1 MOSAIC'),
(4121, 739, 36, 6, '5 ADM, 1 MOSAIC'),
(4122, 739, 37, 5, '4 ADM, 1 MOSAIC'),
(4123, 739, 38, 5, '4 ADM, 1 MOSAIC'),
(4124, 740, 37, 10, ''),
(4125, 738, 35, 6, '5 ADM, 1 MOSAIC'),
(4126, 738, 36, 6, '5 ADM, 1 MOSAIC'),
(4127, 738, 37, 5, '4 ADM, 1 MOSAIC'),
(4128, 738, 38, 5, '4 ADM, 1 MOSAIC'),
(4129, 741, 35, 6, '5 ADM, 1 MOSAIC'),
(4130, 741, 36, 6, '5 ADM, 1 MOSAIC'),
(4131, 741, 37, 5, '4 ADM, 1 MOSAIC'),
(4132, 741, 38, 5, '4 ADM, 1 MOSAIC'),
(4133, 742, 35, 6, '5 ADM, 1 MOSAIC'),
(4134, 742, 36, 6, '5 ADM, 1 MOSAIC'),
(4135, 742, 37, 5, '4 ADM, 1 MOSAIC'),
(4136, 742, 38, 5, '4 ADM, 1 MOSAIC'),
(4137, 743, 37, 10, ''),
(4138, 744, 35, 6, ''),
(4139, 744, 36, 8, ''),
(4140, 744, 37, 3, ''),
(4141, 744, 38, 3, ''),
(4142, 745, 35, 6, ''),
(4143, 745, 36, 8, ''),
(4144, 745, 37, 4, ''),
(4145, 745, 37, 4, ''),
(4146, 746, 34, 2, ''),
(4147, 746, 35, 3, ''),
(4148, 746, 36, 4, ''),
(4149, 746, 37, 5, ''),
(4150, 746, 38, 4, ''),
(4151, 746, 42, 1, ''),
(4152, 747, 35, 1, ''),
(4153, 747, 36, 3, ''),
(4154, 747, 37, 3, ''),
(4155, 747, 38, 1, ''),
(4156, 747, 42, 1, ''),
(4157, 748, 37, 5, ''),
(4158, 749, 35, 5, '4 CATALAO, 1 MOSAIC'),
(4159, 749, 36, 5, '4 CATALAO, 1 MOSAIC'),
(4160, 750, 35, 3, ''),
(4161, 751, 35, 3, ''),
(4162, 752, 38, 4, ''),
(4163, 753, 34, 6, ''),
(4164, 753, 35, 7, '6 CATALAO, 1 MOSAIC'),
(4165, 753, 36, 7, '6 CATALAO, 1 MOSAIC'),
(4166, 753, 37, 4, ''),
(4167, 754, 35, 7, ''),
(4168, 754, 36, 12, ''),
(4169, 754, 37, 4, ''),
(4170, 754, 38, 4, ''),
(4171, 755, 35, 8, ''),
(4172, 755, 36, 12, ''),
(4173, 755, 37, 4, ''),
(4174, 755, 38, 4, ''),
(4175, 756, 36, 6, ''),
(4176, 756, 37, 4, ''),
(4177, 757, 36, 30, ''),
(4178, 757, 37, 20, ''),
(4179, 758, 34, 15, ''),
(4180, 758, 35, 10, ''),
(4181, 758, 36, 8, ''),
(4182, 759, 35, 10, ''),
(4183, 759, 36, 10, ''),
(4184, 759, 37, 10, ''),
(4185, 759, 38, 2, ''),
(4186, 759, 42, 2, ''),
(4187, 760, 36, 4, ''),
(4188, 760, 37, 4, ''),
(4189, 761, 35, 10, ''),
(4190, 761, 36, 8, ''),
(4191, 761, 37, 3, ''),
(4192, 762, 37, 2, ''),
(4193, 763, 37, 10, ''),
(4194, 757, 36, 30, ''),
(4195, 757, 37, 20, ''),
(4196, 764, 35, 10, ''),
(4197, 764, 36, 20, ''),
(4198, 764, 37, 20, ''),
(4199, 765, 35, 10, ''),
(4200, 765, 36, 30, ''),
(4201, 765, 37, 20, ''),
(4202, 766, 35, 15, ''),
(4203, 766, 36, 35, ''),
(4204, 766, 37, 35, ''),
(4205, 766, 38, 15, ''),
(4206, 767, 35, 15, ''),
(4207, 767, 36, 35, ''),
(4208, 767, 37, 35, ''),
(4209, 767, 38, 15, ''),
(4210, 768, 37, 152, ''),
(4211, 769, 35, 20, ''),
(4212, 769, 36, 20, ''),
(4213, 769, 37, 20, ''),
(4214, 769, 38, 20, ''),
(4215, 769, 42, 20, ''),
(4216, 770, 35, 2, ''),
(4217, 770, 36, 8, ''),
(4218, 770, 37, 6, ''),
(4219, 771, 35, 2, 'N 40'),
(4220, 771, 36, 8, 'N 42'),
(4221, 771, 37, 6, 'N 44'),
(4414, 795, 43, 10, ''),
(4223, 773, 34, 1, ''),
(4224, 774, 35, 15, ''),
(4225, 774, 36, 40, ''),
(4226, 774, 37, 35, ''),
(4227, 774, 38, 15, ''),
(4228, 775, 35, 60, ''),
(4229, 775, 36, 80, ''),
(4230, 775, 37, 60, ''),
(4231, 775, 38, 20, ''),
(4232, 776, 35, 60, ''),
(4233, 776, 36, 80, ''),
(4234, 776, 37, 60, ''),
(4235, 776, 38, 20, ''),
(4236, 777, 34, 10, ''),
(4237, 777, 34, 10, ''),
(4238, 778, 34, 10, ''),
(4239, 778, 34, 10, ''),
(4413, 795, 35, 40, ''),
(4241, 776, 35, 60, ''),
(4242, 776, 36, 80, ''),
(4243, 776, 37, 60, ''),
(4244, 776, 38, 20, ''),
(4245, 762, 37, 2, ''),
(4246, 780, 37, 2, ''),
(4401, 781, 38, 20, ''),
(4400, 781, 37, 60, ''),
(4399, 781, 36, 80, ''),
(4398, 781, 35, 60, ''),
(4405, 782, 38, 20, ''),
(4404, 782, 37, 60, ''),
(4403, 782, 36, 80, ''),
(4402, 782, 35, 60, ''),
(4255, 783, 34, 1, ''),
(4256, 784, 36, 10, 'N 42'),
(4257, 784, 36, 10, 'N 44'),
(4258, 768, 34, 550, 'p,m,g,gg,xg'),
(4259, 785, 35, 15, ''),
(4260, 785, 36, 35, ''),
(4261, 785, 37, 35, ''),
(4262, 785, 38, 15, ''),
(4412, 795, 36, 50, ''),
(4411, 795, 37, 50, ''),
(4556, 794, 35, 10, ''),
(4555, 794, 36, 10, ''),
(4306, 755, 36, 12, ''),
(4305, 755, 37, 4, ''),
(4304, 755, 38, 4, ''),
(4303, 755, 35, 8, ''),
(4302, 755, 36, 12, ''),
(4301, 755, 37, 4, ''),
(4300, 755, 38, 4, ''),
(4299, 755, 35, 8, ''),
(4298, 755, 36, 12, ''),
(4297, 755, 37, 4, ''),
(4296, 755, 38, 4, ''),
(4295, 755, 35, 8, ''),
(4294, 755, 36, 12, ''),
(4293, 755, 37, 4, ''),
(4292, 755, 38, 4, ''),
(4291, 755, 38, 4, ''),
(4290, 755, 37, 4, ''),
(4289, 755, 36, 12, ''),
(4288, 755, 35, 8, ''),
(4554, 794, 37, 10, ''),
(4307, 755, 35, 8, ''),
(4308, 786, 35, 20, ''),
(4309, 786, 36, 60, ''),
(4310, 786, 37, 30, ''),
(4311, 786, 38, 10, ''),
(4312, 786, 35, 20, ''),
(4313, 786, 36, 60, ''),
(4314, 786, 37, 30, ''),
(4315, 786, 38, 10, ''),
(4316, 787, 35, 15, ''),
(4317, 787, 36, 35, ''),
(4318, 787, 37, 35, ''),
(4319, 787, 38, 15, ''),
(4321, 755, 36, 12, ''),
(4322, 755, 37, 4, ''),
(4323, 755, 38, 4, ''),
(4324, 751, 35, 3, ''),
(4325, 787, 35, 15, ''),
(4326, 787, 36, 35, ''),
(4327, 787, 37, 35, ''),
(4328, 787, 38, 15, ''),
(4381, 788, 38, 4, ''),
(4380, 788, 37, 4, ''),
(4379, 788, 36, 12, ''),
(4378, 788, 35, 7, ''),
(4377, 789, 35, 8, ''),
(4376, 789, 36, 12, ''),
(4375, 789, 37, 4, ''),
(4374, 789, 38, 4, ''),
(4337, 790, 36, 10, ''),
(4338, 790, 37, 10, ''),
(4339, 791, 36, 2, ''),
(4340, 791, 37, 7, ''),
(4341, 791, 38, 6, ''),
(4342, 792, 36, 20, ''),
(4343, 792, 43, 6, ''),
(4344, 793, 36, 20, ''),
(4345, 793, 37, 30, ''),
(4346, 793, 38, 5, ''),
(4553, 794, 38, 6, ''),
(4350, 772, 34, 1, 'teste'),
(4410, 795, 38, 30, ''),
(4552, 796, 43, 3, ''),
(4551, 796, 38, 6, ''),
(4550, 796, 37, 10, ''),
(4549, 796, 36, 10, ''),
(4548, 796, 35, 6, ''),
(4419, 797, 43, 10, ''),
(4418, 797, 38, 30, ''),
(4417, 797, 37, 50, ''),
(4416, 797, 36, 50, ''),
(4415, 797, 35, 40, ''),
(4409, 798, 37, 10, ''),
(4408, 798, 38, 20, ''),
(4384, 799, 37, 10, ''),
(4385, 799, 38, 20, ''),
(4396, 800, 38, 8, 'N° 46'),
(4395, 800, 36, 48, 'N° 42'),
(4394, 800, 36, 8, 'N° 40');
INSERT INTO `sv_tamanho_produto_has_pedidos` (`id`, `produto_has_pedidos_id`, `categoria_id`, `quantidade`, `obs`) VALUES
(4393, 800, 35, 16, 'N° 38'),
(4397, 801, 66, 50, ''),
(4420, 802, 36, 10, ''),
(4421, 802, 37, 10, ''),
(4422, 802, 38, 10, ''),
(4423, 802, 43, 5, 'XXXG'),
(4424, 803, 36, 5, ''),
(4425, 803, 37, 5, ''),
(4426, 803, 43, 5, 'XXXG'),
(4427, 804, 36, 10, ''),
(4428, 804, 37, 10, ''),
(4429, 804, 43, 5, 'XXXG'),
(4430, 805, 36, 5, ''),
(4431, 805, 37, 5, ''),
(4432, 805, 43, 5, 'XXXG'),
(4433, 806, 62, 4, ''),
(4434, 806, 63, 6, ''),
(4435, 806, 64, 8, ''),
(4436, 806, 65, 6, ''),
(4437, 807, 75, 4, ''),
(4438, 807, 76, 8, ''),
(4439, 807, 77, 8, ''),
(4440, 808, 35, 35, ''),
(4441, 808, 36, 35, ''),
(4442, 808, 37, 35, ''),
(4443, 808, 38, 5, ''),
(4451, 809, 38, 5, ''),
(4450, 809, 37, 35, ''),
(4449, 809, 36, 35, ''),
(4448, 809, 35, 35, ''),
(4452, 810, 75, 2, ''),
(4453, 810, 76, 7, ''),
(4454, 810, 77, 10, ''),
(4455, 811, 36, 6, ''),
(4456, 811, 37, 6, ''),
(4457, 811, 38, 4, ''),
(4458, 811, 43, 3, ''),
(4459, 812, 35, 6, ''),
(4460, 812, 36, 9, ''),
(4461, 812, 37, 12, ''),
(4462, 813, 36, 3, ''),
(4463, 813, 37, 3, ''),
(4464, 814, 36, 3, ''),
(4465, 814, 37, 3, ''),
(4466, 815, 34, 17, ''),
(4467, 815, 35, 11, ''),
(4468, 815, 36, 9, ''),
(4469, 816, 35, 9, ''),
(4470, 816, 36, 11, ''),
(4471, 816, 37, 4, ''),
(4472, 817, 35, 4, ''),
(4473, 817, 36, 4, ''),
(4474, 817, 37, 4, ''),
(4475, 818, 37, 10, ''),
(4476, 819, 35, 12, ''),
(4477, 819, 36, 8, ''),
(4478, 819, 37, 4, ''),
(4479, 820, 35, 9, '8 ADM, 1 MOSAIC'),
(4480, 820, 36, 10, '9 ADM, 1 MOSAIC'),
(4481, 820, 37, 3, ''),
(4482, 821, 35, 9, '8 ADM, 1 MOSAIC'),
(4483, 821, 36, 9, '8 ADM, 1 MOSAIC'),
(4484, 821, 37, 3, ''),
(4485, 822, 36, 10, ''),
(4486, 823, 35, 9, ''),
(4487, 823, 36, 7, ''),
(4488, 823, 37, 4, ''),
(4489, 823, 38, 8, ''),
(4490, 824, 35, 12, ''),
(4491, 824, 36, 7, ''),
(4492, 824, 37, 4, ''),
(4493, 824, 38, 3, ''),
(4494, 825, 34, 15, ''),
(4495, 826, 34, 5, ''),
(4496, 826, 35, 3, ''),
(4497, 826, 36, 6, ''),
(4498, 826, 37, 4, ''),
(4499, 826, 38, 5, ''),
(4500, 827, 34, 5, ''),
(4501, 827, 35, 5, ''),
(4502, 828, 35, 9, '8 CATALAO, 1 MOSAIC'),
(4503, 828, 36, 6, '5 CATALAO ,1 MOSAIC'),
(4504, 828, 37, 4, ''),
(4505, 828, 38, 7, ''),
(4506, 829, 38, 2, ''),
(4507, 830, 34, 2, ''),
(4508, 830, 35, 7, '6 CATALAO, 1 MOSAIC'),
(4509, 830, 36, 7, '6 CATALAO, 1 MOSAIC'),
(4510, 831, 34, 2, ''),
(4511, 831, 35, 4, ''),
(4512, 831, 36, 4, ''),
(4513, 831, 37, 6, ''),
(4514, 831, 38, 5, ''),
(4515, 831, 42, 1, ''),
(4516, 832, 34, 2, ''),
(4517, 832, 35, 4, ''),
(4518, 832, 36, 2, ''),
(4519, 832, 37, 4, ''),
(4520, 832, 38, 4, ''),
(4521, 832, 42, 1, ''),
(4522, 833, 36, 5, 'TAM UNICO'),
(4645, 834, 38, 10, ''),
(4644, 834, 37, 10, ''),
(4649, 835, 42, 6, ''),
(4648, 835, 38, 6, ''),
(4647, 835, 37, 6, ''),
(4646, 835, 36, 6, ''),
(4529, 836, 38, 30, ''),
(4530, 837, 35, 30, ''),
(4531, 837, 36, 30, ''),
(4532, 837, 37, 40, ''),
(4533, 838, 63, 10, ''),
(4534, 838, 64, 10, ''),
(4535, 838, 65, 10, ''),
(4536, 839, 35, 5, ''),
(4537, 839, 36, 5, ''),
(4538, 840, 38, 5, ''),
(4539, 841, 37, 5, ''),
(4540, 842, 38, 4, ''),
(4542, 843, 38, 3, ''),
(4557, 844, 36, 2, ''),
(4558, 844, 38, 2, ''),
(4559, 845, 38, 2, ''),
(4560, 846, 37, 100, ''),
(4561, 847, 35, 30, ''),
(4562, 847, 36, 50, ''),
(4563, 847, 37, 100, ''),
(4564, 847, 38, 60, ''),
(4565, 848, 37, 10, ''),
(4566, 848, 38, 10, ''),
(4567, 848, 42, 6, ''),
(4568, 849, 37, 3, ''),
(4569, 849, 38, 3, ''),
(4570, 850, 37, 8, ''),
(4571, 850, 38, 8, ''),
(4572, 850, 42, 4, ''),
(4573, 851, 37, 3, ''),
(4574, 851, 38, 3, ''),
(4575, 852, 36, 30, ''),
(4576, 852, 37, 30, ''),
(4577, 852, 38, 10, ''),
(4578, 852, 43, 10, ''),
(4579, 853, 63, 30, ''),
(4580, 853, 64, 20, ''),
(4581, 853, 65, 10, ''),
(4582, 854, 63, 30, ''),
(4583, 854, 64, 20, ''),
(4584, 854, 65, 10, ''),
(4585, 855, 37, 15, ''),
(4586, 856, 36, 12, ''),
(4587, 856, 37, 10, ''),
(4588, 856, 37, 6, ''),
(4589, 857, 35, 3, ''),
(4590, 857, 36, 12, ''),
(4591, 857, 37, 10, ''),
(4592, 857, 38, 6, ''),
(4593, 858, 36, 16, ''),
(4594, 858, 37, 12, ''),
(4595, 859, 36, 10, ''),
(4596, 859, 37, 6, ''),
(4597, 860, 36, 100, ''),
(4598, 860, 37, 100, ''),
(4599, 860, 38, 100, ''),
(4600, 860, 42, 100, ''),
(4601, 860, 43, 50, ''),
(4602, 860, 43, 50, 'EXGGG'),
(4603, 861, 35, 30, ''),
(4604, 861, 36, 70, ''),
(4605, 861, 37, 100, ''),
(4606, 861, 38, 100, ''),
(4607, 861, 42, 100, ''),
(4608, 861, 43, 50, ''),
(4609, 861, 43, 50, 'EXGGG'),
(4610, 862, 36, 50, ''),
(4611, 862, 37, 70, ''),
(4612, 863, 36, 150, ''),
(4613, 863, 37, 170, ''),
(4614, 864, 37, 15, ''),
(4615, 864, 38, 20, ''),
(4616, 864, 43, 5, ''),
(4617, 865, 35, 90, ''),
(4618, 865, 36, 160, ''),
(4619, 865, 37, 200, ''),
(4620, 865, 38, 130, ''),
(4621, 865, 43, 50, ''),
(4622, 866, 35, 6, '36'),
(4623, 866, 62, 50, ''),
(4624, 866, 63, 15, ''),
(4625, 866, 64, 50, ''),
(4626, 866, 65, 25, ''),
(4627, 866, 66, 95, ''),
(4628, 866, 67, 60, ''),
(4629, 866, 68, 30, ''),
(4630, 866, 69, 20, ''),
(4631, 866, 70, 25, ''),
(4632, 866, 71, 25, ''),
(4633, 866, 72, 5, ''),
(4634, 867, 63, 10, ''),
(4635, 867, 64, 15, ''),
(4636, 867, 65, 40, ''),
(4637, 867, 66, 60, ''),
(4638, 867, 67, 20, ''),
(4639, 867, 68, 15, ''),
(4640, 867, 69, 8, ''),
(4641, 867, 70, 6, ''),
(4642, 867, 71, 10, ''),
(4643, 868, 77, 300, 'TAMANHO UNICO'),
(4650, 869, 77, 2, ''),
(4651, 869, 75, 4, ''),
(4652, 870, 64, 10, ''),
(4653, 870, 65, 10, ''),
(4654, 871, 75, 5, ''),
(4655, 871, 76, 35, ''),
(4656, 871, 77, 40, ''),
(4657, 872, 35, 30, ''),
(4658, 872, 36, 40, ''),
(4659, 872, 37, 40, ''),
(4660, 872, 38, 20, ''),
(4661, 872, 42, 20, ''),
(4675, 873, 37, 80, ''),
(4674, 873, 38, 20, ''),
(4673, 873, 42, 20, ''),
(4672, 873, 36, 40, ''),
(4671, 873, 35, 30, ''),
(4667, 874, 37, 2, ''),
(4668, 874, 38, 4, ''),
(4669, 874, 43, 6, ''),
(4670, 874, 35, 8, ''),
(4676, 875, 36, 20, ''),
(4677, 875, 37, 30, '');

-- --------------------------------------------------------

--
-- Estrutura da tabela `sv_tecido`
--

CREATE TABLE IF NOT EXISTS `sv_tecido` (
  `id` int(11) NOT NULL,
  `descricao` varchar(255) NOT NULL,
  `ativo` int(11) NOT NULL
) ENGINE=MyISAM AUTO_INCREMENT=27 DEFAULT CHARSET=utf8;

--
-- Extraindo dados da tabela `sv_tecido`
--

INSERT INTO `sv_tecido` (`id`, `descricao`, `ativo`) VALUES
(1, 'BRIM LEVE', 1),
(2, 'BRIM PESADO', 1),
(3, 'TRICOLINE', 1),
(4, 'GABARDINI', 1),
(5, 'MALHA PIQUET', 1),
(6, 'MALHA PV', 1),
(7, 'MALHA POLIESTER', 1),
(8, 'TACTEL', 1),
(9, 'MICROFIBRA', 1),
(10, 'NATURAL BLEND', 1),
(11, 'OXFORD', 1),
(12, 'MALHA PV 2', 1),
(13, 'POLIÉSTER MISTO', 1),
(14, 'TERGAL', 1),
(15, 'TRICOLINE MISTO', 1),
(16, 'MICROFIBRA', 1),
(17, 'JEANS', 1),
(18, 'LONA', 1),
(19, 'TODOS', 1),
(20, 'NOMEX', 1),
(21, 'CONFORME NR10', 1),
(22, 'CEDRO MIX', 1),
(23, 'MOLETON', 1),
(24, 'TOYOBO FIL A FIL ', 1),
(25, 'PRADA', 1),
(26, 'RIBANA', 1);

-- --------------------------------------------------------

--
-- Estrutura da tabela `sv_terceirizado`
--

CREATE TABLE IF NOT EXISTS `sv_terceirizado` (
  `id` int(11) NOT NULL,
  `descricao` varchar(45) NOT NULL,
  `data` date NOT NULL,
  `tipo` varchar(45) NOT NULL,
  `ativo` int(11) NOT NULL,
  `Nome` varchar(255) DEFAULT NULL,
  `Telefone` varchar(255) DEFAULT NULL,
  `Endereco` varchar(255) DEFAULT NULL,
  `Setor` varchar(255) DEFAULT NULL,
  `Maquinario` varchar(255) DEFAULT NULL,
  `Rota` varchar(255) DEFAULT NULL
) ENGINE=MyISAM AUTO_INCREMENT=59 DEFAULT CHARSET=latin1;

--
-- Extraindo dados da tabela `sv_terceirizado`
--

INSERT INTO `sv_terceirizado` (`id`, `descricao`, `data`, `tipo`, `ativo`, `Nome`, `Telefone`, `Endereco`, `Setor`, `Maquinario`, `Rota`) VALUES
(31, '', '2014-12-27', '1', 0, '', '', '', '', '', ''),
(1, 'EDUARDO', '2014-01-01', '1', 0, NULL, '3451-0065', '', 'CORTE, BORDADO, SILK', 'TODOS', 'VENDA NOVA'),
(2, 'costureira 01', '2014-01-01', '2', 1, NULL, NULL, NULL, NULL, NULL, NULL),
(11, 'COSTUREIRA 02', '2014-03-10', '2', 0, NULL, NULL, NULL, NULL, NULL, NULL),
(12, 'costureira 03', '2014-03-10', '2', 1, NULL, NULL, NULL, NULL, NULL, NULL),
(13, 'COSTUREIRA 04', '2014-03-10', '2', 1, NULL, NULL, NULL, NULL, NULL, NULL),
(14, 'WILSON', '2014-03-18', '1', 0, NULL, '', 'VIA EXPRESSA', 'BOTAO', 'CASEIA E PREGA', 'BETIM'),
(16, 'PENHA', '2014-05-17', '1', 0, NULL, '', '', 'COSTURA E BOTÃO', 'TODOS', 'BETIM'),
(17, 'PATRÍCIA', '2014-05-17', '1', 0, NULL, '', '', 'COSTURA', 'BRIM, TRICOLINE', 'ARVOREDO'),
(18, 'TESTE', '2014-05-17', '1', 0, NULL, 'TEL', 'end', 'set', 'maq', 'rota'),
(19, 'AMALIA', '2014-05-17', '1', 1, NULL, '9965-4920', '', 'CORTE, COSTURA', 'MALHA', 'BETIM'),
(20, 'JOÃO', '2014-08-14', '1', 1, NULL, '', '', 'CORTE MALHA E BRIM, COSTURA BRIM', 'BRIM', 'BETIM'),
(21, 'FATIMA', '2014-08-14', '1', 0, NULL, '', '', 'CORTE E COSTURA', 'TRICOLINE', 'BETIM'),
(22, 'SEGURA', '2014-12-22', '1', 1, NULL, '', '', '', '', '0'),
(23, 'MAURO', '2014-12-22', '1', 1, NULL, '3416-6019', '', 'SILK', '', 'DOM BOSCO'),
(24, 'BUSCAR', '2014-12-22', '1', 1, NULL, '', '', '', '', 'CENTRO'),
(25, 'MOACIR', '2015-01-06', '1', 1, NULL, '3416-6019', '', 'BORDADO', '', 'DOM BOSCO '),
(26, 'SILVIO', '2015-01-06', '1', 1, NULL, '9221-5958', '', 'SILK', '', 'BETIM'),
(27, 'FILHA AMALIA', '2015-01-06', '1', 0, NULL, '8723-4514', '', 'BORDADO', '', 'BETIM'),
(28, 'CLIENTE', '2015-01-06', '1', 1, NULL, '', '', '', '', ''),
(29, 'OUTROS', '2015-01-06', '1', 1, NULL, '', '', '', '', ''),
(30, 'PAULO ROBERTO', '2015-03-20', '1', 0, NULL, '31 9652-2895', '', 'CORTE COSTURA', 'ELETRICISTA', ''),
(32, 'ROGERIO', '2015-03-25', '1', 1, NULL, '', '', '', '', ''),
(33, 'Jr. Munir', '2015-03-30', '1', 1, NULL, '', '', '', '', ''),
(34, 'LETÍCIA (FILHA AMÁLIA)', '2015-04-01', '1', 0, NULL, '31 8628-8203', '', '', '', ''),
(35, 'CLASSE A', '2015-04-07', '1', 1, NULL, '31 3382-1780', 'JOSE RICARDO', 'BORDADO', '', ''),
(36, 'SIDNEIA', '2015-04-14', '1', 1, NULL, '31 8576-1842', '', 'SOCIAL\\ MALHA\\ BRIN', '', 'CENTRO'),
(37, 'ROGÉRIO CORTE', '2015-04-14', '1', 1, NULL, '31 9912-3495', 'MUCURICI NUMERO 127 BAIRRO SÃO SALVADOR ', 'CORTE, COSTURA', '', 'VIZINHANÇA  '),
(38, 'MATHEUS', '2015-04-15', '1', 1, NULL, '', '', '', '', ''),
(39, 'POLO ART', '2015-04-16', '1', 1, NULL, '32 3371-8483', 'CARLOS', '', '', ''),
(40, 'MADALENA', '2015-04-23', '1', 0, NULL, '31 9860-4344', 'CANAVIEIRA NUMERO 54', '', '', 'BETIM'),
(41, 'MARIA JESUS', '2015-04-23', '1', 0, NULL, '31 3456-0448', 'RUA 29 NUMERO 30A BAIRRO LAGOS', '', '', ''),
(42, 'HELENA ', '2015-05-12', '1', 1, NULL, '', '', 'COSTURA', '', ''),
(43, 'FRANCISCO FATTO MALHAS', '2015-05-26', '1', 0, NULL, '2535-4008', '', 'SILK', '', ''),
(44, 'CLEUBER ', '2015-05-26', '1', 1, NULL, '8859-5486', '', '', '', ''),
(45, 'ELAINE', '2015-05-28', '1', 0, NULL, '3354-2110', 'NACIONAL', 'COSTURA', 'MALHA', 'VIZINHANÇA'),
(46, 'FERNANDO', '2015-06-16', '1', 0, NULL, '31 8931-1001', 'REGINA', 'BOTÃO', '', ''),
(47, 'WALTER', '2015-06-30', '1', 1, NULL, '31 3027- 1325', '', 'BONÉ', '', ''),
(48, 'ELISÂNGELA  ', '2015-07-07', '1', 0, NULL, '8614-3811', '', 'COSTURA COMPLETA', 'TODAS', ''),
(49, 'MAURICIO ARTE', '2015-07-10', '1', 1, NULL, '', '', 'ARTE P/ SILK', '', ''),
(50, 'ANDRE SILK', '2015-07-10', '1', 0, NULL, '', '', 'SILK', '', ''),
(51, 'MARIA JOSÉ', '2015-07-21', '1', 1, NULL, 'X', 'X', 'COSTURA', 'X', ''),
(52, 'MARCO ANTONIO', '2015-07-29', '1', 1, NULL, '', '', '', '', ''),
(53, 'ADRIANO', '2015-08-14', '1', 1, NULL, '', '', 'COSTURA', '', ''),
(54, 'GORETE', '2015-10-22', '1', 1, NULL, '', '', '', 'COSTURA', ''),
(55, 'MATHEUS P.Q SAO JOAO', '2016-01-19', '1', 1, NULL, '3050-1493', '', 'COSTURA / BOTAO', 'BRIM', 'BETIM'),
(56, 'PAULO', '2016-02-01', '1', 1, NULL, '', '', 'SILK', '', ''),
(57, 'GRAZIELE M.A.', '2016-02-19', '1', 1, NULL, '', '', 'COSTURA', '', ''),
(58, 'FABIANA VZ', '2016-02-19', '1', 1, NULL, '987666460', 'R MAGNOLIA 85', 'COSTURA', 'MALHA', '');

-- --------------------------------------------------------

--
-- Estrutura da tabela `sv_vendedor`
--

CREATE TABLE IF NOT EXISTS `sv_vendedor` (
  `id` int(11) NOT NULL,
  `descricao` varchar(45) NOT NULL,
  `ativo` int(10) NOT NULL
) ENGINE=MyISAM AUTO_INCREMENT=48 DEFAULT CHARSET=latin1;

--
-- Extraindo dados da tabela `sv_vendedor`
--

INSERT INTO `sv_vendedor` (`id`, `descricao`, `ativo`) VALUES
(40, 'ronaldo', 1),
(41, 'VENDEDOR 02', 0),
(42, 'PAULO', 0),
(43, 'TESTE4', 0),
(44, 'POLO', 0),
(45, 'ANTÔNIO', 1),
(46, 'RAFAEL', 1),
(47, 'MARCO ANTÔNIO', 1);

-- --------------------------------------------------------

--
-- Stand-in structure for view `sv_vw_codigo`
--
CREATE TABLE IF NOT EXISTS `sv_vw_codigo` (
`id` int(11)
,`descricao` varchar(255)
,`ativo` int(11)
,`ativo_desc` varchar(7)
);

-- --------------------------------------------------------

--
-- Stand-in structure for view `sv_vw_cor`
--
CREATE TABLE IF NOT EXISTS `sv_vw_cor` (
`id` int(11)
,`descricao` varchar(255)
,`ativo` int(11)
,`ativo_desc` varchar(7)
);

-- --------------------------------------------------------

--
-- Stand-in structure for view `sv_vw_envio_materia_prima`
--
CREATE TABLE IF NOT EXISTS `sv_vw_envio_materia_prima` (
`id` int(11)
,`terceirizado_id` int(11)
,`materia_prima_id` int(11)
,`data` date
,`quantidade` int(11)
,`data_formatada` varchar(10)
,`terceirizado` varchar(45)
,`mateira_prima` varchar(45)
);

-- --------------------------------------------------------

--
-- Stand-in structure for view `sv_vw_fornecedores`
--
CREATE TABLE IF NOT EXISTS `sv_vw_fornecedores` (
`id` int(11)
,`descricao` varchar(45)
,`data_cadastro` varchar(10)
,`ativo` int(11)
,`ativo_desc` varchar(7)
);

-- --------------------------------------------------------

--
-- Stand-in structure for view `sv_vw_itens_produto_has_pedidos`
--
CREATE TABLE IF NOT EXISTS `sv_vw_itens_produto_has_pedidos` (
`id_grupo_mat_prima` int(11)
,`n` varchar(2)
,`id` int(11)
,`produto_has_pedidos_id` int(11)
,`materia_prima_id` int(11)
,`tecido_id` int(11)
,`quantidade` int(10)
,`obs` varchar(255)
,`descMatPrima` varchar(45)
,`descricaoTecido` text
,`tipoCategoria` int(10)
,`categoria` varchar(10)
,`descricaoTipoCategoria` varchar(10)
);

-- --------------------------------------------------------

--
-- Stand-in structure for view `sv_vw_materia_prima`
--
CREATE TABLE IF NOT EXISTS `sv_vw_materia_prima` (
`id` int(11)
,`descricao` varchar(45)
,`tipo` int(11)
,`tipo_descricao` varchar(9)
,`unidade` varchar(2)
,`data_cadastro` varchar(10)
,`ativo` int(11)
,`ativo_descricao` varchar(7)
,`categoria` int(11)
,`cat_desc` varchar(10)
,`qtde_retira` decimal(8,2)
,`qtde_retira_mat_prima` decimal(8,2)
,`qtde_retira_formatado` varchar(10)
,`qtde_retira_mat_prima_formatado` varchar(10)
);

-- --------------------------------------------------------

--
-- Stand-in structure for view `sv_vw_matprimtecido`
--
CREATE TABLE IF NOT EXISTS `sv_vw_matprimtecido` (
`id` int(11)
,`id_fornecedor` int(11)
,`id_tecido` int(11)
,`id_cor` int(11)
,`id_codigo` int(11)
,`ativo` int(11)
,`fornecedor` varchar(45)
,`tipoTecido` varchar(255)
,`cor` varchar(255)
,`codigo` varchar(255)
,`ativo_desc` varchar(7)
,`proporcao` decimal(10,2)
);

-- --------------------------------------------------------

--
-- Stand-in structure for view `sv_vw_modelo`
--
CREATE TABLE IF NOT EXISTS `sv_vw_modelo` (
`id` int(11)
,`descricao` varchar(255)
,`ativo` int(11)
,`ativo_desc` varchar(7)
);

-- --------------------------------------------------------

--
-- Stand-in structure for view `sv_vw_partes`
--
CREATE TABLE IF NOT EXISTS `sv_vw_partes` (
`id` int(11)
,`descricao` varchar(45)
,`tipo` int(11)
,`unidade` varchar(2)
,`data_cadastro` date
,`ativo` int(11)
,`qtde_retira` decimal(8,2)
,`qtde_retira_mat_prima` decimal(8,2)
,`categoria` int(11)
,`tipo_desc` varchar(10)
,`cat_desc` varchar(10)
,`ativo_descricao` varchar(7)
,`id_categoria` int(10)
);

-- --------------------------------------------------------

--
-- Stand-in structure for view `sv_vw_peca`
--
CREATE TABLE IF NOT EXISTS `sv_vw_peca` (
`id` int(11)
,`descricao` varchar(255)
,`ativo` int(11)
,`ativo_desc` varchar(7)
);

-- --------------------------------------------------------

--
-- Stand-in structure for view `sv_vw_pedidos`
--
CREATE TABLE IF NOT EXISTS `sv_vw_pedidos` (
`dataStartFluxo` varchar(10)
,`data_start_fluxo` date
,`tipo_tamanho` int(11)
,`data_previsao_entrega` date
,`dataCriacao` varchar(10)
,`vendedor` varchar(45)
,`status` varchar(45)
,`cliente` varchar(45)
,`id` int(11)
,`data_criacao` date
,`clientes_id` int(11)
,`status_id` int(11)
,`vendedor_id` int(11)
,`numero` varchar(10)
,`tipo` varchar(1)
,`contato` varchar(20)
,`telefone` varchar(15)
,`obs` varchar(100)
,`data_conclusao` date
,`data_faturamento` date
,`data_entrega` date
,`data_pgto` date
,`data_agenda` date
);

-- --------------------------------------------------------

--
-- Stand-in structure for view `sv_vw_produto`
--
CREATE TABLE IF NOT EXISTS `sv_vw_produto` (
`id` int(11)
,`peca` int(11)
,`tipo` int(11)
,`peca_descricao` varchar(255)
,`tipo_descricao` varchar(255)
,`ativo` int(11)
,`ativo_descricao` varchar(7)
,`proporcao_retira` decimal(8,2)
,`proporcao_formatada` varchar(10)
);

-- --------------------------------------------------------

--
-- Stand-in structure for view `sv_vw_produtos_has_pedidos`
--
CREATE TABLE IF NOT EXISTS `sv_vw_produtos_has_pedidos` (
`id` int(11)
,`pedidos_id` int(11)
,`produto_id` int(11)
,`tecido_id` int(10)
,`mf` int(10)
,`obs` varchar(255)
,`quantidade` int(11)
,`valor` decimal(8,2)
,`pecaId` int(11)
,`modelo` int(11)
,`mascFem` varchar(9)
,`descricaoProduto` varchar(511)
,`descricaoTecido` text
,`prop_retira_mat_prima` decimal(8,2)
);

-- --------------------------------------------------------

--
-- Stand-in structure for view `sv_vw_saida_estoque`
--
CREATE TABLE IF NOT EXISTS `sv_vw_saida_estoque` (
`id` int(11)
,`materia_prima_id` int(11)
,`pedidos_id` int(11)
,`quantidade` int(11)
,`qtde_negativa` bigint(12)
,`data` date
,`materia_prima` varchar(45)
,`numero_pedido` varchar(10)
,`cliente` varchar(45)
,`data_formatada` varchar(10)
);

-- --------------------------------------------------------

--
-- Stand-in structure for view `sv_vw_tamanho`
--
CREATE TABLE IF NOT EXISTS `sv_vw_tamanho` (
`id` int(10)
,`descricao` varchar(10)
,`numeracao` varchar(5)
,`numero` int(11)
);

-- --------------------------------------------------------

--
-- Stand-in structure for view `sv_vw_tamanho_produto_has_pedidos`
--
CREATE TABLE IF NOT EXISTS `sv_vw_tamanho_produto_has_pedidos` (
`id` int(11)
,`produto_has_pedidos_id` int(11)
,`categoria_id` int(11)
,`quantidade` int(10)
,`obs` varchar(255)
,`tamanho` varchar(10)
,`tamanho_d` varchar(10)
,`tamanho_n` varchar(5)
,`tamanho_c` int(11)
);

-- --------------------------------------------------------

--
-- Stand-in structure for view `sv_vw_tecido`
--
CREATE TABLE IF NOT EXISTS `sv_vw_tecido` (
`id` int(11)
,`descricao` varchar(255)
,`ativo` int(11)
,`ativo_desc` varchar(7)
);

-- --------------------------------------------------------

--
-- Stand-in structure for view `sv_vw_terceirizado`
--
CREATE TABLE IF NOT EXISTS `sv_vw_terceirizado` (
`id` int(11)
,`descricao` varchar(45)
,`tipo` varchar(45)
,`tipo_descricao` varchar(10)
,`data` varchar(10)
,`ativo` int(11)
,`ativo_descricao` varchar(7)
,`Nome` varchar(255)
,`Telefone` varchar(255)
,`Endereco` varchar(255)
,`Setor` varchar(255)
,`Maquinario` varchar(255)
,`Rota` varchar(255)
);

-- --------------------------------------------------------

--
-- Stand-in structure for view `sv_vw_vendedor`
--
CREATE TABLE IF NOT EXISTS `sv_vw_vendedor` (
`id` int(11)
,`descricao` varchar(45)
,`ativo` int(10)
,`ativo_desc` varchar(7)
);

-- --------------------------------------------------------

--
-- Estrutura da tabela `tabelas`
--

CREATE TABLE IF NOT EXISTS `tabelas` (
  `id` int(11) NOT NULL,
  `tabela` varchar(45) NOT NULL
) ENGINE=MyISAM AUTO_INCREMENT=22 DEFAULT CHARSET=latin1;

--
-- Extraindo dados da tabela `tabelas`
--

INSERT INTO `tabelas` (`id`, `tabela`) VALUES
(5, '0- NORMAL (PADRAO)'),
(6, 'MENOR'),
(7, 'TABELA  PLENA '),
(8, 'TABELA CONSTRUCAP'),
(9, 'MENOR ( ANTIGA )'),
(10, 'TABELA SERIS'),
(11, 'TABELA - M&M / PINTEPOXI'),
(12, 'TABELA USIMINAS'),
(13, 'TABELA TERRAÇO'),
(14, 'TABELA FIAT SINAL'),
(15, 'TABELA  K & L'),
(16, 'TABELA ECO VITAL'),
(17, 'TABELA TUMA'),
(18, 'TABELA RONTAN'),
(19, 'TABELA NORMAL'),
(20, 'GERAES ARQUIT'),
(21, 'MBR');

-- --------------------------------------------------------

--
-- Estrutura da tabela `tabelas_has_produtos`
--

CREATE TABLE IF NOT EXISTS `tabelas_has_produtos` (
  `id` int(11) NOT NULL,
  `tabelas_id` int(11) NOT NULL,
  `produtos_id` int(11) NOT NULL,
  `valor` decimal(8,2) NOT NULL
) ENGINE=MyISAM DEFAULT CHARSET=latin1;

-- --------------------------------------------------------

--
-- Estrutura da tabela `usuarios`
--

CREATE TABLE IF NOT EXISTS `usuarios` (
  `id` int(11) NOT NULL,
  `usuario` varchar(45) NOT NULL,
  `senha` varchar(45) NOT NULL,
  `data_inclusao` datetime DEFAULT NULL,
  `ativo` varchar(1) DEFAULT NULL
) ENGINE=MyISAM AUTO_INCREMENT=10 DEFAULT CHARSET=latin1;

--
-- Extraindo dados da tabela `usuarios`
--

INSERT INTO `usuarios` (`id`, `usuario`, `senha`, `data_inclusao`, `ativo`) VALUES
(1, 'root', '21232f297a57a5a743894a0e4a801fc3', '2012-09-09 00:00:00', 'S'),
(6, 'rafael', '21232f297a57a5a743894a0e4a801fc3', '2013-06-03 12:52:07', 'S'),
(8, 'adilson', '595b4a110420ab473260a6b6b488e437', '2013-06-04 01:45:42', 'S'),
(9, 'fabricio', '202cb962ac59075b964b07152d234b70', '2013-06-22 03:13:35', 'S');

-- --------------------------------------------------------

--
-- Stand-in structure for view `vw_acrescimos`
--
CREATE TABLE IF NOT EXISTS `vw_acrescimos` (
`p_id` int(11)
,`p_descricao` varchar(45)
,`p_tipo` int(11)
,`p_unidade` varchar(2)
,`p_data_cadastro` date
,`p_ativo` int(11)
,`p_qtde_retira` decimal(8,2)
,`p_qtde_retira_mat_prima` decimal(8,2)
,`p_categoria` int(11)
,`c_id` int(10)
,`c_tipo` int(10)
,`c_descricao` varchar(10)
,`c_ativo` int(10)
);

-- --------------------------------------------------------

--
-- Stand-in structure for view `vw_partes`
--
CREATE TABLE IF NOT EXISTS `vw_partes` (
`p_id` int(11)
,`p_descricao` varchar(45)
,`p_tipo` int(11)
,`p_unidade` varchar(2)
,`p_data_cadastro` date
,`p_ativo` int(11)
,`p_qtde_retira` decimal(8,2)
,`p_qtde_retira_mat_prima` decimal(8,2)
,`p_categoria` int(11)
,`c_id` int(10)
,`c_tipo` int(10)
,`c_descricao` varchar(10)
,`c_ativo` int(10)
);

-- --------------------------------------------------------

--
-- Stand-in structure for view `v_fluxo`
--
CREATE TABLE IF NOT EXISTS `v_fluxo` (
`id` int(11)
,`data_criacao` date
,`clientes_id` int(11)
,`status_id` int(11)
,`numero` varchar(10)
,`aba_andamento` int(11)
,`obs` varchar(100)
,`data_previsao_entrega` date
,`obs_dia` text
,`cliente_id` int(11)
,`cliente` varchar(45)
,`quantidadeProdutos` decimal(32,0)
,`arte` decimal(33,0)
,`modelagem` decimal(33,0)
,`matprima` decimal(33,0)
,`corte` decimal(33,0)
,`silk` decimal(33,0)
,`bordado` decimal(33,0)
,`costura` decimal(33,0)
,`botoes` decimal(33,0)
,`conferencia` decimal(33,0)
,`etapa_extra_1` decimal(33,0)
,`silk_peca` decimal(33,0)
,`bordado_peca` decimal(33,0)
,`botao_posterior` decimal(33,0)
,`etapa_extra_2` decimal(33,0)
,`embalagem` decimal(33,0)
,`entrega` decimal(33,0)
,`s_arte` varchar(7)
,`s_modelagem` varchar(7)
,`s_matprima` varchar(7)
,`s_corte` varchar(7)
,`s_silk` varchar(7)
,`s_bordado` varchar(7)
,`s_costura` varchar(7)
,`s_botoes` varchar(7)
,`s_conferencia` varchar(7)
,`s_etapa_extra_1` varchar(7)
,`s_silk_peca` varchar(7)
,`s_bordado_peca` varchar(7)
,`s_botao_posterior` varchar(7)
,`s_etapa_extra` varchar(7)
,`s_embalagem` varchar(7)
,`s_entrega` varchar(7)
);

-- --------------------------------------------------------

--
-- Structure for view `sv_vw_codigo`
--
DROP TABLE IF EXISTS `sv_vw_codigo`;

CREATE VIEW `sv_vw_codigo` AS select `sv_codigo`.`id` AS `id`,ucase(`sv_codigo`.`descricao`) AS `descricao`,`sv_codigo`.`ativo` AS `ativo`,(case `sv_codigo`.`ativo` when 1 then 'ATIVO' else 'INATIVO' end) AS `ativo_desc` from `sv_codigo`;

-- --------------------------------------------------------

--
-- Structure for view `sv_vw_cor`
--
DROP TABLE IF EXISTS `sv_vw_cor`;

CREATE VIEW `sv_vw_cor` AS select `sv_cor`.`id` AS `id`,ucase(`sv_cor`.`descricao`) AS `descricao`,`sv_cor`.`ativo` AS `ativo`,(case `sv_cor`.`ativo` when 1 then 'ATIVO' else 'INATIVO' end) AS `ativo_desc` from `sv_cor`;

-- --------------------------------------------------------

--
-- Structure for view `sv_vw_envio_materia_prima`
--
DROP TABLE IF EXISTS `sv_vw_envio_materia_prima`;

CREATE VIEW `sv_vw_envio_materia_prima` AS select `emp`.`id` AS `id`,`emp`.`terceirizado_id` AS `terceirizado_id`,`emp`.`materia_prima_id` AS `materia_prima_id`,`emp`.`data` AS `data`,`emp`.`quantidade` AS `quantidade`,date_format(`emp`.`data`,'%d/%m/%Y') AS `data_formatada`,ucase(`t`.`descricao`) AS `terceirizado`,ucase(`mp`.`descricao`) AS `mateira_prima` from ((`sv_envio_materia_prima` `emp` join `sv_terceirizado` `t` on((`t`.`id` = `emp`.`terceirizado_id`))) join `sv_materia_prima` `mp` on((`mp`.`id` = `emp`.`materia_prima_id`)));

-- --------------------------------------------------------

--
-- Structure for view `sv_vw_fornecedores`
--
DROP TABLE IF EXISTS `sv_vw_fornecedores`;

CREATE VIEW `sv_vw_fornecedores` AS select `f`.`id` AS `id`,ucase(`f`.`descricao`) AS `descricao`,date_format(`f`.`data_cadastro`,'%d/%m/%Y') AS `data_cadastro`,`f`.`ativo` AS `ativo`,(case `f`.`ativo` when 1 then 'ATIVO' else 'INATIVO' end) AS `ativo_desc` from `sv_fornecedor` `f`;

-- --------------------------------------------------------

--
-- Structure for view `sv_vw_itens_produto_has_pedidos`
--
DROP TABLE IF EXISTS `sv_vw_itens_produto_has_pedidos`;

CREATE VIEW `sv_vw_itens_produto_has_pedidos` AS select `ipp`.`id_grupo_mat_prima` AS `id_grupo_mat_prima`,substr(`cat`.`descricao`,1,2) AS `n`,`ipp`.`id` AS `id`,`ipp`.`produto_has_pedidos_id` AS `produto_has_pedidos_id`,`ipp`.`materia_prima_id` AS `materia_prima_id`,`ipp`.`tecido_id` AS `tecido_id`,`ipp`.`quantidade` AS `quantidade`,`ipp`.`obs` AS `obs`,ucase(`mp`.`descricao`) AS `descMatPrima`,ucase(concat(`t`.`descricao`,' ',`cor`.`descricao`,' ',convert(`f`.`descricao` using utf8),' ',`cod`.`descricao`)) AS `descricaoTecido`,`cat`.`tipo` AS `tipoCategoria`,ucase(`cat`.`descricao`) AS `categoria`,(case `cat`.`tipo` when 1 then 'PARTES' when 2 then 'ACRESCIMOS' end) AS `descricaoTipoCategoria` from (((((((`sv_itens_produto_has_pedidos` `ipp` left join `sv_matprimtecido` `mpt` on((`mpt`.`id` = `ipp`.`tecido_id`))) left join `sv_fornecedor` `f` on((`f`.`id` = `mpt`.`id_fornecedor`))) left join `sv_tecido` `t` on((`t`.`id` = `mpt`.`id_tecido`))) left join `sv_cor` `cor` on((`cor`.`id` = `mpt`.`id_cor`))) left join `sv_codigo` `cod` on((`cod`.`id` = `mpt`.`id_codigo`))) join `sv_materia_prima` `mp` on((`mp`.`id` = `ipp`.`materia_prima_id`))) join `sv_categoria` `cat` on((`cat`.`id` = `mp`.`categoria`))) order by substr(`cat`.`descricao`,1,2);

-- --------------------------------------------------------

--
-- Structure for view `sv_vw_materia_prima`
--
DROP TABLE IF EXISTS `sv_vw_materia_prima`;

CREATE VIEW `sv_vw_materia_prima` AS select `sv_materia_prima`.`id` AS `id`,ucase(`sv_materia_prima`.`descricao`) AS `descricao`,`sv_materia_prima`.`tipo` AS `tipo`,(case `sv_materia_prima`.`tipo` when 1 then 'TECIDO' when 2 then 'AVIAMENTO' when 3 then 'ITENS' end) AS `tipo_descricao`,ucase(`sv_materia_prima`.`unidade`) AS `unidade`,date_format(`sv_materia_prima`.`data_cadastro`,'%d/%m/%Y') AS `data_cadastro`,`sv_materia_prima`.`ativo` AS `ativo`,(case `sv_materia_prima`.`ativo` when 0 then 'INATIVO' when 1 then 'ATIVO' end) AS `ativo_descricao`,`sv_materia_prima`.`categoria` AS `categoria`,(case `sv_materia_prima`.`categoria` when 1 then 'TECIDO' when 2 then 'TAMANHO' when 3 then 'MODELO' when 4 then 'ACABAMENTO' when 5 then 'DETALHE' when 6 then 'SILK' when 7 then 'OBS' end) AS `cat_desc`,`sv_materia_prima`.`qtde_retira` AS `qtde_retira`,`sv_materia_prima`.`qtde_retira_mat_prima` AS `qtde_retira_mat_prima`,replace(`sv_materia_prima`.`qtde_retira`,'.',',') AS `qtde_retira_formatado`,replace(`sv_materia_prima`.`qtde_retira_mat_prima`,'.',',') AS `qtde_retira_mat_prima_formatado` from `sv_materia_prima`;

-- --------------------------------------------------------

--
-- Structure for view `sv_vw_matprimtecido`
--
DROP TABLE IF EXISTS `sv_vw_matprimtecido`;

CREATE VIEW `sv_vw_matprimtecido` AS select `m`.`id` AS `id`,`m`.`id_fornecedor` AS `id_fornecedor`,`m`.`id_tecido` AS `id_tecido`,`m`.`id_cor` AS `id_cor`,`m`.`id_codigo` AS `id_codigo`,`m`.`ativo` AS `ativo`,ucase(`f`.`descricao`) AS `fornecedor`,ucase(`t`.`descricao`) AS `tipoTecido`,ucase(`c`.`descricao`) AS `cor`,ucase(`cd`.`descricao`) AS `codigo`,(case `m`.`ativo` when 1 then 'ATIVO' else 'INATIVO' end) AS `ativo_desc`,`m`.`proporcao` AS `proporcao` from ((((`sv_matprimtecido` `m` join `sv_fornecedor` `f` on((`f`.`id` = `m`.`id_fornecedor`))) join `sv_tecido` `t` on((`t`.`id` = `m`.`id_tecido`))) join `sv_cor` `c` on((`c`.`id` = `m`.`id_cor`))) join `sv_codigo` `cd` on((`cd`.`id` = `m`.`id_codigo`)));

-- --------------------------------------------------------

--
-- Structure for view `sv_vw_modelo`
--
DROP TABLE IF EXISTS `sv_vw_modelo`;

CREATE VIEW `sv_vw_modelo` AS select `sv_modelo`.`id` AS `id`,ucase(`sv_modelo`.`descricao`) AS `descricao`,`sv_modelo`.`ativo` AS `ativo`,(case `sv_modelo`.`ativo` when 1 then 'ATIVO' else 'INATIVO' end) AS `ativo_desc` from `sv_modelo`;

-- --------------------------------------------------------

--
-- Structure for view `sv_vw_partes`
--
DROP TABLE IF EXISTS `sv_vw_partes`;

CREATE VIEW `sv_vw_partes` AS select `mp`.`id` AS `id`,`mp`.`descricao` AS `descricao`,`mp`.`tipo` AS `tipo`,`mp`.`unidade` AS `unidade`,`mp`.`data_cadastro` AS `data_cadastro`,`mp`.`ativo` AS `ativo`,`mp`.`qtde_retira` AS `qtde_retira`,`mp`.`qtde_retira_mat_prima` AS `qtde_retira_mat_prima`,`mp`.`categoria` AS `categoria`,(case `mp`.`tipo` when 1 then 'PARTES' else 'ACRESCIMOS' end) AS `tipo_desc`,`c`.`descricao` AS `cat_desc`,(case `mp`.`ativo` when 1 then 'ATIVO' else 'INATIVO' end) AS `ativo_descricao`,`c`.`id` AS `id_categoria` from (`sv_materia_prima` `mp` join `sv_categoria` `c` on((`c`.`id` = `mp`.`categoria`)));

-- --------------------------------------------------------

--
-- Structure for view `sv_vw_peca`
--
DROP TABLE IF EXISTS `sv_vw_peca`;

CREATE VIEW `sv_vw_peca` AS select `sv_peca`.`id` AS `id`,ucase(`sv_peca`.`descricao`) AS `descricao`,`sv_peca`.`ativo` AS `ativo`,(case `sv_peca`.`ativo` when 1 then 'ATIVO' else 'INATIVO' end) AS `ativo_desc` from `sv_peca`;

-- --------------------------------------------------------

--
-- Structure for view `sv_vw_pedidos`
--
DROP TABLE IF EXISTS `sv_vw_pedidos`;

CREATE VIEW `sv_vw_pedidos` AS select date_format(`p`.`data_start_fluxo`,'%d/%m/%Y') AS `dataStartFluxo`,`p`.`data_start_fluxo` AS `data_start_fluxo`,`p`.`tipo_tamanho` AS `tipo_tamanho`,`p`.`data_previsao_entrega` AS `data_previsao_entrega`,date_format(`p`.`data_criacao`,'%d/%m/%Y') AS `dataCriacao`,ucase(`v`.`descricao`) AS `vendedor`,`s`.`status` AS `status`,ucase(`c`.`cliente`) AS `cliente`,`p`.`id` AS `id`,`p`.`data_criacao` AS `data_criacao`,`p`.`clientes_id` AS `clientes_id`,`p`.`status_id` AS `status_id`,`p`.`vendedor_id` AS `vendedor_id`,`p`.`numero` AS `numero`,`p`.`tipo` AS `tipo`,`p`.`contato` AS `contato`,`p`.`telefone` AS `telefone`,`p`.`obs` AS `obs`,`p`.`data_conclusao` AS `data_conclusao`,`p`.`data_faturamento` AS `data_faturamento`,`p`.`data_entrega` AS `data_entrega`,`p`.`data_pgto` AS `data_pgto`,`p`.`data_agenda` AS `data_agenda` from (((`pedidos` `p` join `clientes` `c` on((`c`.`id` = `p`.`clientes_id`))) join `status` `s` on((`s`.`id` = `p`.`status_id`))) join `sv_vendedor` `v` on((`v`.`id` = `p`.`vendedor_id`)));

-- --------------------------------------------------------

--
-- Structure for view `sv_vw_produto`
--
DROP TABLE IF EXISTS `sv_vw_produto`;

CREATE VIEW `sv_vw_produto` AS select `sv_produto`.`id` AS `id`,`sv_produto`.`peca` AS `peca`,`sv_produto`.`tipo` AS `tipo`,ucase(`sv_peca`.`descricao`) AS `peca_descricao`,ucase(`sv_modelo`.`descricao`) AS `tipo_descricao`,`sv_produto`.`ativo` AS `ativo`,(case `sv_produto`.`ativo` when 0 then 'INATIVO' when 1 then 'ATIVO' end) AS `ativo_descricao`,`sv_produto`.`prop_retira_mat_prima` AS `proporcao_retira`,replace(`sv_produto`.`prop_retira_mat_prima`,'.',',') AS `proporcao_formatada` from ((`sv_produto` join `sv_modelo` on((`sv_modelo`.`id` = `sv_produto`.`tipo`))) join `sv_peca` on((`sv_peca`.`id` = `sv_produto`.`peca`)));

-- --------------------------------------------------------

--
-- Structure for view `sv_vw_produtos_has_pedidos`
--
DROP TABLE IF EXISTS `sv_vw_produtos_has_pedidos`;

CREATE VIEW `sv_vw_produtos_has_pedidos` AS select `pp`.`id` AS `id`,`pp`.`pedidos_id` AS `pedidos_id`,`pp`.`produto_id` AS `produto_id`,`pp`.`tecido_id` AS `tecido_id`,`pp`.`mf` AS `mf`,`pp`.`obs` AS `obs`,`pp`.`quantidade` AS `quantidade`,`pp`.`valor` AS `valor`,`pd`.`peca` AS `pecaId`,`pd`.`tipo` AS `modelo`,(case `pp`.`mf` when 1 then 'MASCULINO' when 2 then 'FEMININO' end) AS `mascFem`,ucase(concat(`pc`.`descricao`,' ',`m`.`descricao`)) AS `descricaoProduto`,ucase(concat(`t`.`descricao`,' ',`cor`.`descricao`,' ',convert(`f`.`descricao` using utf8),' ',`cod`.`descricao`)) AS `descricaoTecido`,`pd`.`prop_retira_mat_prima` AS `prop_retira_mat_prima` from ((((((((`sv_produto_has_pedidos` `pp` join `sv_produto` `pd` on((`pd`.`id` = `pp`.`produto_id`))) join `sv_peca` `pc` on((`pc`.`id` = `pd`.`peca`))) join `sv_modelo` `m` on((`m`.`id` = `pd`.`tipo`))) join `sv_matprimtecido` `mpt` on((`mpt`.`id` = `pp`.`tecido_id`))) join `sv_fornecedor` `f` on((`f`.`id` = `mpt`.`id_fornecedor`))) join `sv_tecido` `t` on((`t`.`id` = `mpt`.`id_tecido`))) join `sv_cor` `cor` on((`cor`.`id` = `mpt`.`id_cor`))) join `sv_codigo` `cod` on((`cod`.`id` = `mpt`.`id_codigo`)));

-- --------------------------------------------------------

--
-- Structure for view `sv_vw_saida_estoque`
--
DROP TABLE IF EXISTS `sv_vw_saida_estoque`;

CREATE VIEW `sv_vw_saida_estoque` AS select `s`.`id` AS `id`,`s`.`materia_prima_id` AS `materia_prima_id`,`s`.`pedidos_id` AS `pedidos_id`,`s`.`quantidade` AS `quantidade`,(`s`.`quantidade` * -(1)) AS `qtde_negativa`,`s`.`data` AS `data`,ucase(`m`.`descricao`) AS `materia_prima`,`p`.`numero` AS `numero_pedido`,`c`.`cliente` AS `cliente`,date_format(`s`.`data`,'%d/%m/%Y') AS `data_formatada` from (((`sv_saida_estoque` `s` join `sv_materia_prima` `m` on((`m`.`id` = `s`.`materia_prima_id`))) join `pedidos` `p` on((`p`.`id` = `s`.`pedidos_id`))) join `clientes` `c` on((`c`.`id` = `p`.`clientes_id`)));

-- --------------------------------------------------------

--
-- Structure for view `sv_vw_tamanho`
--
DROP TABLE IF EXISTS `sv_vw_tamanho`;

CREATE VIEW `sv_vw_tamanho` AS select `sv_categoria`.`id` AS `id`,`sv_categoria`.`descricao` AS `descricao`,(case `sv_categoria`.`tamanho` when 1 then '36/38' when 2 then '40/42' when 3 then '44/46' when 4 then '48/50' when 5 then '52/54' when 6 then '56/58' end) AS `numeracao`,`sv_categoria`.`tamanho` AS `numero` from `sv_categoria` where ((`sv_categoria`.`tipo` = 3) and (`sv_categoria`.`ativo` = 1));

-- --------------------------------------------------------

--
-- Structure for view `sv_vw_tamanho_produto_has_pedidos`
--
DROP TABLE IF EXISTS `sv_vw_tamanho_produto_has_pedidos`;

CREATE VIEW `sv_vw_tamanho_produto_has_pedidos` AS select `tpp`.`id` AS `id`,`tpp`.`produto_has_pedidos_id` AS `produto_has_pedidos_id`,`tpp`.`categoria_id` AS `categoria_id`,`tpp`.`quantidade` AS `quantidade`,`tpp`.`obs` AS `obs`,ucase(`c`.`descricao`) AS `tamanho`,`svvwt`.`descricao` AS `tamanho_d`,`svvwt`.`numeracao` AS `tamanho_n`,`svvwt`.`numero` AS `tamanho_c` from ((`sv_tamanho_produto_has_pedidos` `tpp` join `sv_categoria` `c` on((`c`.`id` = `tpp`.`categoria_id`))) join `sv_vw_tamanho` `svvwt` on((`svvwt`.`descricao` = `c`.`descricao`)));

-- --------------------------------------------------------

--
-- Structure for view `sv_vw_tecido`
--
DROP TABLE IF EXISTS `sv_vw_tecido`;

CREATE VIEW `sv_vw_tecido` AS select `sv_tecido`.`id` AS `id`,ucase(`sv_tecido`.`descricao`) AS `descricao`,`sv_tecido`.`ativo` AS `ativo`,(case `sv_tecido`.`ativo` when 1 then 'ATIVO' else 'INATIVO' end) AS `ativo_desc` from `sv_tecido`;

-- --------------------------------------------------------

--
-- Structure for view `sv_vw_terceirizado`
--
DROP TABLE IF EXISTS `sv_vw_terceirizado`;

CREATE VIEW `sv_vw_terceirizado` AS select `sv_terceirizado`.`id` AS `id`,ucase(`sv_terceirizado`.`descricao`) AS `descricao`,`sv_terceirizado`.`tipo` AS `tipo`,(case `sv_terceirizado`.`tipo` when 1 then 'CONFECÇÃO' when 2 then 'COSTUREIRA' end) AS `tipo_descricao`,date_format(`sv_terceirizado`.`data`,'%d/%m/%Y') AS `data`,`sv_terceirizado`.`ativo` AS `ativo`,(case `sv_terceirizado`.`ativo` when 0 then 'INATIVO' when 1 then 'ATIVO' end) AS `ativo_descricao`,ucase(`sv_terceirizado`.`Nome`) AS `Nome`,ucase(`sv_terceirizado`.`Telefone`) AS `Telefone`,ucase(`sv_terceirizado`.`Endereco`) AS `Endereco`,ucase(`sv_terceirizado`.`Setor`) AS `Setor`,ucase(`sv_terceirizado`.`Maquinario`) AS `Maquinario`,ucase(`sv_terceirizado`.`Rota`) AS `Rota` from `sv_terceirizado`;

-- --------------------------------------------------------

--
-- Structure for view `sv_vw_vendedor`
--
DROP TABLE IF EXISTS `sv_vw_vendedor`;

CREATE VIEW `sv_vw_vendedor` AS select `sv_vendedor`.`id` AS `id`,ucase(`sv_vendedor`.`descricao`) AS `descricao`,`sv_vendedor`.`ativo` AS `ativo`,(case `sv_vendedor`.`ativo` when 1 then 'ATIVO' else 'INATIVO' end) AS `ativo_desc` from `sv_vendedor`;

-- --------------------------------------------------------

--
-- Structure for view `vw_acrescimos`
--
DROP TABLE IF EXISTS `vw_acrescimos`;

CREATE VIEW `vw_acrescimos` AS select `p`.`id` AS `p_id`,ucase(`p`.`descricao`) AS `p_descricao`,`p`.`tipo` AS `p_tipo`,`p`.`unidade` AS `p_unidade`,`p`.`data_cadastro` AS `p_data_cadastro`,`p`.`ativo` AS `p_ativo`,`p`.`qtde_retira` AS `p_qtde_retira`,`p`.`qtde_retira_mat_prima` AS `p_qtde_retira_mat_prima`,`p`.`categoria` AS `p_categoria`,`c`.`id` AS `c_id`,`c`.`tipo` AS `c_tipo`,ucase(`c`.`descricao`) AS `c_descricao`,`c`.`ativo` AS `c_ativo` from (`sv_vw_partes` `p` join `sv_categoria` `c` on((`c`.`id` = `p`.`categoria`))) where (`p`.`tipo` = 2);

-- --------------------------------------------------------

--
-- Structure for view `vw_partes`
--
DROP TABLE IF EXISTS `vw_partes`;

CREATE VIEW `vw_partes` AS select `p`.`id` AS `p_id`,ucase(`p`.`descricao`) AS `p_descricao`,`p`.`tipo` AS `p_tipo`,`p`.`unidade` AS `p_unidade`,`p`.`data_cadastro` AS `p_data_cadastro`,`p`.`ativo` AS `p_ativo`,`p`.`qtde_retira` AS `p_qtde_retira`,`p`.`qtde_retira_mat_prima` AS `p_qtde_retira_mat_prima`,`p`.`categoria` AS `p_categoria`,`c`.`id` AS `c_id`,`c`.`tipo` AS `c_tipo`,ucase(`c`.`descricao`) AS `c_descricao`,`c`.`ativo` AS `c_ativo` from (`sv_vw_partes` `p` join `sv_categoria` `c` on((`c`.`id` = `p`.`categoria`))) where (`p`.`tipo` = 1);

-- --------------------------------------------------------

--
-- Structure for view `v_fluxo`
--
DROP TABLE IF EXISTS `v_fluxo`;

CREATE VIEW `v_fluxo` AS select `p`.`id` AS `id`,`p`.`data_criacao` AS `data_criacao`,`p`.`clientes_id` AS `clientes_id`,`p`.`status_id` AS `status_id`,`p`.`numero` AS `numero`,`p`.`aba_andamento` AS `aba_andamento`,`p`.`obs` AS `obs`,`p`.`data_previsao_entrega` AS `data_previsao_entrega`,`p`.`obs_dia` AS `obs_dia`,`c`.`id` AS `cliente_id`,`c`.`cliente` AS `cliente`,(select sum(`sv_produto_has_pedidos`.`quantidade`) from `sv_produto_has_pedidos` where (`sv_produto_has_pedidos`.`pedidos_id` = `p`.`id`)) AS `quantidadeProdutos`,((select ifnull(sum(`fluxos`.`quantidade`),0) from `fluxos` where ((`fluxos`.`envio_retorno` = 0) and (`fluxos`.`andamento` = 0) and (`fluxos`.`pedido_id` = `p`.`id`))) - (select ifnull(sum(`fluxos`.`quantidade`),0) from `fluxos` where ((`fluxos`.`envio_retorno` = 1) and (`fluxos`.`andamento` = 0) and (`fluxos`.`pedido_id` = `p`.`id`)))) AS `arte`,((select ifnull(sum(`fluxos`.`quantidade`),0) from `fluxos` where ((`fluxos`.`envio_retorno` = 0) and (`fluxos`.`andamento` = 1) and (`fluxos`.`pedido_id` = `p`.`id`))) - (select ifnull(sum(`fluxos`.`quantidade`),0) from `fluxos` where ((`fluxos`.`envio_retorno` = 1) and (`fluxos`.`andamento` = 1) and (`fluxos`.`pedido_id` = `p`.`id`)))) AS `modelagem`,((select ifnull(sum(`fluxos`.`quantidade`),0) from `fluxos` where ((`fluxos`.`envio_retorno` = 0) and (`fluxos`.`andamento` = 2) and (`fluxos`.`pedido_id` = `p`.`id`))) - (select ifnull(sum(`fluxos`.`quantidade`),0) from `fluxos` where ((`fluxos`.`envio_retorno` = 1) and (`fluxos`.`andamento` = 2) and (`fluxos`.`pedido_id` = `p`.`id`)))) AS `matprima`,((select ifnull(sum(`fluxos`.`quantidade`),0) from `fluxos` where ((`fluxos`.`envio_retorno` = 0) and (`fluxos`.`andamento` = 3) and (`fluxos`.`pedido_id` = `p`.`id`))) - (select ifnull(sum(`fluxos`.`quantidade`),0) from `fluxos` where ((`fluxos`.`envio_retorno` = 1) and (`fluxos`.`andamento` = 3) and (`fluxos`.`pedido_id` = `p`.`id`)))) AS `corte`,((select ifnull(sum(`fluxos`.`quantidade`),0) from `fluxos` where ((`fluxos`.`envio_retorno` = 0) and (`fluxos`.`andamento` = 4) and (`fluxos`.`pedido_id` = `p`.`id`))) - (select ifnull(sum(`fluxos`.`quantidade`),0) from `fluxos` where ((`fluxos`.`envio_retorno` = 1) and (`fluxos`.`andamento` = 4) and (`fluxos`.`pedido_id` = `p`.`id`)))) AS `silk`,((select ifnull(sum(`fluxos`.`quantidade`),0) from `fluxos` where ((`fluxos`.`envio_retorno` = 0) and (`fluxos`.`andamento` = 5) and (`fluxos`.`pedido_id` = `p`.`id`))) - (select ifnull(sum(`fluxos`.`quantidade`),0) from `fluxos` where ((`fluxos`.`envio_retorno` = 1) and (`fluxos`.`andamento` = 5) and (`fluxos`.`pedido_id` = `p`.`id`)))) AS `bordado`,((select ifnull(sum(`fluxos`.`quantidade`),0) from `fluxos` where ((`fluxos`.`envio_retorno` = 0) and (`fluxos`.`andamento` = 6) and (`fluxos`.`pedido_id` = `p`.`id`))) - (select ifnull(sum(`fluxos`.`quantidade`),0) from `fluxos` where ((`fluxos`.`envio_retorno` = 1) and (`fluxos`.`andamento` = 6) and (`fluxos`.`pedido_id` = `p`.`id`)))) AS `costura`,((select ifnull(sum(`fluxos`.`quantidade`),0) from `fluxos` where ((`fluxos`.`envio_retorno` = 0) and (`fluxos`.`andamento` = 7) and (`fluxos`.`pedido_id` = `p`.`id`))) - (select ifnull(sum(`fluxos`.`quantidade`),0) from `fluxos` where ((`fluxos`.`envio_retorno` = 1) and (`fluxos`.`andamento` = 7) and (`fluxos`.`pedido_id` = `p`.`id`)))) AS `botoes`,((select ifnull(sum(`fluxos`.`quantidade`),0) from `fluxos` where ((`fluxos`.`envio_retorno` = 0) and (`fluxos`.`andamento` = 8) and (`fluxos`.`pedido_id` = `p`.`id`))) - (select ifnull(sum(`fluxos`.`quantidade`),0) from `fluxos` where ((`fluxos`.`envio_retorno` = 1) and (`fluxos`.`andamento` = 8) and (`fluxos`.`pedido_id` = `p`.`id`)))) AS `conferencia`,((select ifnull(sum(`fluxos`.`quantidade`),0) from `fluxos` where ((`fluxos`.`envio_retorno` = 0) and (`fluxos`.`andamento` = 9) and (`fluxos`.`pedido_id` = `p`.`id`))) - (select ifnull(sum(`fluxos`.`quantidade`),0) from `fluxos` where ((`fluxos`.`envio_retorno` = 1) and (`fluxos`.`andamento` = 9) and (`fluxos`.`pedido_id` = `p`.`id`)))) AS `etapa_extra_1`,((select ifnull(sum(`fluxos`.`quantidade`),0) from `fluxos` where ((`fluxos`.`envio_retorno` = 0) and (`fluxos`.`andamento` = 10) and (`fluxos`.`pedido_id` = `p`.`id`))) - (select ifnull(sum(`fluxos`.`quantidade`),0) from `fluxos` where ((`fluxos`.`envio_retorno` = 1) and (`fluxos`.`andamento` = 10) and (`fluxos`.`pedido_id` = `p`.`id`)))) AS `silk_peca`,((select ifnull(sum(`fluxos`.`quantidade`),0) from `fluxos` where ((`fluxos`.`envio_retorno` = 0) and (`fluxos`.`andamento` = 11) and (`fluxos`.`pedido_id` = `p`.`id`))) - (select ifnull(sum(`fluxos`.`quantidade`),0) from `fluxos` where ((`fluxos`.`envio_retorno` = 1) and (`fluxos`.`andamento` = 11) and (`fluxos`.`pedido_id` = `p`.`id`)))) AS `bordado_peca`,((select ifnull(sum(`fluxos`.`quantidade`),0) from `fluxos` where ((`fluxos`.`envio_retorno` = 0) and (`fluxos`.`andamento` = 12) and (`fluxos`.`pedido_id` = `p`.`id`))) - (select ifnull(sum(`fluxos`.`quantidade`),0) from `fluxos` where ((`fluxos`.`envio_retorno` = 1) and (`fluxos`.`andamento` = 12) and (`fluxos`.`pedido_id` = `p`.`id`)))) AS `botao_posterior`,((select ifnull(sum(`fluxos`.`quantidade`),0) from `fluxos` where ((`fluxos`.`envio_retorno` = 0) and (`fluxos`.`andamento` = 13) and (`fluxos`.`pedido_id` = `p`.`id`))) - (select ifnull(sum(`fluxos`.`quantidade`),0) from `fluxos` where ((`fluxos`.`envio_retorno` = 1) and (`fluxos`.`andamento` = 13) and (`fluxos`.`pedido_id` = `p`.`id`)))) AS `etapa_extra_2`,((select ifnull(sum(`fluxos`.`quantidade`),0) from `fluxos` where ((`fluxos`.`envio_retorno` = 0) and (`fluxos`.`andamento` = 14) and (`fluxos`.`pedido_id` = `p`.`id`))) - (select ifnull(sum(`fluxos`.`quantidade`),0) from `fluxos` where ((`fluxos`.`envio_retorno` = 1) and (`fluxos`.`andamento` = 14) and (`fluxos`.`pedido_id` = `p`.`id`)))) AS `embalagem`,((select ifnull(sum(`fluxos`.`quantidade`),0) from `fluxos` where ((`fluxos`.`envio_retorno` = 0) and (`fluxos`.`andamento` = 15) and (`fluxos`.`pedido_id` = `p`.`id`))) - (select ifnull(sum(`fluxos`.`quantidade`),0) from `fluxos` where ((`fluxos`.`envio_retorno` = 1) and (`fluxos`.`andamento` = 15) and (`fluxos`.`pedido_id` = `p`.`id`)))) AS `entrega`,(case (select count(0) from `fluxos` where ((`fluxos`.`andamento` = 0) and (`fluxos`.`pedido_id` = `p`.`id`))) when 0 then 'Plum' else (case (select count(0) from `fluxos` where ((`fluxos`.`andamento` = 0) and (`fluxos`.`envio_retorno` = 2) and (`fluxos`.`pedido_id` = `p`.`id`))) when 0 then (case (select count(0) from `fluxos` where ((`fluxos`.`andamento` = 0) and (`fluxos`.`data` = cast(now() as date)) and (`fluxos`.`status` = 0) and (`fluxos`.`pedido_id` = `p`.`id`))) when 0 then (case (select count(0) from `fluxos` where ((`fluxos`.`andamento` = 0) and (`fluxos`.`data` < cast(now() as date)) and (`fluxos`.`status` = 0) and (`fluxos`.`pedido_id` = `p`.`id`))) when 0 then (case (select count(0) from `fluxos` where ((`fluxos`.`andamento` = 0) and (`fluxos`.`data` > cast(now() as date)) and (`fluxos`.`status` = 0) and (`fluxos`.`pedido_id` = `p`.`id`))) when 0 then '#7CCD7C' else '#CDCDB4' end) else '#FF6347' end) else '#FFF68F' end) else 'sm' end) end) AS `s_arte`,(case (select count(0) from `fluxos` where ((`fluxos`.`andamento` = 1) and (`fluxos`.`pedido_id` = `p`.`id`))) when 0 then 'Plum' else (case (select count(0) from `fluxos` where ((`fluxos`.`andamento` = 1) and (`fluxos`.`envio_retorno` = 2) and (`fluxos`.`pedido_id` = `p`.`id`))) when 0 then (case (select count(0) from `fluxos` where ((`fluxos`.`andamento` = 1) and (`fluxos`.`data` = cast(now() as date)) and (`fluxos`.`status` = 0) and (`fluxos`.`pedido_id` = `p`.`id`))) when 0 then (case (select count(0) from `fluxos` where ((`fluxos`.`andamento` = 1) and (`fluxos`.`data` < cast(now() as date)) and (`fluxos`.`status` = 0) and (`fluxos`.`pedido_id` = `p`.`id`))) when 0 then (case (select count(0) from `fluxos` where ((`fluxos`.`andamento` = 1) and (`fluxos`.`data` > cast(now() as date)) and (`fluxos`.`status` = 0) and (`fluxos`.`pedido_id` = `p`.`id`))) when 0 then '#7CCD7C' else '#CDCDB4' end) else '#FF6347' end) else '#FFF68F' end) else 'sm' end) end) AS `s_modelagem`,(case (select count(0) from `fluxos` where ((`fluxos`.`andamento` = 2) and (`fluxos`.`pedido_id` = `p`.`id`))) when 0 then 'Plum' else (case (select count(0) from `fluxos` where ((`fluxos`.`andamento` = 2) and (`fluxos`.`envio_retorno` = 2) and (`fluxos`.`pedido_id` = `p`.`id`))) when 0 then (case (select count(0) from `fluxos` where ((`fluxos`.`andamento` = 2) and (`fluxos`.`data` = cast(now() as date)) and (`fluxos`.`status` = 0) and (`fluxos`.`pedido_id` = `p`.`id`))) when 0 then (case (select count(0) from `fluxos` where ((`fluxos`.`andamento` = 2) and (`fluxos`.`data` < cast(now() as date)) and (`fluxos`.`status` = 0) and (`fluxos`.`pedido_id` = `p`.`id`))) when 0 then (case (select count(0) from `fluxos` where ((`fluxos`.`andamento` = 2) and (`fluxos`.`data` > cast(now() as date)) and (`fluxos`.`status` = 0) and (`fluxos`.`pedido_id` = `p`.`id`))) when 0 then '#7CCD7C' else '#CDCDB4' end) else '#FF6347' end) else '#FFF68F' end) else 'sm' end) end) AS `s_matprima`,(case (select count(0) from `fluxos` where ((`fluxos`.`andamento` = 3) and (`fluxos`.`pedido_id` = `p`.`id`))) when 0 then 'Plum' else (case (select count(0) from `fluxos` where ((`fluxos`.`andamento` = 3) and (`fluxos`.`envio_retorno` = 2) and (`fluxos`.`pedido_id` = `p`.`id`))) when 0 then (case (select count(0) from `fluxos` where ((`fluxos`.`andamento` = 3) and (`fluxos`.`data` = cast(now() as date)) and (`fluxos`.`status` = 0) and (`fluxos`.`pedido_id` = `p`.`id`))) when 0 then (case (select count(0) from `fluxos` where ((`fluxos`.`andamento` = 3) and (`fluxos`.`data` < cast(now() as date)) and (`fluxos`.`status` = 0) and (`fluxos`.`pedido_id` = `p`.`id`))) when 0 then (case (select count(0) from `fluxos` where ((`fluxos`.`andamento` = 3) and (`fluxos`.`data` > cast(now() as date)) and (`fluxos`.`status` = 0) and (`fluxos`.`pedido_id` = `p`.`id`))) when 0 then '#7CCD7C' else '#CDCDB4' end) else '#FF6347' end) else '#FFF68F' end) else 'sm' end) end) AS `s_corte`,(case (select count(0) from `fluxos` where ((`fluxos`.`andamento` = 4) and (`fluxos`.`pedido_id` = `p`.`id`))) when 0 then 'Plum' else (case (select count(0) from `fluxos` where ((`fluxos`.`andamento` = 4) and (`fluxos`.`envio_retorno` = 2) and (`fluxos`.`pedido_id` = `p`.`id`))) when 0 then (case (select count(0) from `fluxos` where ((`fluxos`.`andamento` = 4) and (`fluxos`.`data` = cast(now() as date)) and (`fluxos`.`status` = 0) and (`fluxos`.`pedido_id` = `p`.`id`))) when 0 then (case (select count(0) from `fluxos` where ((`fluxos`.`andamento` = 4) and (`fluxos`.`data` < cast(now() as date)) and (`fluxos`.`status` = 0) and (`fluxos`.`pedido_id` = `p`.`id`))) when 0 then (case (select count(0) from `fluxos` where ((`fluxos`.`andamento` = 4) and (`fluxos`.`data` > cast(now() as date)) and (`fluxos`.`status` = 0) and (`fluxos`.`pedido_id` = `p`.`id`))) when 0 then '#7CCD7C' else '#CDCDB4' end) else '#FF6347' end) else '#FFF68F' end) else 'sm' end) end) AS `s_silk`,(case (select count(0) from `fluxos` where ((`fluxos`.`andamento` = 5) and (`fluxos`.`pedido_id` = `p`.`id`))) when 0 then 'Plum' else (case (select count(0) from `fluxos` where ((`fluxos`.`andamento` = 5) and (`fluxos`.`envio_retorno` = 2) and (`fluxos`.`pedido_id` = `p`.`id`))) when 0 then (case (select count(0) from `fluxos` where ((`fluxos`.`andamento` = 5) and (`fluxos`.`data` = cast(now() as date)) and (`fluxos`.`status` = 0) and (`fluxos`.`pedido_id` = `p`.`id`))) when 0 then (case (select count(0) from `fluxos` where ((`fluxos`.`andamento` = 5) and (`fluxos`.`data` < cast(now() as date)) and (`fluxos`.`status` = 0) and (`fluxos`.`pedido_id` = `p`.`id`))) when 0 then (case (select count(0) from `fluxos` where ((`fluxos`.`andamento` = 5) and (`fluxos`.`data` > cast(now() as date)) and (`fluxos`.`status` = 0) and (`fluxos`.`pedido_id` = `p`.`id`))) when 0 then '#7CCD7C' else '#CDCDB4' end) else '#FF6347' end) else '#FFF68F' end) else 'sm' end) end) AS `s_bordado`,(case (select count(0) from `fluxos` where ((`fluxos`.`andamento` = 6) and (`fluxos`.`pedido_id` = `p`.`id`))) when 0 then 'Plum' else (case (select count(0) from `fluxos` where ((`fluxos`.`andamento` = 6) and (`fluxos`.`envio_retorno` = 2) and (`fluxos`.`pedido_id` = `p`.`id`))) when 0 then (case (select count(0) from `fluxos` where ((`fluxos`.`andamento` = 6) and (`fluxos`.`data` = cast(now() as date)) and (`fluxos`.`status` = 0) and (`fluxos`.`pedido_id` = `p`.`id`))) when 0 then (case (select count(0) from `fluxos` where ((`fluxos`.`andamento` = 6) and (`fluxos`.`data` < cast(now() as date)) and (`fluxos`.`status` = 0) and (`fluxos`.`pedido_id` = `p`.`id`))) when 0 then (case (select count(0) from `fluxos` where ((`fluxos`.`andamento` = 6) and (`fluxos`.`data` > cast(now() as date)) and (`fluxos`.`status` = 0) and (`fluxos`.`pedido_id` = `p`.`id`))) when 0 then '#7CCD7C' else '#CDCDB4' end) else '#FF6347' end) else '#FFF68F' end) else 'sm' end) end) AS `s_costura`,(case (select count(0) from `fluxos` where ((`fluxos`.`andamento` = 7) and (`fluxos`.`pedido_id` = `p`.`id`))) when 0 then 'Plum' else (case (select count(0) from `fluxos` where ((`fluxos`.`andamento` = 7) and (`fluxos`.`envio_retorno` = 2) and (`fluxos`.`pedido_id` = `p`.`id`))) when 0 then (case (select count(0) from `fluxos` where ((`fluxos`.`andamento` = 7) and (`fluxos`.`data` = cast(now() as date)) and (`fluxos`.`status` = 0) and (`fluxos`.`pedido_id` = `p`.`id`))) when 0 then (case (select count(0) from `fluxos` where ((`fluxos`.`andamento` = 7) and (`fluxos`.`data` < cast(now() as date)) and (`fluxos`.`status` = 0) and (`fluxos`.`pedido_id` = `p`.`id`))) when 0 then (case (select count(0) from `fluxos` where ((`fluxos`.`andamento` = 7) and (`fluxos`.`data` > cast(now() as date)) and (`fluxos`.`status` = 0) and (`fluxos`.`pedido_id` = `p`.`id`))) when 0 then '#7CCD7C' else '#CDCDB4' end) else '#FF6347' end) else '#FFF68F' end) else 'sm' end) end) AS `s_botoes`,(case (select count(0) from `fluxos` where ((`fluxos`.`andamento` = 8) and (`fluxos`.`pedido_id` = `p`.`id`))) when 0 then 'Plum' else (case (select count(0) from `fluxos` where ((`fluxos`.`andamento` = 8) and (`fluxos`.`envio_retorno` = 2) and (`fluxos`.`pedido_id` = `p`.`id`))) when 0 then (case (select count(0) from `fluxos` where ((`fluxos`.`andamento` = 8) and (`fluxos`.`data` = cast(now() as date)) and (`fluxos`.`status` = 0) and (`fluxos`.`pedido_id` = `p`.`id`))) when 0 then (case (select count(0) from `fluxos` where ((`fluxos`.`andamento` = 8) and (`fluxos`.`data` < cast(now() as date)) and (`fluxos`.`status` = 0) and (`fluxos`.`pedido_id` = `p`.`id`))) when 0 then (case (select count(0) from `fluxos` where ((`fluxos`.`andamento` = 8) and (`fluxos`.`data` > cast(now() as date)) and (`fluxos`.`status` = 0) and (`fluxos`.`pedido_id` = `p`.`id`))) when 0 then '#7CCD7C' else '#CDCDB4' end) else '#FF6347' end) else '#FFF68F' end) else 'sm' end) end) AS `s_conferencia`,(case (select count(0) from `fluxos` where ((`fluxos`.`andamento` = 9) and (`fluxos`.`pedido_id` = `p`.`id`))) when 0 then 'Plum' else (case (select count(0) from `fluxos` where ((`fluxos`.`andamento` = 9) and (`fluxos`.`envio_retorno` = 2) and (`fluxos`.`pedido_id` = `p`.`id`))) when 0 then (case (select count(0) from `fluxos` where ((`fluxos`.`andamento` = 9) and (`fluxos`.`data` = cast(now() as date)) and (`fluxos`.`status` = 0) and (`fluxos`.`pedido_id` = `p`.`id`))) when 0 then (case (select count(0) from `fluxos` where ((`fluxos`.`andamento` = 9) and (`fluxos`.`data` < cast(now() as date)) and (`fluxos`.`status` = 0) and (`fluxos`.`pedido_id` = `p`.`id`))) when 0 then (case (select count(0) from `fluxos` where ((`fluxos`.`andamento` = 9) and (`fluxos`.`data` > cast(now() as date)) and (`fluxos`.`status` = 0) and (`fluxos`.`pedido_id` = `p`.`id`))) when 0 then '#7CCD7C' else '#CDCDB4' end) else '#FF6347' end) else '#FFF68F' end) else 'sm' end) end) AS `s_etapa_extra_1`,(case (select count(0) from `fluxos` where ((`fluxos`.`andamento` = 10) and (`fluxos`.`pedido_id` = `p`.`id`))) when 0 then 'Plum' else (case (select count(0) from `fluxos` where ((`fluxos`.`andamento` = 10) and (`fluxos`.`envio_retorno` = 2) and (`fluxos`.`pedido_id` = `p`.`id`))) when 0 then (case (select count(0) from `fluxos` where ((`fluxos`.`andamento` = 10) and (`fluxos`.`data` = cast(now() as date)) and (`fluxos`.`status` = 0) and (`fluxos`.`pedido_id` = `p`.`id`))) when 0 then (case (select count(0) from `fluxos` where ((`fluxos`.`andamento` = 10) and (`fluxos`.`data` < cast(now() as date)) and (`fluxos`.`status` = 0) and (`fluxos`.`pedido_id` = `p`.`id`))) when 0 then (case (select count(0) from `fluxos` where ((`fluxos`.`andamento` = 10) and (`fluxos`.`data` > cast(now() as date)) and (`fluxos`.`status` = 0) and (`fluxos`.`pedido_id` = `p`.`id`))) when 0 then '#7CCD7C' else '#CDCDB4' end) else '#FF6347' end) else '#FFF68F' end) else 'sm' end) end) AS `s_silk_peca`,(case (select count(0) from `fluxos` where ((`fluxos`.`andamento` = 11) and (`fluxos`.`pedido_id` = `p`.`id`))) when 0 then 'Plum' else (case (select count(0) from `fluxos` where ((`fluxos`.`andamento` = 11) and (`fluxos`.`envio_retorno` = 2) and (`fluxos`.`pedido_id` = `p`.`id`))) when 0 then (case (select count(0) from `fluxos` where ((`fluxos`.`andamento` = 11) and (`fluxos`.`data` = cast(now() as date)) and (`fluxos`.`status` = 0) and (`fluxos`.`pedido_id` = `p`.`id`))) when 0 then (case (select count(0) from `fluxos` where ((`fluxos`.`andamento` = 11) and (`fluxos`.`data` < cast(now() as date)) and (`fluxos`.`status` = 0) and (`fluxos`.`pedido_id` = `p`.`id`))) when 0 then (case (select count(0) from `fluxos` where ((`fluxos`.`andamento` = 11) and (`fluxos`.`data` > cast(now() as date)) and (`fluxos`.`status` = 0) and (`fluxos`.`pedido_id` = `p`.`id`))) when 0 then '#7CCD7C' else '#CDCDB4' end) else '#FF6347' end) else '#FFF68F' end) else 'sm' end) end) AS `s_bordado_peca`,(case (select count(0) from `fluxos` where ((`fluxos`.`andamento` = 12) and (`fluxos`.`pedido_id` = `p`.`id`))) when 0 then 'Plum' else (case (select count(0) from `fluxos` where ((`fluxos`.`andamento` = 12) and (`fluxos`.`envio_retorno` = 2) and (`fluxos`.`pedido_id` = `p`.`id`))) when 0 then (case (select count(0) from `fluxos` where ((`fluxos`.`andamento` = 12) and (`fluxos`.`data` = cast(now() as date)) and (`fluxos`.`status` = 0) and (`fluxos`.`pedido_id` = `p`.`id`))) when 0 then (case (select count(0) from `fluxos` where ((`fluxos`.`andamento` = 12) and (`fluxos`.`data` < cast(now() as date)) and (`fluxos`.`status` = 0) and (`fluxos`.`pedido_id` = `p`.`id`))) when 0 then (case (select count(0) from `fluxos` where ((`fluxos`.`andamento` = 12) and (`fluxos`.`data` > cast(now() as date)) and (`fluxos`.`status` = 0) and (`fluxos`.`pedido_id` = `p`.`id`))) when 0 then '#7CCD7C' else '#CDCDB4' end) else '#FF6347' end) else '#FFF68F' end) else 'sm' end) end) AS `s_botao_posterior`,(case (select count(0) from `fluxos` where ((`fluxos`.`andamento` = 13) and (`fluxos`.`pedido_id` = `p`.`id`))) when 0 then 'Plum' else (case (select count(0) from `fluxos` where ((`fluxos`.`andamento` = 13) and (`fluxos`.`envio_retorno` = 2) and (`fluxos`.`pedido_id` = `p`.`id`))) when 0 then (case (select count(0) from `fluxos` where ((`fluxos`.`andamento` = 13) and (`fluxos`.`data` = cast(now() as date)) and (`fluxos`.`status` = 0) and (`fluxos`.`pedido_id` = `p`.`id`))) when 0 then (case (select count(0) from `fluxos` where ((`fluxos`.`andamento` = 13) and (`fluxos`.`data` < cast(now() as date)) and (`fluxos`.`status` = 0) and (`fluxos`.`pedido_id` = `p`.`id`))) when 0 then (case (select count(0) from `fluxos` where ((`fluxos`.`andamento` = 13) and (`fluxos`.`data` > cast(now() as date)) and (`fluxos`.`status` = 0) and (`fluxos`.`pedido_id` = `p`.`id`))) when 0 then '#7CCD7C' else '#CDCDB4' end) else '#FF6347' end) else '#FFF68F' end) else 'sm' end) end) AS `s_etapa_extra`,(case (select count(0) from `fluxos` where ((`fluxos`.`andamento` = 14) and (`fluxos`.`pedido_id` = `p`.`id`))) when 0 then 'Plum' else (case (select count(0) from `fluxos` where ((`fluxos`.`andamento` = 14) and (`fluxos`.`envio_retorno` = 2) and (`fluxos`.`pedido_id` = `p`.`id`))) when 0 then (case (select count(0) from `fluxos` where ((`fluxos`.`andamento` = 14) and (`fluxos`.`data` = cast(now() as date)) and (`fluxos`.`status` = 0) and (`fluxos`.`pedido_id` = `p`.`id`))) when 0 then (case (select count(0) from `fluxos` where ((`fluxos`.`andamento` = 14) and (`fluxos`.`data` < cast(now() as date)) and (`fluxos`.`status` = 0) and (`fluxos`.`pedido_id` = `p`.`id`))) when 0 then (case (select count(0) from `fluxos` where ((`fluxos`.`andamento` = 14) and (`fluxos`.`data` > cast(now() as date)) and (`fluxos`.`status` = 0) and (`fluxos`.`pedido_id` = `p`.`id`))) when 0 then '#7CCD7C' else '#CDCDB4' end) else '#FF6347' end) else '#FFF68F' end) else 'sm' end) end) AS `s_embalagem`,(case (select count(0) from `fluxos` where ((`fluxos`.`andamento` = 15) and (`fluxos`.`pedido_id` = `p`.`id`))) when 0 then 'Plum' else (case (select count(0) from `fluxos` where ((`fluxos`.`andamento` = 15) and (`fluxos`.`envio_retorno` = 2) and (`fluxos`.`pedido_id` = `p`.`id`))) when 0 then (case (select count(0) from `fluxos` where ((`fluxos`.`andamento` = 15) and (`fluxos`.`data` = cast(now() as date)) and (`fluxos`.`status` = 0) and (`fluxos`.`pedido_id` = `p`.`id`))) when 0 then (case (select count(0) from `fluxos` where ((`fluxos`.`andamento` = 15) and (`fluxos`.`data` < cast(now() as date)) and (`fluxos`.`status` = 0) and (`fluxos`.`pedido_id` = `p`.`id`))) when 0 then (case (select count(0) from `fluxos` where ((`fluxos`.`andamento` = 15) and (`fluxos`.`data` > cast(now() as date)) and (`fluxos`.`status` = 0) and (`fluxos`.`pedido_id` = `p`.`id`))) when 0 then '#7CCD7C' else '#CDCDB4' end) else '#FF6347' end) else '#FFF68F' end) else 'sm' end) end) AS `s_entrega` from (`pedidos` `p` join `clientes` `c` on((`c`.`id` = `p`.`clientes_id`))) where (`p`.`status_id` = 1) order by `p`.`data_criacao`;

--
-- Indexes for dumped tables
--

--
-- Indexes for table `bairros`
--
ALTER TABLE `bairros`
  ADD PRIMARY KEY (`id`),
  ADD KEY `fk_bairros_rotas1` (`rotas_id`);

--
-- Indexes for table `categoria`
--
ALTER TABLE `categoria`
  ADD PRIMARY KEY (`id`);

--
-- Indexes for table `chm_chamado`
--
ALTER TABLE `chm_chamado`
  ADD PRIMARY KEY (`id`);

--
-- Indexes for table `chm_historico`
--
ALTER TABLE `chm_historico`
  ADD PRIMARY KEY (`id`);

--
-- Indexes for table `clientes`
--
ALTER TABLE `clientes`
  ADD PRIMARY KEY (`id`,`tabelas_id`),
  ADD KEY `fk_clientes_bairros1` (`bairros_id`),
  ADD KEY `fk_clientes_tabelas1` (`tabelas_id`);

--
-- Indexes for table `clientes_has_tabelas`
--
ALTER TABLE `clientes_has_tabelas`
  ADD PRIMARY KEY (`id`);

--
-- Indexes for table `controle`
--
ALTER TABLE `controle`
  ADD PRIMARY KEY (`id`);

--
-- Indexes for table `fluxos`
--
ALTER TABLE `fluxos`
  ADD PRIMARY KEY (`id`);

--
-- Indexes for table `fornecedor_pedido_produto`
--
ALTER TABLE `fornecedor_pedido_produto`
  ADD PRIMARY KEY (`id`);

--
-- Indexes for table `log`
--
ALTER TABLE `log`
  ADD PRIMARY KEY (`id`),
  ADD KEY `fk_log_usuarios1` (`usuarios_id`);

--
-- Indexes for table `parte_acrescimo_aviamento`
--
ALTER TABLE `parte_acrescimo_aviamento`
  ADD PRIMARY KEY (`id`);

--
-- Indexes for table `parte_acrescimo_has_tipo_aviamento`
--
ALTER TABLE `parte_acrescimo_has_tipo_aviamento`
  ADD PRIMARY KEY (`id`);

--
-- Indexes for table `pedidos`
--
ALTER TABLE `pedidos`
  ADD PRIMARY KEY (`id`),
  ADD KEY `fk_pedidos_clientes1` (`clientes_id`),
  ADD KEY `fk_pedidos_status1` (`status_id`),
  ADD KEY `fk_vendedor_id` (`vendedor_id`);

--
-- Indexes for table `pedidos_has_produtos`
--
ALTER TABLE `pedidos_has_produtos`
  ADD PRIMARY KEY (`id`),
  ADD KEY `fk_pedidos_has_produtos_pedidos1` (`pedidos_id`),
  ADD KEY `fk_pedidos_has_produtos_produtos1` (`produtos_id`);

--
-- Indexes for table `permissoes`
--
ALTER TABLE `permissoes`
  ADD PRIMARY KEY (`id`);

--
-- Indexes for table `permissoes_has_usuarios`
--
ALTER TABLE `permissoes_has_usuarios`
  ADD PRIMARY KEY (`permissoes_id`,`usuarios_id`),
  ADD KEY `fk_permissoes_has_usuarios_permissoes1` (`permissoes_id`),
  ADD KEY `fk_permissoes_has_usuarios_usuarios1` (`usuarios_id`);

--
-- Indexes for table `produtos`
--
ALTER TABLE `produtos`
  ADD PRIMARY KEY (`id`),
  ADD KEY `fk_produtos_categoria1` (`categoria_id`);

--
-- Indexes for table `rotas`
--
ALTER TABLE `rotas`
  ADD PRIMARY KEY (`id`),
  ADD UNIQUE KEY `rota_UNIQUE` (`rota`);

--
-- Indexes for table `status`
--
ALTER TABLE `status`
  ADD PRIMARY KEY (`id`);

--
-- Indexes for table `sv_aviamento_has_parte_acrescimo`
--
ALTER TABLE `sv_aviamento_has_parte_acrescimo`
  ADD PRIMARY KEY (`id`);

--
-- Indexes for table `sv_bkp_entrada_estoque`
--
ALTER TABLE `sv_bkp_entrada_estoque`
  ADD PRIMARY KEY (`id`);

--
-- Indexes for table `sv_categoria`
--
ALTER TABLE `sv_categoria`
  ADD PRIMARY KEY (`id`);

--
-- Indexes for table `sv_codigo`
--
ALTER TABLE `sv_codigo`
  ADD PRIMARY KEY (`id`);

--
-- Indexes for table `sv_cor`
--
ALTER TABLE `sv_cor`
  ADD PRIMARY KEY (`id`),
  ADD UNIQUE KEY `descricao` (`descricao`);

--
-- Indexes for table `sv_entrada_estoque`
--
ALTER TABLE `sv_entrada_estoque`
  ADD PRIMARY KEY (`id`);

--
-- Indexes for table `sv_envio_confeccao`
--
ALTER TABLE `sv_envio_confeccao`
  ADD PRIMARY KEY (`id`),
  ADD KEY `fk_sv_terceirizado_has_sv_produto_has_pedidos_sv_terceiriza_idx` (`terceirizado_id`),
  ADD KEY `fk_sv_terceirizado_has_sv_produto_has_pedidos_sv_produto_ha_idx` (`produto_has_pedidos_id`);

--
-- Indexes for table `sv_envio_materia_prima`
--
ALTER TABLE `sv_envio_materia_prima`
  ADD PRIMARY KEY (`id`),
  ADD KEY `fk_sv_terceirizado_has_sv_materia_prima_sv_terceirizado1_idx` (`terceirizado_id`),
  ADD KEY `fk_sv_terceirizado_has_sv_materia_prima_sv_materia_prima1_idx` (`materia_prima_id`);

--
-- Indexes for table `sv_fornecedor`
--
ALTER TABLE `sv_fornecedor`
  ADD PRIMARY KEY (`id`),
  ADD UNIQUE KEY `descricao` (`descricao`);

--
-- Indexes for table `sv_grupo_materia_prima`
--
ALTER TABLE `sv_grupo_materia_prima`
  ADD PRIMARY KEY (`id`);

--
-- Indexes for table `sv_itens_produto_has_pedidos`
--
ALTER TABLE `sv_itens_produto_has_pedidos`
  ADD PRIMARY KEY (`id`),
  ADD KEY `fk_sv_produto_has_pedidos_has_sv_materia_prima_sv_produto_h_idx` (`produto_has_pedidos_id`),
  ADD KEY `fk_sv_produto_has_pedidos_has_sv_materia_prima_sv_materia_p_idx` (`materia_prima_id`);

--
-- Indexes for table `sv_materia_prima`
--
ALTER TABLE `sv_materia_prima`
  ADD PRIMARY KEY (`id`);

--
-- Indexes for table `sv_matprimtecido`
--
ALTER TABLE `sv_matprimtecido`
  ADD PRIMARY KEY (`id`);

--
-- Indexes for table `sv_modelo`
--
ALTER TABLE `sv_modelo`
  ADD PRIMARY KEY (`id`);

--
-- Indexes for table `sv_peca`
--
ALTER TABLE `sv_peca`
  ADD PRIMARY KEY (`id`);

--
-- Indexes for table `sv_produto`
--
ALTER TABLE `sv_produto`
  ADD PRIMARY KEY (`id`);

--
-- Indexes for table `sv_produto_has_pedidos`
--
ALTER TABLE `sv_produto_has_pedidos`
  ADD PRIMARY KEY (`id`),
  ADD KEY `fk_sv_produto_has_pedidos_sv_produto1_idx` (`produto_id`),
  ADD KEY `fk_pedidos_id` (`pedidos_id`);

--
-- Indexes for table `sv_saida_estoque`
--
ALTER TABLE `sv_saida_estoque`
  ADD PRIMARY KEY (`id`),
  ADD KEY `fk_pedidos_has_sv_materia_prima_sv_materia_prima1_idx` (`materia_prima_id`),
  ADD KEY `pedidos_id` (`pedidos_id`);

--
-- Indexes for table `sv_tamanho_produto_has_pedidos`
--
ALTER TABLE `sv_tamanho_produto_has_pedidos`
  ADD PRIMARY KEY (`id`);

--
-- Indexes for table `sv_tecido`
--
ALTER TABLE `sv_tecido`
  ADD PRIMARY KEY (`id`);

--
-- Indexes for table `sv_terceirizado`
--
ALTER TABLE `sv_terceirizado`
  ADD PRIMARY KEY (`id`),
  ADD UNIQUE KEY `descricao` (`descricao`);

--
-- Indexes for table `sv_vendedor`
--
ALTER TABLE `sv_vendedor`
  ADD PRIMARY KEY (`id`),
  ADD UNIQUE KEY `vendedor_UNIQUE` (`descricao`);

--
-- Indexes for table `tabelas`
--
ALTER TABLE `tabelas`
  ADD PRIMARY KEY (`id`);

--
-- Indexes for table `tabelas_has_produtos`
--
ALTER TABLE `tabelas_has_produtos`
  ADD PRIMARY KEY (`id`),
  ADD KEY `fk_tabelas_has_produtos_tabelas1` (`tabelas_id`),
  ADD KEY `fk_tabelas_has_produtos_produtos1` (`produtos_id`);

--
-- Indexes for table `usuarios`
--
ALTER TABLE `usuarios`
  ADD PRIMARY KEY (`id`);

--
-- AUTO_INCREMENT for dumped tables
--

--
-- AUTO_INCREMENT for table `bairros`
--
ALTER TABLE `bairros`
  MODIFY `id` int(11) NOT NULL AUTO_INCREMENT,AUTO_INCREMENT=27;
--
-- AUTO_INCREMENT for table `categoria`
--
ALTER TABLE `categoria`
  MODIFY `id` int(11) NOT NULL AUTO_INCREMENT,AUTO_INCREMENT=7;
--
-- AUTO_INCREMENT for table `chm_chamado`
--
ALTER TABLE `chm_chamado`
  MODIFY `id` int(11) NOT NULL AUTO_INCREMENT,AUTO_INCREMENT=43;
--
-- AUTO_INCREMENT for table `chm_historico`
--
ALTER TABLE `chm_historico`
  MODIFY `id` int(11) NOT NULL AUTO_INCREMENT,AUTO_INCREMENT=288;
--
-- AUTO_INCREMENT for table `clientes`
--
ALTER TABLE `clientes`
  MODIFY `id` int(11) NOT NULL AUTO_INCREMENT,AUTO_INCREMENT=339;
--
-- AUTO_INCREMENT for table `clientes_has_tabelas`
--
ALTER TABLE `clientes_has_tabelas`
  MODIFY `id` int(11) NOT NULL AUTO_INCREMENT,AUTO_INCREMENT=404;
--
-- AUTO_INCREMENT for table `controle`
--
ALTER TABLE `controle`
  MODIFY `id` int(11) NOT NULL AUTO_INCREMENT;
--
-- AUTO_INCREMENT for table `fluxos`
--
ALTER TABLE `fluxos`
  MODIFY `id` int(11) NOT NULL AUTO_INCREMENT,AUTO_INCREMENT=14998;
--
-- AUTO_INCREMENT for table `fornecedor_pedido_produto`
--
ALTER TABLE `fornecedor_pedido_produto`
  MODIFY `id` int(11) NOT NULL AUTO_INCREMENT,AUTO_INCREMENT=71;
--
-- AUTO_INCREMENT for table `log`
--
ALTER TABLE `log`
  MODIFY `id` int(11) NOT NULL AUTO_INCREMENT;
--
-- AUTO_INCREMENT for table `parte_acrescimo_aviamento`
--
ALTER TABLE `parte_acrescimo_aviamento`
  MODIFY `id` int(11) NOT NULL AUTO_INCREMENT,AUTO_INCREMENT=143;
--
-- AUTO_INCREMENT for table `parte_acrescimo_has_tipo_aviamento`
--
ALTER TABLE `parte_acrescimo_has_tipo_aviamento`
  MODIFY `id` int(11) NOT NULL AUTO_INCREMENT,AUTO_INCREMENT=102;
--
-- AUTO_INCREMENT for table `pedidos`
--
ALTER TABLE `pedidos`
  MODIFY `id` int(11) NOT NULL AUTO_INCREMENT,AUTO_INCREMENT=333;
--
-- AUTO_INCREMENT for table `pedidos_has_produtos`
--
ALTER TABLE `pedidos_has_produtos`
  MODIFY `id` int(11) NOT NULL AUTO_INCREMENT;
--
-- AUTO_INCREMENT for table `permissoes`
--
ALTER TABLE `permissoes`
  MODIFY `id` int(11) NOT NULL AUTO_INCREMENT,AUTO_INCREMENT=8;
--
-- AUTO_INCREMENT for table `produtos`
--
ALTER TABLE `produtos`
  MODIFY `id` int(11) NOT NULL AUTO_INCREMENT,AUTO_INCREMENT=140;
--
-- AUTO_INCREMENT for table `rotas`
--
ALTER TABLE `rotas`
  MODIFY `id` int(11) NOT NULL AUTO_INCREMENT,AUTO_INCREMENT=10;
--
-- AUTO_INCREMENT for table `status`
--
ALTER TABLE `status`
  MODIFY `id` int(11) NOT NULL AUTO_INCREMENT,AUTO_INCREMENT=9;
--
-- AUTO_INCREMENT for table `sv_aviamento_has_parte_acrescimo`
--
ALTER TABLE `sv_aviamento_has_parte_acrescimo`
  MODIFY `id` int(11) NOT NULL AUTO_INCREMENT;
--
-- AUTO_INCREMENT for table `sv_bkp_entrada_estoque`
--
ALTER TABLE `sv_bkp_entrada_estoque`
  MODIFY `id` int(11) NOT NULL AUTO_INCREMENT,AUTO_INCREMENT=46;
--
-- AUTO_INCREMENT for table `sv_categoria`
--
ALTER TABLE `sv_categoria`
  MODIFY `id` int(10) NOT NULL AUTO_INCREMENT,AUTO_INCREMENT=81;
--
-- AUTO_INCREMENT for table `sv_codigo`
--
ALTER TABLE `sv_codigo`
  MODIFY `id` int(11) NOT NULL AUTO_INCREMENT,AUTO_INCREMENT=42;
--
-- AUTO_INCREMENT for table `sv_cor`
--
ALTER TABLE `sv_cor`
  MODIFY `id` int(11) NOT NULL AUTO_INCREMENT,AUTO_INCREMENT=28;
--
-- AUTO_INCREMENT for table `sv_entrada_estoque`
--
ALTER TABLE `sv_entrada_estoque`
  MODIFY `id` int(11) NOT NULL AUTO_INCREMENT,AUTO_INCREMENT=8;
--
-- AUTO_INCREMENT for table `sv_envio_confeccao`
--
ALTER TABLE `sv_envio_confeccao`
  MODIFY `id` int(11) NOT NULL AUTO_INCREMENT;
--
-- AUTO_INCREMENT for table `sv_envio_materia_prima`
--
ALTER TABLE `sv_envio_materia_prima`
  MODIFY `id` int(11) NOT NULL AUTO_INCREMENT;
--
-- AUTO_INCREMENT for table `sv_fornecedor`
--
ALTER TABLE `sv_fornecedor`
  MODIFY `id` int(11) NOT NULL AUTO_INCREMENT,AUTO_INCREMENT=69;
--
-- AUTO_INCREMENT for table `sv_grupo_materia_prima`
--
ALTER TABLE `sv_grupo_materia_prima`
  MODIFY `id` int(11) NOT NULL AUTO_INCREMENT,AUTO_INCREMENT=43;
--
-- AUTO_INCREMENT for table `sv_itens_produto_has_pedidos`
--
ALTER TABLE `sv_itens_produto_has_pedidos`
  MODIFY `id` int(11) NOT NULL AUTO_INCREMENT,AUTO_INCREMENT=10810;
--
-- AUTO_INCREMENT for table `sv_materia_prima`
--
ALTER TABLE `sv_materia_prima`
  MODIFY `id` int(11) NOT NULL AUTO_INCREMENT,AUTO_INCREMENT=248;
--
-- AUTO_INCREMENT for table `sv_matprimtecido`
--
ALTER TABLE `sv_matprimtecido`
  MODIFY `id` int(11) NOT NULL AUTO_INCREMENT,AUTO_INCREMENT=164;
--
-- AUTO_INCREMENT for table `sv_modelo`
--
ALTER TABLE `sv_modelo`
  MODIFY `id` int(11) NOT NULL AUTO_INCREMENT,AUTO_INCREMENT=48;
--
-- AUTO_INCREMENT for table `sv_peca`
--
ALTER TABLE `sv_peca`
  MODIFY `id` int(11) NOT NULL AUTO_INCREMENT,AUTO_INCREMENT=24;
--
-- AUTO_INCREMENT for table `sv_produto`
--
ALTER TABLE `sv_produto`
  MODIFY `id` int(11) NOT NULL AUTO_INCREMENT,AUTO_INCREMENT=63;
--
-- AUTO_INCREMENT for table `sv_produto_has_pedidos`
--
ALTER TABLE `sv_produto_has_pedidos`
  MODIFY `id` int(11) NOT NULL AUTO_INCREMENT,AUTO_INCREMENT=876;
--
-- AUTO_INCREMENT for table `sv_saida_estoque`
--
ALTER TABLE `sv_saida_estoque`
  MODIFY `id` int(11) NOT NULL AUTO_INCREMENT;
--
-- AUTO_INCREMENT for table `sv_tamanho_produto_has_pedidos`
--
ALTER TABLE `sv_tamanho_produto_has_pedidos`
  MODIFY `id` int(11) NOT NULL AUTO_INCREMENT,AUTO_INCREMENT=4678;
--
-- AUTO_INCREMENT for table `sv_tecido`
--
ALTER TABLE `sv_tecido`
  MODIFY `id` int(11) NOT NULL AUTO_INCREMENT,AUTO_INCREMENT=27;
--
-- AUTO_INCREMENT for table `sv_terceirizado`
--
ALTER TABLE `sv_terceirizado`
  MODIFY `id` int(11) NOT NULL AUTO_INCREMENT,AUTO_INCREMENT=59;
--
-- AUTO_INCREMENT for table `sv_vendedor`
--
ALTER TABLE `sv_vendedor`
  MODIFY `id` int(11) NOT NULL AUTO_INCREMENT,AUTO_INCREMENT=48;
--
-- AUTO_INCREMENT for table `tabelas`
--
ALTER TABLE `tabelas`
  MODIFY `id` int(11) NOT NULL AUTO_INCREMENT,AUTO_INCREMENT=22;
--
-- AUTO_INCREMENT for table `tabelas_has_produtos`
--
ALTER TABLE `tabelas_has_produtos`
  MODIFY `id` int(11) NOT NULL AUTO_INCREMENT;
--
-- AUTO_INCREMENT for table `usuarios`
--
ALTER TABLE `usuarios`
  MODIFY `id` int(11) NOT NULL AUTO_INCREMENT,AUTO_INCREMENT=10;